ISO-10303-21;
HEADER;
FILE_DESCRIPTION( ( 'STEP AP214' ), '1' );
FILE_NAME( 'C:/Users/KMIROS~1/AppData/Local/Temp/psolqas1333134146.stp', '2019-07-16T11:33:13', ( '' ), ( '' ), ' ', 'PARTsolutions', ' ' );
FILE_SCHEMA( ( 'AUTOMOTIVE_DESIGN { 1 0 10303 214 1 1 1 1 }' ) );
ENDSEC;
DATA;
#1 = PRODUCT_DEFINITION_CONTEXT( '', #9, 'design' );
#2 = APPLICATION_PROTOCOL_DEFINITION( 'international standard', 'automotive_design', 2001, #9 );
#3 = PRODUCT_CATEGORY_RELATIONSHIP( 'NONE', 'NONE', #10, #11 );
#4 = SHAPE_DEFINITION_REPRESENTATION( #12, #13 );
#5 =  ( GEOMETRIC_REPRESENTATION_CONTEXT( 3 )GLOBAL_UNCERTAINTY_ASSIGNED_CONTEXT( ( #16 ) )GLOBAL_UNIT_ASSIGNED_CONTEXT( ( #18, #19, #20 ) )REPRESENTATION_CONTEXT( 'NONE', 'WORKSPACE' ) );
#9 = APPLICATION_CONTEXT( 'core data for automotive mechanical design processes' );
#10 = PRODUCT_CATEGORY( 'part', 'NONE' );
#11 = PRODUCT_RELATED_PRODUCT_CATEGORY( 'detail', ' ', ( #22 ) );
#12 = PRODUCT_DEFINITION_SHAPE( 'NONE', 'NONE', #23 );
#13 = ADVANCED_BREP_SHAPE_REPRESENTATION( '1', ( #24, #25 ), #5 );
#16 = UNCERTAINTY_MEASURE_WITH_UNIT( LENGTH_MEASURE( 1.00000000000000E-06 ), #18, '', '' );
#18 =  ( CONVERSION_BASED_UNIT( 'METRE', #28 )LENGTH_UNIT(  )NAMED_UNIT( #31 ) );
#19 =  ( NAMED_UNIT( #33 )PLANE_ANGLE_UNIT(  )SI_UNIT( $, .RADIAN. ) );
#20 =  ( NAMED_UNIT( #33 )SI_UNIT( $, .STERADIAN. )SOLID_ANGLE_UNIT(  ) );
#22 = PRODUCT( '1', '1', 'PART-1-DESC', ( #39 ) );
#23 = PRODUCT_DEFINITION( 'NONE', 'NONE', #40, #1 );
#24 = MANIFOLD_SOLID_BREP( '1', #41 );
#25 = AXIS2_PLACEMENT_3D( '', #42, #43, #44 );
#28 = LENGTH_MEASURE_WITH_UNIT( LENGTH_MEASURE( 1.00000000000000 ), #45 );
#31 = DIMENSIONAL_EXPONENTS( 1.00000000000000, 0.000000000000000, 0.000000000000000, 0.000000000000000, 0.000000000000000, 0.000000000000000, 0.000000000000000 );
#33 = DIMENSIONAL_EXPONENTS( 0.000000000000000, 0.000000000000000, 0.000000000000000, 0.000000000000000, 0.000000000000000, 0.000000000000000, 0.000000000000000 );
#39 = PRODUCT_CONTEXT( '', #9, 'mechanical' );
#40 = PRODUCT_DEFINITION_FORMATION_WITH_SPECIFIED_SOURCE( ' ', 'NONE', #22, .NOT_KNOWN. );
#41 = CLOSED_SHELL( '', ( #46, #47, #48, #49, #50, #51, #52, #53, #54, #55, #56, #57, #58, #59, #60, #61, #62, #63, #64, #65, #66, #67, #68, #69, #70, #71, #72, #73, #74, #75, #76, #77, #78, #79, #80, #81, #82, #83, #84, #85, #86, #87, #88, #89, #90, #91, #92, #93, #94, #95, #96, #97, #98, #99, #100, #101, #102, #103, #104, #105, #106, #107, #108, #109, #110, #111, #112, #113, #114, #115, #116, #117, #118, #119, #120, #121, #122, #123, #124, #125, #126, #127, #128, #129, #130, #131, #132, #133, #134, #135, #136, #137, #138, #139, #140, #141, #142, #143, #144, #145, #146, #147, #148, #149, #150, #151, #152, #153, #154, #155, #156, #157, #158, #159, #160, #161, #162, #163, #164, #165, #166, #167, #168, #169, #170, #171, #172, #173, #174, #175, #176, #177, #178, #179, #180, #181, #182, #183, #184, #185, #186, #187, #188, #189, #190, #191, #192, #193, #194, #195, #196, #197, #198, #199, #200, #201, #202, #203, #204, #205, #206, #207, #208, #209, #210, #211, #212, #213 ) );
#42 = CARTESIAN_POINT( '', ( 0.000000000000000, 0.000000000000000, 0.000000000000000 ) );
#43 = DIRECTION( '', ( 0.000000000000000, 0.000000000000000, 1.00000000000000 ) );
#44 = DIRECTION( '', ( 1.00000000000000, 0.000000000000000, 0.000000000000000 ) );
#45 =  ( LENGTH_UNIT(  )NAMED_UNIT( #31 )SI_UNIT( $, .METRE. ) );
#46 = ADVANCED_FACE( '', ( #215 ), #216, .F. );
#47 = ADVANCED_FACE( '', ( #217 ), #218, .F. );
#48 = ADVANCED_FACE( '', ( #219 ), #220, .F. );
#49 = ADVANCED_FACE( '', ( #221 ), #222, .F. );
#50 = ADVANCED_FACE( '', ( #223 ), #224, .F. );
#51 = ADVANCED_FACE( '', ( #225 ), #226, .F. );
#52 = ADVANCED_FACE( '', ( #227 ), #228, .T. );
#53 = ADVANCED_FACE( '', ( #229 ), #230, .T. );
#54 = ADVANCED_FACE( '', ( #231 ), #232, .T. );
#55 = ADVANCED_FACE( '', ( #233 ), #234, .T. );
#56 = ADVANCED_FACE( '', ( #235 ), #236, .T. );
#57 = ADVANCED_FACE( '', ( #237 ), #238, .T. );
#58 = ADVANCED_FACE( '', ( #239 ), #240, .T. );
#59 = ADVANCED_FACE( '', ( #241 ), #242, .T. );
#60 = ADVANCED_FACE( '', ( #243 ), #244, .T. );
#61 = ADVANCED_FACE( '', ( #245 ), #246, .T. );
#62 = ADVANCED_FACE( '', ( #247 ), #248, .T. );
#63 = ADVANCED_FACE( '', ( #249 ), #250, .T. );
#64 = ADVANCED_FACE( '', ( #251 ), #252, .T. );
#65 = ADVANCED_FACE( '', ( #253 ), #254, .T. );
#66 = ADVANCED_FACE( '', ( #255 ), #256, .T. );
#67 = ADVANCED_FACE( '', ( #257 ), #258, .T. );
#68 = ADVANCED_FACE( '', ( #259 ), #260, .F. );
#69 = ADVANCED_FACE( '', ( #261 ), #262, .F. );
#70 = ADVANCED_FACE( '', ( #263 ), #264, .F. );
#71 = ADVANCED_FACE( '', ( #265 ), #266, .F. );
#72 = ADVANCED_FACE( '', ( #267 ), #268, .F. );
#73 = ADVANCED_FACE( '', ( #269 ), #270, .F. );
#74 = ADVANCED_FACE( '', ( #271 ), #272, .F. );
#75 = ADVANCED_FACE( '', ( #273 ), #274, .T. );
#76 = ADVANCED_FACE( '', ( #275 ), #276, .F. );
#77 = ADVANCED_FACE( '', ( #277 ), #278, .F. );
#78 = ADVANCED_FACE( '', ( #279 ), #280, .T. );
#79 = ADVANCED_FACE( '', ( #281 ), #282, .T. );
#80 = ADVANCED_FACE( '', ( #283 ), #284, .T. );
#81 = ADVANCED_FACE( '', ( #285 ), #286, .T. );
#82 = ADVANCED_FACE( '', ( #287 ), #288, .T. );
#83 = ADVANCED_FACE( '', ( #289 ), #290, .T. );
#84 = ADVANCED_FACE( '', ( #291 ), #292, .F. );
#85 = ADVANCED_FACE( '', ( #293 ), #294, .T. );
#86 = ADVANCED_FACE( '', ( #295 ), #296, .T. );
#87 = ADVANCED_FACE( '', ( #297 ), #298, .T. );
#88 = ADVANCED_FACE( '', ( #299, #300, #301, #302, #303, #304, #305, #306 ), #307, .T. );
#89 = ADVANCED_FACE( '', ( #308 ), #309, .T. );
#90 = ADVANCED_FACE( '', ( #310 ), #311, .T. );
#91 = ADVANCED_FACE( '', ( #312, #313, #314, #315, #316, #317, #318, #319 ), #320, .T. );
#92 = ADVANCED_FACE( '', ( #321 ), #322, .T. );
#93 = ADVANCED_FACE( '', ( #323 ), #324, .T. );
#94 = ADVANCED_FACE( '', ( #325 ), #326, .T. );
#95 = ADVANCED_FACE( '', ( #327 ), #328, .T. );
#96 = ADVANCED_FACE( '', ( #329 ), #330, .T. );
#97 = ADVANCED_FACE( '', ( #331 ), #332, .T. );
#98 = ADVANCED_FACE( '', ( #333 ), #334, .F. );
#99 = ADVANCED_FACE( '', ( #335 ), #336, .F. );
#100 = ADVANCED_FACE( '', ( #337 ), #338, .F. );
#101 = ADVANCED_FACE( '', ( #339 ), #340, .T. );
#102 = ADVANCED_FACE( '', ( #341 ), #342, .F. );
#103 = ADVANCED_FACE( '', ( #343 ), #344, .F. );
#104 = ADVANCED_FACE( '', ( #345 ), #346, .T. );
#105 = ADVANCED_FACE( '', ( #347 ), #348, .T. );
#106 = ADVANCED_FACE( '', ( #349 ), #350, .T. );
#107 = ADVANCED_FACE( '', ( #351 ), #352, .T. );
#108 = ADVANCED_FACE( '', ( #353 ), #354, .F. );
#109 = ADVANCED_FACE( '', ( #355 ), #356, .T. );
#110 = ADVANCED_FACE( '', ( #357 ), #358, .T. );
#111 = ADVANCED_FACE( '', ( #359 ), #360, .T. );
#112 = ADVANCED_FACE( '', ( #361 ), #362, .T. );
#113 = ADVANCED_FACE( '', ( #363 ), #364, .T. );
#114 = ADVANCED_FACE( '', ( #365 ), #366, .T. );
#115 = ADVANCED_FACE( '', ( #367 ), #368, .F. );
#116 = ADVANCED_FACE( '', ( #369 ), #370, .F. );
#117 = ADVANCED_FACE( '', ( #371 ), #372, .F. );
#118 = ADVANCED_FACE( '', ( #373 ), #374, .T. );
#119 = ADVANCED_FACE( '', ( #375 ), #376, .F. );
#120 = ADVANCED_FACE( '', ( #377 ), #378, .F. );
#121 = ADVANCED_FACE( '', ( #379 ), #380, .T. );
#122 = ADVANCED_FACE( '', ( #381 ), #382, .F. );
#123 = ADVANCED_FACE( '', ( #383 ), #384, .T. );
#124 = ADVANCED_FACE( '', ( #385 ), #386, .F. );
#125 = ADVANCED_FACE( '', ( #387 ), #388, .T. );
#126 = ADVANCED_FACE( '', ( #389 ), #390, .F. );
#127 = ADVANCED_FACE( '', ( #391 ), #392, .F. );
#128 = ADVANCED_FACE( '', ( #393 ), #394, .F. );
#129 = ADVANCED_FACE( '', ( #395 ), #396, .F. );
#130 = ADVANCED_FACE( '', ( #397 ), #398, .F. );
#131 = ADVANCED_FACE( '', ( #399 ), #400, .T. );
#132 = ADVANCED_FACE( '', ( #401 ), #402, .T. );
#133 = ADVANCED_FACE( '', ( #403 ), #404, .T. );
#134 = ADVANCED_FACE( '', ( #405 ), #406, .T. );
#135 = ADVANCED_FACE( '', ( #407 ), #408, .T. );
#136 = ADVANCED_FACE( '', ( #409 ), #410, .T. );
#137 = ADVANCED_FACE( '', ( #411 ), #412, .F. );
#138 = ADVANCED_FACE( '', ( #413 ), #414, .F. );
#139 = ADVANCED_FACE( '', ( #415 ), #416, .F. );
#140 = ADVANCED_FACE( '', ( #417 ), #418, .F. );
#141 = ADVANCED_FACE( '', ( #419 ), #420, .T. );
#142 = ADVANCED_FACE( '', ( #421 ), #422, .T. );
#143 = ADVANCED_FACE( '', ( #423 ), #424, .T. );
#144 = ADVANCED_FACE( '', ( #425 ), #426, .F. );
#145 = ADVANCED_FACE( '', ( #427 ), #428, .T. );
#146 = ADVANCED_FACE( '', ( #429 ), #430, .T. );
#147 = ADVANCED_FACE( '', ( #431 ), #432, .T. );
#148 = ADVANCED_FACE( '', ( #433 ), #434, .T. );
#149 = ADVANCED_FACE( '', ( #435 ), #436, .T. );
#150 = ADVANCED_FACE( '', ( #437 ), #438, .F. );
#151 = ADVANCED_FACE( '', ( #439 ), #440, .T. );
#152 = ADVANCED_FACE( '', ( #441 ), #442, .T. );
#153 = ADVANCED_FACE( '', ( #443 ), #444, .T. );
#154 = ADVANCED_FACE( '', ( #445 ), #446, .T. );
#155 = ADVANCED_FACE( '', ( #447 ), #448, .T. );
#156 = ADVANCED_FACE( '', ( #449 ), #450, .T. );
#157 = ADVANCED_FACE( '', ( #451 ), #452, .F. );
#158 = ADVANCED_FACE( '', ( #453 ), #454, .T. );
#159 = ADVANCED_FACE( '', ( #455 ), #456, .T. );
#160 = ADVANCED_FACE( '', ( #457 ), #458, .T. );
#161 = ADVANCED_FACE( '', ( #459 ), #460, .F. );
#162 = ADVANCED_FACE( '', ( #461 ), #462, .F. );
#163 = ADVANCED_FACE( '', ( #463 ), #464, .T. );
#164 = ADVANCED_FACE( '', ( #465 ), #466, .F. );
#165 = ADVANCED_FACE( '', ( #467 ), #468, .T. );
#166 = ADVANCED_FACE( '', ( #469 ), #470, .T. );
#167 = ADVANCED_FACE( '', ( #471 ), #472, .F. );
#168 = ADVANCED_FACE( '', ( #473 ), #474, .T. );
#169 = ADVANCED_FACE( '', ( #475 ), #476, .T. );
#170 = ADVANCED_FACE( '', ( #477 ), #478, .F. );
#171 = ADVANCED_FACE( '', ( #479 ), #480, .F. );
#172 = ADVANCED_FACE( '', ( #481 ), #482, .F. );
#173 = ADVANCED_FACE( '', ( #483 ), #484, .T. );
#174 = ADVANCED_FACE( '', ( #485 ), #486, .T. );
#175 = ADVANCED_FACE( '', ( #487 ), #488, .T. );
#176 = ADVANCED_FACE( '', ( #489 ), #490, .T. );
#177 = ADVANCED_FACE( '', ( #491 ), #492, .F. );
#178 = ADVANCED_FACE( '', ( #493 ), #494, .T. );
#179 = ADVANCED_FACE( '', ( #495 ), #496, .F. );
#180 = ADVANCED_FACE( '', ( #497 ), #498, .F. );
#181 = ADVANCED_FACE( '', ( #499 ), #500, .T. );
#182 = ADVANCED_FACE( '', ( #501 ), #502, .T. );
#183 = ADVANCED_FACE( '', ( #503 ), #504, .T. );
#184 = ADVANCED_FACE( '', ( #505 ), #506, .T. );
#185 = ADVANCED_FACE( '', ( #507 ), #508, .T. );
#186 = ADVANCED_FACE( '', ( #509 ), #510, .F. );
#187 = ADVANCED_FACE( '', ( #511 ), #512, .T. );
#188 = ADVANCED_FACE( '', ( #513 ), #514, .F. );
#189 = ADVANCED_FACE( '', ( #515 ), #516, .F. );
#190 = ADVANCED_FACE( '', ( #517 ), #518, .F. );
#191 = ADVANCED_FACE( '', ( #519 ), #520, .F. );
#192 = ADVANCED_FACE( '', ( #521 ), #522, .T. );
#193 = ADVANCED_FACE( '', ( #523 ), #524, .T. );
#194 = ADVANCED_FACE( '', ( #525 ), #526, .T. );
#195 = ADVANCED_FACE( '', ( #527 ), #528, .T. );
#196 = ADVANCED_FACE( '', ( #529 ), #530, .T. );
#197 = ADVANCED_FACE( '', ( #531 ), #532, .T. );
#198 = ADVANCED_FACE( '', ( #533 ), #534, .T. );
#199 = ADVANCED_FACE( '', ( #535 ), #536, .T. );
#200 = ADVANCED_FACE( '', ( #537 ), #538, .T. );
#201 = ADVANCED_FACE( '', ( #539 ), #540, .T. );
#202 = ADVANCED_FACE( '', ( #541 ), #542, .T. );
#203 = ADVANCED_FACE( '', ( #543 ), #544, .F. );
#204 = ADVANCED_FACE( '', ( #545 ), #546, .F. );
#205 = ADVANCED_FACE( '', ( #547 ), #548, .T. );
#206 = ADVANCED_FACE( '', ( #549 ), #550, .F. );
#207 = ADVANCED_FACE( '', ( #551 ), #552, .T. );
#208 = ADVANCED_FACE( '', ( #553 ), #554, .T. );
#209 = ADVANCED_FACE( '', ( #555 ), #556, .T. );
#210 = ADVANCED_FACE( '', ( #557 ), #558, .T. );
#211 = ADVANCED_FACE( '', ( #559 ), #560, .F. );
#212 = ADVANCED_FACE( '', ( #561 ), #562, .T. );
#213 = ADVANCED_FACE( '', ( #563 ), #564, .T. );
#215 = FACE_OUTER_BOUND( '', #565, .T. );
#216 = CYLINDRICAL_SURFACE( '', #566, 0.000711200000000000 );
#217 = FACE_OUTER_BOUND( '', #567, .T. );
#218 = PLANE( '', #568 );
#219 = FACE_OUTER_BOUND( '', #569, .T. );
#220 = PLANE( '', #570 );
#221 = FACE_OUTER_BOUND( '', #571, .T. );
#222 = CYLINDRICAL_SURFACE( '', #572, 0.000711200000000000 );
#223 = FACE_OUTER_BOUND( '', #573, .T. );
#224 = PLANE( '', #574 );
#225 = FACE_OUTER_BOUND( '', #575, .T. );
#226 = PLANE( '', #576 );
#227 = FACE_OUTER_BOUND( '', #577, .T. );
#228 = PLANE( '', #578 );
#229 = FACE_OUTER_BOUND( '', #579, .T. );
#230 = PLANE( '', #580 );
#231 = FACE_OUTER_BOUND( '', #581, .T. );
#232 = PLANE( '', #582 );
#233 = FACE_OUTER_BOUND( '', #583, .T. );
#234 = PLANE( '', #584 );
#235 = FACE_OUTER_BOUND( '', #585, .T. );
#236 = PLANE( '', #586 );
#237 = FACE_OUTER_BOUND( '', #587, .T. );
#238 = PLANE( '', #588 );
#239 = FACE_OUTER_BOUND( '', #589, .T. );
#240 = PLANE( '', #590 );
#241 = FACE_OUTER_BOUND( '', #591, .T. );
#242 = PLANE( '', #592 );
#243 = FACE_OUTER_BOUND( '', #593, .T. );
#244 = PLANE( '', #594 );
#245 = FACE_OUTER_BOUND( '', #595, .T. );
#246 = PLANE( '', #596 );
#247 = FACE_OUTER_BOUND( '', #597, .T. );
#248 = PLANE( '', #598 );
#249 = FACE_OUTER_BOUND( '', #599, .T. );
#250 = PLANE( '', #600 );
#251 = FACE_OUTER_BOUND( '', #601, .T. );
#252 = PLANE( '', #602 );
#253 = FACE_OUTER_BOUND( '', #603, .T. );
#254 = PLANE( '', #604 );
#255 = FACE_OUTER_BOUND( '', #605, .T. );
#256 = PLANE( '', #606 );
#257 = FACE_OUTER_BOUND( '', #607, .T. );
#258 = PLANE( '', #608 );
#259 = FACE_OUTER_BOUND( '', #609, .T. );
#260 = PLANE( '', #610 );
#261 = FACE_OUTER_BOUND( '', #611, .T. );
#262 = PLANE( '', #612 );
#263 = FACE_OUTER_BOUND( '', #613, .T. );
#264 = CYLINDRICAL_SURFACE( '', #614, 0.000711200000000000 );
#265 = FACE_OUTER_BOUND( '', #615, .T. );
#266 = PLANE( '', #616 );
#267 = FACE_OUTER_BOUND( '', #617, .T. );
#268 = PLANE( '', #618 );
#269 = FACE_OUTER_BOUND( '', #619, .T. );
#270 = PLANE( '', #620 );
#271 = FACE_OUTER_BOUND( '', #621, .T. );
#272 = CYLINDRICAL_SURFACE( '', #622, 0.000711200000000000 );
#273 = FACE_OUTER_BOUND( '', #623, .T. );
#274 = PLANE( '', #624 );
#275 = FACE_OUTER_BOUND( '', #625, .T. );
#276 = PLANE( '', #626 );
#277 = FACE_OUTER_BOUND( '', #627, .T. );
#278 = PLANE( '', #628 );
#279 = FACE_OUTER_BOUND( '', #629, .T. );
#280 = PLANE( '', #630 );
#281 = FACE_OUTER_BOUND( '', #631, .T. );
#282 = PLANE( '', #632 );
#283 = FACE_OUTER_BOUND( '', #633, .T. );
#284 = PLANE( '', #634 );
#285 = FACE_OUTER_BOUND( '', #635, .T. );
#286 = PLANE( '', #636 );
#287 = FACE_OUTER_BOUND( '', #637, .T. );
#288 = PLANE( '', #638 );
#289 = FACE_OUTER_BOUND( '', #639, .T. );
#290 = PLANE( '', #640 );
#291 = FACE_OUTER_BOUND( '', #641, .T. );
#292 = PLANE( '', #642 );
#293 = FACE_OUTER_BOUND( '', #643, .T. );
#294 = PLANE( '', #644 );
#295 = FACE_OUTER_BOUND( '', #645, .T. );
#296 = PLANE( '', #646 );
#297 = FACE_OUTER_BOUND( '', #647, .T. );
#298 = PLANE( '', #648 );
#299 = FACE_OUTER_BOUND( '', #649, .T. );
#300 = FACE_BOUND( '', #650, .T. );
#301 = FACE_BOUND( '', #651, .T. );
#302 = FACE_BOUND( '', #652, .T. );
#303 = FACE_BOUND( '', #653, .T. );
#304 = FACE_BOUND( '', #654, .T. );
#305 = FACE_BOUND( '', #655, .T. );
#306 = FACE_BOUND( '', #656, .T. );
#307 = PLANE( '', #657 );
#308 = FACE_OUTER_BOUND( '', #658, .T. );
#309 = PLANE( '', #659 );
#310 = FACE_OUTER_BOUND( '', #660, .T. );
#311 = PLANE( '', #661 );
#312 = FACE_OUTER_BOUND( '', #662, .T. );
#313 = FACE_BOUND( '', #663, .T. );
#314 = FACE_BOUND( '', #664, .T. );
#315 = FACE_BOUND( '', #665, .T. );
#316 = FACE_BOUND( '', #666, .T. );
#317 = FACE_BOUND( '', #667, .T. );
#318 = FACE_BOUND( '', #668, .T. );
#319 = FACE_BOUND( '', #669, .T. );
#320 = PLANE( '', #670 );
#321 = FACE_OUTER_BOUND( '', #671, .T. );
#322 = PLANE( '', #672 );
#323 = FACE_OUTER_BOUND( '', #673, .T. );
#324 = PLANE( '', #674 );
#325 = FACE_OUTER_BOUND( '', #675, .T. );
#326 = PLANE( '', #676 );
#327 = FACE_OUTER_BOUND( '', #677, .T. );
#328 = PLANE( '', #678 );
#329 = FACE_OUTER_BOUND( '', #679, .T. );
#330 = PLANE( '', #680 );
#331 = FACE_OUTER_BOUND( '', #681, .T. );
#332 = PLANE( '', #682 );
#333 = FACE_OUTER_BOUND( '', #683, .T. );
#334 = PLANE( '', #684 );
#335 = FACE_OUTER_BOUND( '', #685, .T. );
#336 = PLANE( '', #686 );
#337 = FACE_OUTER_BOUND( '', #687, .T. );
#338 = CYLINDRICAL_SURFACE( '', #688, 0.000711200000000000 );
#339 = FACE_OUTER_BOUND( '', #689, .T. );
#340 = PLANE( '', #690 );
#341 = FACE_OUTER_BOUND( '', #691, .T. );
#342 = PLANE( '', #692 );
#343 = FACE_OUTER_BOUND( '', #693, .T. );
#344 = PLANE( '', #694 );
#345 = FACE_OUTER_BOUND( '', #695, .T. );
#346 = PLANE( '', #696 );
#347 = FACE_OUTER_BOUND( '', #697, .T. );
#348 = PLANE( '', #698 );
#349 = FACE_OUTER_BOUND( '', #699, .T. );
#350 = PLANE( '', #700 );
#351 = FACE_OUTER_BOUND( '', #701, .T. );
#352 = PLANE( '', #702 );
#353 = FACE_OUTER_BOUND( '', #703, .T. );
#354 = CYLINDRICAL_SURFACE( '', #704, 0.000711200000000000 );
#355 = FACE_OUTER_BOUND( '', #705, .T. );
#356 = PLANE( '', #706 );
#357 = FACE_OUTER_BOUND( '', #707, .T. );
#358 = PLANE( '', #708 );
#359 = FACE_OUTER_BOUND( '', #709, .T. );
#360 = PLANE( '', #710 );
#361 = FACE_OUTER_BOUND( '', #711, .T. );
#362 = PLANE( '', #712 );
#363 = FACE_OUTER_BOUND( '', #713, .T. );
#364 = PLANE( '', #714 );
#365 = FACE_OUTER_BOUND( '', #715, .T. );
#366 = PLANE( '', #716 );
#367 = FACE_OUTER_BOUND( '', #717, .T. );
#368 = CYLINDRICAL_SURFACE( '', #718, 0.000711200000000000 );
#369 = FACE_OUTER_BOUND( '', #719, .T. );
#370 = CYLINDRICAL_SURFACE( '', #720, 0.000711200000000000 );
#371 = FACE_OUTER_BOUND( '', #721, .T. );
#372 = PLANE( '', #722 );
#373 = FACE_OUTER_BOUND( '', #723, .T. );
#374 = PLANE( '', #724 );
#375 = FACE_OUTER_BOUND( '', #725, .T. );
#376 = CYLINDRICAL_SURFACE( '', #726, 0.000711200000000000 );
#377 = FACE_OUTER_BOUND( '', #727, .T. );
#378 = PLANE( '', #728 );
#379 = FACE_OUTER_BOUND( '', #729, .T. );
#380 = PLANE( '', #730 );
#381 = FACE_OUTER_BOUND( '', #731, .T. );
#382 = PLANE( '', #732 );
#383 = FACE_OUTER_BOUND( '', #733, .T. );
#384 = PLANE( '', #734 );
#385 = FACE_OUTER_BOUND( '', #735, .T. );
#386 = PLANE( '', #736 );
#387 = FACE_OUTER_BOUND( '', #737, .T. );
#388 = PLANE( '', #738 );
#389 = FACE_OUTER_BOUND( '', #739, .T. );
#390 = CYLINDRICAL_SURFACE( '', #740, 0.000711200000000000 );
#391 = FACE_OUTER_BOUND( '', #741, .T. );
#392 = PLANE( '', #742 );
#393 = FACE_OUTER_BOUND( '', #743, .T. );
#394 = CYLINDRICAL_SURFACE( '', #744, 0.000711200000000000 );
#395 = FACE_OUTER_BOUND( '', #745, .T. );
#396 = PLANE( '', #746 );
#397 = FACE_OUTER_BOUND( '', #747, .T. );
#398 = PLANE( '', #748 );
#399 = FACE_OUTER_BOUND( '', #749, .T. );
#400 = PLANE( '', #750 );
#401 = FACE_OUTER_BOUND( '', #751, .T. );
#402 = PLANE( '', #752 );
#403 = FACE_OUTER_BOUND( '', #753, .T. );
#404 = PLANE( '', #754 );
#405 = FACE_OUTER_BOUND( '', #755, .T. );
#406 = PLANE( '', #756 );
#407 = FACE_OUTER_BOUND( '', #757, .T. );
#408 = PLANE( '', #758 );
#409 = FACE_OUTER_BOUND( '', #759, .T. );
#410 = PLANE( '', #760 );
#411 = FACE_OUTER_BOUND( '', #761, .T. );
#412 = PLANE( '', #762 );
#413 = FACE_OUTER_BOUND( '', #763, .T. );
#414 = PLANE( '', #764 );
#415 = FACE_OUTER_BOUND( '', #765, .T. );
#416 = PLANE( '', #766 );
#417 = FACE_OUTER_BOUND( '', #767, .T. );
#418 = PLANE( '', #768 );
#419 = FACE_OUTER_BOUND( '', #769, .T. );
#420 = PLANE( '', #770 );
#421 = FACE_OUTER_BOUND( '', #771, .T. );
#422 = PLANE( '', #772 );
#423 = FACE_OUTER_BOUND( '', #773, .T. );
#424 = PLANE( '', #774 );
#425 = FACE_OUTER_BOUND( '', #775, .T. );
#426 = PLANE( '', #776 );
#427 = FACE_OUTER_BOUND( '', #777, .T. );
#428 = PLANE( '', #778 );
#429 = FACE_OUTER_BOUND( '', #779, .T. );
#430 = PLANE( '', #780 );
#431 = FACE_OUTER_BOUND( '', #781, .T. );
#432 = PLANE( '', #782 );
#433 = FACE_OUTER_BOUND( '', #783, .T. );
#434 = PLANE( '', #784 );
#435 = FACE_OUTER_BOUND( '', #785, .T. );
#436 = PLANE( '', #786 );
#437 = FACE_OUTER_BOUND( '', #787, .T. );
#438 = PLANE( '', #788 );
#439 = FACE_OUTER_BOUND( '', #789, .T. );
#440 = PLANE( '', #790 );
#441 = FACE_OUTER_BOUND( '', #791, .T. );
#442 = PLANE( '', #792 );
#443 = FACE_OUTER_BOUND( '', #793, .T. );
#444 = PLANE( '', #794 );
#445 = FACE_OUTER_BOUND( '', #795, .T. );
#446 = PLANE( '', #796 );
#447 = FACE_OUTER_BOUND( '', #797, .T. );
#448 = PLANE( '', #798 );
#449 = FACE_OUTER_BOUND( '', #799, .T. );
#450 = PLANE( '', #800 );
#451 = FACE_OUTER_BOUND( '', #801, .T. );
#452 = PLANE( '', #802 );
#453 = FACE_OUTER_BOUND( '', #803, .T. );
#454 = PLANE( '', #804 );
#455 = FACE_OUTER_BOUND( '', #805, .T. );
#456 = PLANE( '', #806 );
#457 = FACE_OUTER_BOUND( '', #807, .T. );
#458 = PLANE( '', #808 );
#459 = FACE_OUTER_BOUND( '', #809, .T. );
#460 = PLANE( '', #810 );
#461 = FACE_OUTER_BOUND( '', #811, .T. );
#462 = PLANE( '', #812 );
#463 = FACE_OUTER_BOUND( '', #813, .T. );
#464 = PLANE( '', #814 );
#465 = FACE_OUTER_BOUND( '', #815, .T. );
#466 = PLANE( '', #816 );
#467 = FACE_OUTER_BOUND( '', #817, .T. );
#468 = PLANE( '', #818 );
#469 = FACE_OUTER_BOUND( '', #819, .T. );
#470 = PLANE( '', #820 );
#471 = FACE_OUTER_BOUND( '', #821, .T. );
#472 = PLANE( '', #822 );
#473 = FACE_OUTER_BOUND( '', #823, .T. );
#474 = PLANE( '', #824 );
#475 = FACE_OUTER_BOUND( '', #825, .T. );
#476 = PLANE( '', #826 );
#477 = FACE_OUTER_BOUND( '', #827, .T. );
#478 = PLANE( '', #828 );
#479 = FACE_OUTER_BOUND( '', #829, .T. );
#480 = PLANE( '', #830 );
#481 = FACE_OUTER_BOUND( '', #831, .T. );
#482 = PLANE( '', #832 );
#483 = FACE_OUTER_BOUND( '', #833, .T. );
#484 = PLANE( '', #834 );
#485 = FACE_OUTER_BOUND( '', #835, .T. );
#486 = PLANE( '', #836 );
#487 = FACE_OUTER_BOUND( '', #837, .T. );
#488 = PLANE( '', #838 );
#489 = FACE_OUTER_BOUND( '', #839, .T. );
#490 = PLANE( '', #840 );
#491 = FACE_OUTER_BOUND( '', #841, .T. );
#492 = PLANE( '', #842 );
#493 = FACE_OUTER_BOUND( '', #843, .T. );
#494 = PLANE( '', #844 );
#495 = FACE_OUTER_BOUND( '', #845, .T. );
#496 = PLANE( '', #846 );
#497 = FACE_OUTER_BOUND( '', #847, .T. );
#498 = PLANE( '', #848 );
#499 = FACE_OUTER_BOUND( '', #849, .T. );
#500 = PLANE( '', #850 );
#501 = FACE_OUTER_BOUND( '', #851, .T. );
#502 = PLANE( '', #852 );
#503 = FACE_OUTER_BOUND( '', #853, .T. );
#504 = PLANE( '', #854 );
#505 = FACE_OUTER_BOUND( '', #855, .T. );
#506 = PLANE( '', #856 );
#507 = FACE_OUTER_BOUND( '', #857, .T. );
#508 = PLANE( '', #858 );
#509 = FACE_OUTER_BOUND( '', #859, .T. );
#510 = PLANE( '', #860 );
#511 = FACE_OUTER_BOUND( '', #861, .T. );
#512 = PLANE( '', #862 );
#513 = FACE_OUTER_BOUND( '', #863, .T. );
#514 = PLANE( '', #864 );
#515 = FACE_OUTER_BOUND( '', #865, .T. );
#516 = PLANE( '', #866 );
#517 = FACE_OUTER_BOUND( '', #867, .T. );
#518 = PLANE( '', #868 );
#519 = FACE_OUTER_BOUND( '', #869, .T. );
#520 = CYLINDRICAL_SURFACE( '', #870, 0.000711200000000000 );
#521 = FACE_OUTER_BOUND( '', #871, .T. );
#522 = PLANE( '', #872 );
#523 = FACE_OUTER_BOUND( '', #873, .T. );
#524 = PLANE( '', #874 );
#525 = FACE_OUTER_BOUND( '', #875, .T. );
#526 = PLANE( '', #876 );
#527 = FACE_OUTER_BOUND( '', #877, .T. );
#528 = PLANE( '', #878 );
#529 = FACE_OUTER_BOUND( '', #879, .T. );
#530 = PLANE( '', #880 );
#531 = FACE_OUTER_BOUND( '', #881, .T. );
#532 = PLANE( '', #882 );
#533 = FACE_OUTER_BOUND( '', #883, .T. );
#534 = PLANE( '', #884 );
#535 = FACE_OUTER_BOUND( '', #885, .T. );
#536 = PLANE( '', #886 );
#537 = FACE_OUTER_BOUND( '', #887, .T. );
#538 = PLANE( '', #888 );
#539 = FACE_OUTER_BOUND( '', #889, .T. );
#540 = PLANE( '', #890 );
#541 = FACE_OUTER_BOUND( '', #891, .T. );
#542 = PLANE( '', #892 );
#543 = FACE_OUTER_BOUND( '', #893, .T. );
#544 = PLANE( '', #894 );
#545 = FACE_OUTER_BOUND( '', #895, .T. );
#546 = PLANE( '', #896 );
#547 = FACE_OUTER_BOUND( '', #897, .T. );
#548 = PLANE( '', #898 );
#549 = FACE_OUTER_BOUND( '', #899, .T. );
#550 = PLANE( '', #900 );
#551 = FACE_OUTER_BOUND( '', #901, .T. );
#552 = PLANE( '', #902 );
#553 = FACE_OUTER_BOUND( '', #903, .T. );
#554 = PLANE( '', #904 );
#555 = FACE_OUTER_BOUND( '', #905, .T. );
#556 = PLANE( '', #906 );
#557 = FACE_OUTER_BOUND( '', #907, .T. );
#558 = PLANE( '', #908 );
#559 = FACE_OUTER_BOUND( '', #909, .T. );
#560 = PLANE( '', #910 );
#561 = FACE_OUTER_BOUND( '', #911, .T. );
#562 = PLANE( '', #912 );
#563 = FACE_OUTER_BOUND( '', #913, .T. );
#564 = PLANE( '', #914 );
#565 = EDGE_LOOP( '', ( #915, #916, #917, #918 ) );
#566 = AXIS2_PLACEMENT_3D( '', #919, #920, #921 );
#567 = EDGE_LOOP( '', ( #922, #923, #924, #925 ) );
#568 = AXIS2_PLACEMENT_3D( '', #926, #927, #928 );
#569 = EDGE_LOOP( '', ( #929, #930, #931, #932 ) );
#570 = AXIS2_PLACEMENT_3D( '', #933, #934, #935 );
#571 = EDGE_LOOP( '', ( #936, #937, #938, #939 ) );
#572 = AXIS2_PLACEMENT_3D( '', #940, #941, #942 );
#573 = EDGE_LOOP( '', ( #943, #944, #945, #946, #947, #948 ) );
#574 = AXIS2_PLACEMENT_3D( '', #949, #950, #951 );
#575 = EDGE_LOOP( '', ( #952, #953, #954, #955, #956, #957 ) );
#576 = AXIS2_PLACEMENT_3D( '', #958, #959, #960 );
#577 = EDGE_LOOP( '', ( #961, #962, #963, #964 ) );
#578 = AXIS2_PLACEMENT_3D( '', #965, #966, #967 );
#579 = EDGE_LOOP( '', ( #968, #969, #970, #971 ) );
#580 = AXIS2_PLACEMENT_3D( '', #972, #973, #974 );
#581 = EDGE_LOOP( '', ( #975, #976, #977, #978 ) );
#582 = AXIS2_PLACEMENT_3D( '', #979, #980, #981 );
#583 = EDGE_LOOP( '', ( #982, #983, #984, #985 ) );
#584 = AXIS2_PLACEMENT_3D( '', #986, #987, #988 );
#585 = EDGE_LOOP( '', ( #989, #990, #991, #992 ) );
#586 = AXIS2_PLACEMENT_3D( '', #993, #994, #995 );
#587 = EDGE_LOOP( '', ( #996, #997, #998, #999 ) );
#588 = AXIS2_PLACEMENT_3D( '', #1000, #1001, #1002 );
#589 = EDGE_LOOP( '', ( #1003, #1004, #1005, #1006 ) );
#590 = AXIS2_PLACEMENT_3D( '', #1007, #1008, #1009 );
#591 = EDGE_LOOP( '', ( #1010, #1011, #1012, #1013 ) );
#592 = AXIS2_PLACEMENT_3D( '', #1014, #1015, #1016 );
#593 = EDGE_LOOP( '', ( #1017, #1018, #1019, #1020, #1021, #1022 ) );
#594 = AXIS2_PLACEMENT_3D( '', #1023, #1024, #1025 );
#595 = EDGE_LOOP( '', ( #1026, #1027, #1028, #1029 ) );
#596 = AXIS2_PLACEMENT_3D( '', #1030, #1031, #1032 );
#597 = EDGE_LOOP( '', ( #1033, #1034, #1035, #1036 ) );
#598 = AXIS2_PLACEMENT_3D( '', #1037, #1038, #1039 );
#599 = EDGE_LOOP( '', ( #1040, #1041, #1042, #1043 ) );
#600 = AXIS2_PLACEMENT_3D( '', #1044, #1045, #1046 );
#601 = EDGE_LOOP( '', ( #1047, #1048, #1049, #1050 ) );
#602 = AXIS2_PLACEMENT_3D( '', #1051, #1052, #1053 );
#603 = EDGE_LOOP( '', ( #1054, #1055, #1056, #1057 ) );
#604 = AXIS2_PLACEMENT_3D( '', #1058, #1059, #1060 );
#605 = EDGE_LOOP( '', ( #1061, #1062, #1063, #1064 ) );
#606 = AXIS2_PLACEMENT_3D( '', #1065, #1066, #1067 );
#607 = EDGE_LOOP( '', ( #1068, #1069, #1070, #1071 ) );
#608 = AXIS2_PLACEMENT_3D( '', #1072, #1073, #1074 );
#609 = EDGE_LOOP( '', ( #1075, #1076, #1077, #1078 ) );
#610 = AXIS2_PLACEMENT_3D( '', #1079, #1080, #1081 );
#611 = EDGE_LOOP( '', ( #1082, #1083, #1084, #1085 ) );
#612 = AXIS2_PLACEMENT_3D( '', #1086, #1087, #1088 );
#613 = EDGE_LOOP( '', ( #1089, #1090, #1091, #1092 ) );
#614 = AXIS2_PLACEMENT_3D( '', #1093, #1094, #1095 );
#615 = EDGE_LOOP( '', ( #1096, #1097, #1098, #1099 ) );
#616 = AXIS2_PLACEMENT_3D( '', #1100, #1101, #1102 );
#617 = EDGE_LOOP( '', ( #1103, #1104, #1105, #1106 ) );
#618 = AXIS2_PLACEMENT_3D( '', #1107, #1108, #1109 );
#619 = EDGE_LOOP( '', ( #1110, #1111, #1112, #1113 ) );
#620 = AXIS2_PLACEMENT_3D( '', #1114, #1115, #1116 );
#621 = EDGE_LOOP( '', ( #1117, #1118, #1119, #1120 ) );
#622 = AXIS2_PLACEMENT_3D( '', #1121, #1122, #1123 );
#623 = EDGE_LOOP( '', ( #1124, #1125, #1126, #1127 ) );
#624 = AXIS2_PLACEMENT_3D( '', #1128, #1129, #1130 );
#625 = EDGE_LOOP( '', ( #1131, #1132, #1133, #1134 ) );
#626 = AXIS2_PLACEMENT_3D( '', #1135, #1136, #1137 );
#627 = EDGE_LOOP( '', ( #1138, #1139, #1140, #1141 ) );
#628 = AXIS2_PLACEMENT_3D( '', #1142, #1143, #1144 );
#629 = EDGE_LOOP( '', ( #1145, #1146, #1147, #1148 ) );
#630 = AXIS2_PLACEMENT_3D( '', #1149, #1150, #1151 );
#631 = EDGE_LOOP( '', ( #1152, #1153, #1154, #1155 ) );
#632 = AXIS2_PLACEMENT_3D( '', #1156, #1157, #1158 );
#633 = EDGE_LOOP( '', ( #1159, #1160, #1161, #1162 ) );
#634 = AXIS2_PLACEMENT_3D( '', #1163, #1164, #1165 );
#635 = EDGE_LOOP( '', ( #1166, #1167, #1168, #1169 ) );
#636 = AXIS2_PLACEMENT_3D( '', #1170, #1171, #1172 );
#637 = EDGE_LOOP( '', ( #1173, #1174, #1175, #1176 ) );
#638 = AXIS2_PLACEMENT_3D( '', #1177, #1178, #1179 );
#639 = EDGE_LOOP( '', ( #1180, #1181, #1182, #1183 ) );
#640 = AXIS2_PLACEMENT_3D( '', #1184, #1185, #1186 );
#641 = EDGE_LOOP( '', ( #1187, #1188, #1189, #1190 ) );
#642 = AXIS2_PLACEMENT_3D( '', #1191, #1192, #1193 );
#643 = EDGE_LOOP( '', ( #1194, #1195, #1196, #1197, #1198, #1199 ) );
#644 = AXIS2_PLACEMENT_3D( '', #1200, #1201, #1202 );
#645 = EDGE_LOOP( '', ( #1203, #1204, #1205, #1206, #1207, #1208, #1209, #1210, #1211, #1212, #1213, #1214 ) );
#646 = AXIS2_PLACEMENT_3D( '', #1215, #1216, #1217 );
#647 = EDGE_LOOP( '', ( #1218, #1219, #1220, #1221 ) );
#648 = AXIS2_PLACEMENT_3D( '', #1222, #1223, #1224 );
#649 = EDGE_LOOP( '', ( #1225, #1226, #1227, #1228, #1229, #1230, #1231, #1232, #1233, #1234, #1235, #1236, #1237, #1238, #1239, #1240, #1241, #1242, #1243, #1244, #1245, #1246, #1247, #1248, #1249, #1250, #1251, #1252, #1253, #1254, #1255, #1256, #1257, #1258, #1259, #1260, #1261, #1262, #1263, #1264 ) );
#650 = EDGE_LOOP( '', ( #1265, #1266, #1267, #1268, #1269, #1270 ) );
#651 = EDGE_LOOP( '', ( #1271, #1272, #1273, #1274, #1275, #1276 ) );
#652 = EDGE_LOOP( '', ( #1277, #1278, #1279, #1280, #1281, #1282 ) );
#653 = EDGE_LOOP( '', ( #1283, #1284, #1285, #1286, #1287, #1288 ) );
#654 = EDGE_LOOP( '', ( #1289, #1290, #1291, #1292 ) );
#655 = EDGE_LOOP( '', ( #1293, #1294, #1295, #1296 ) );
#656 = EDGE_LOOP( '', ( #1297, #1298, #1299, #1300 ) );
#657 = AXIS2_PLACEMENT_3D( '', #1301, #1302, #1303 );
#658 = EDGE_LOOP( '', ( #1304, #1305, #1306, #1307 ) );
#659 = AXIS2_PLACEMENT_3D( '', #1308, #1309, #1310 );
#660 = EDGE_LOOP( '', ( #1311, #1312, #1313, #1314 ) );
#661 = AXIS2_PLACEMENT_3D( '', #1315, #1316, #1317 );
#662 = EDGE_LOOP( '', ( #1318, #1319, #1320, #1321, #1322, #1323, #1324, #1325, #1326, #1327, #1328, #1329, #1330, #1331, #1332, #1333, #1334, #1335, #1336, #1337, #1338, #1339, #1340, #1341, #1342, #1343, #1344, #1345, #1346, #1347, #1348, #1349, #1350, #1351, #1352, #1353, #1354, #1355, #1356, #1357 ) );
#663 = EDGE_LOOP( '', ( #1358, #1359, #1360, #1361, #1362, #1363 ) );
#664 = EDGE_LOOP( '', ( #1364, #1365, #1366, #1367, #1368, #1369 ) );
#665 = EDGE_LOOP( '', ( #1370, #1371, #1372, #1373, #1374, #1375 ) );
#666 = EDGE_LOOP( '', ( #1376, #1377, #1378, #1379, #1380, #1381 ) );
#667 = EDGE_LOOP( '', ( #1382, #1383, #1384, #1385 ) );
#668 = EDGE_LOOP( '', ( #1386, #1387, #1388, #1389 ) );
#669 = EDGE_LOOP( '', ( #1390, #1391, #1392, #1393 ) );
#670 = AXIS2_PLACEMENT_3D( '', #1394, #1395, #1396 );
#671 = EDGE_LOOP( '', ( #1397, #1398, #1399, #1400 ) );
#672 = AXIS2_PLACEMENT_3D( '', #1401, #1402, #1403 );
#673 = EDGE_LOOP( '', ( #1404, #1405, #1406, #1407 ) );
#674 = AXIS2_PLACEMENT_3D( '', #1408, #1409, #1410 );
#675 = EDGE_LOOP( '', ( #1411, #1412, #1413, #1414 ) );
#676 = AXIS2_PLACEMENT_3D( '', #1415, #1416, #1417 );
#677 = EDGE_LOOP( '', ( #1418, #1419, #1420, #1421 ) );
#678 = AXIS2_PLACEMENT_3D( '', #1422, #1423, #1424 );
#679 = EDGE_LOOP( '', ( #1425, #1426, #1427, #1428 ) );
#680 = AXIS2_PLACEMENT_3D( '', #1429, #1430, #1431 );
#681 = EDGE_LOOP( '', ( #1432, #1433, #1434, #1435 ) );
#682 = AXIS2_PLACEMENT_3D( '', #1436, #1437, #1438 );
#683 = EDGE_LOOP( '', ( #1439, #1440, #1441, #1442 ) );
#684 = AXIS2_PLACEMENT_3D( '', #1443, #1444, #1445 );
#685 = EDGE_LOOP( '', ( #1446, #1447, #1448, #1449 ) );
#686 = AXIS2_PLACEMENT_3D( '', #1450, #1451, #1452 );
#687 = EDGE_LOOP( '', ( #1453, #1454, #1455, #1456 ) );
#688 = AXIS2_PLACEMENT_3D( '', #1457, #1458, #1459 );
#689 = EDGE_LOOP( '', ( #1460, #1461, #1462, #1463 ) );
#690 = AXIS2_PLACEMENT_3D( '', #1464, #1465, #1466 );
#691 = EDGE_LOOP( '', ( #1467, #1468, #1469, #1470 ) );
#692 = AXIS2_PLACEMENT_3D( '', #1471, #1472, #1473 );
#693 = EDGE_LOOP( '', ( #1474, #1475, #1476, #1477 ) );
#694 = AXIS2_PLACEMENT_3D( '', #1478, #1479, #1480 );
#695 = EDGE_LOOP( '', ( #1481, #1482, #1483, #1484 ) );
#696 = AXIS2_PLACEMENT_3D( '', #1485, #1486, #1487 );
#697 = EDGE_LOOP( '', ( #1488, #1489, #1490, #1491 ) );
#698 = AXIS2_PLACEMENT_3D( '', #1492, #1493, #1494 );
#699 = EDGE_LOOP( '', ( #1495, #1496, #1497, #1498 ) );
#700 = AXIS2_PLACEMENT_3D( '', #1499, #1500, #1501 );
#701 = EDGE_LOOP( '', ( #1502, #1503, #1504, #1505 ) );
#702 = AXIS2_PLACEMENT_3D( '', #1506, #1507, #1508 );
#703 = EDGE_LOOP( '', ( #1509, #1510, #1511, #1512 ) );
#704 = AXIS2_PLACEMENT_3D( '', #1513, #1514, #1515 );
#705 = EDGE_LOOP( '', ( #1516, #1517, #1518, #1519 ) );
#706 = AXIS2_PLACEMENT_3D( '', #1520, #1521, #1522 );
#707 = EDGE_LOOP( '', ( #1523, #1524, #1525, #1526 ) );
#708 = AXIS2_PLACEMENT_3D( '', #1527, #1528, #1529 );
#709 = EDGE_LOOP( '', ( #1530, #1531, #1532, #1533 ) );
#710 = AXIS2_PLACEMENT_3D( '', #1534, #1535, #1536 );
#711 = EDGE_LOOP( '', ( #1537, #1538, #1539, #1540 ) );
#712 = AXIS2_PLACEMENT_3D( '', #1541, #1542, #1543 );
#713 = EDGE_LOOP( '', ( #1544, #1545, #1546, #1547 ) );
#714 = AXIS2_PLACEMENT_3D( '', #1548, #1549, #1550 );
#715 = EDGE_LOOP( '', ( #1551, #1552, #1553, #1554 ) );
#716 = AXIS2_PLACEMENT_3D( '', #1555, #1556, #1557 );
#717 = EDGE_LOOP( '', ( #1558, #1559, #1560, #1561 ) );
#718 = AXIS2_PLACEMENT_3D( '', #1562, #1563, #1564 );
#719 = EDGE_LOOP( '', ( #1565, #1566, #1567, #1568 ) );
#720 = AXIS2_PLACEMENT_3D( '', #1569, #1570, #1571 );
#721 = EDGE_LOOP( '', ( #1572, #1573, #1574, #1575 ) );
#722 = AXIS2_PLACEMENT_3D( '', #1576, #1577, #1578 );
#723 = EDGE_LOOP( '', ( #1579, #1580, #1581, #1582 ) );
#724 = AXIS2_PLACEMENT_3D( '', #1583, #1584, #1585 );
#725 = EDGE_LOOP( '', ( #1586, #1587, #1588, #1589 ) );
#726 = AXIS2_PLACEMENT_3D( '', #1590, #1591, #1592 );
#727 = EDGE_LOOP( '', ( #1593, #1594, #1595, #1596 ) );
#728 = AXIS2_PLACEMENT_3D( '', #1597, #1598, #1599 );
#729 = EDGE_LOOP( '', ( #1600, #1601, #1602, #1603 ) );
#730 = AXIS2_PLACEMENT_3D( '', #1604, #1605, #1606 );
#731 = EDGE_LOOP( '', ( #1607, #1608, #1609, #1610 ) );
#732 = AXIS2_PLACEMENT_3D( '', #1611, #1612, #1613 );
#733 = EDGE_LOOP( '', ( #1614, #1615, #1616 ) );
#734 = AXIS2_PLACEMENT_3D( '', #1617, #1618, #1619 );
#735 = EDGE_LOOP( '', ( #1620, #1621, #1622, #1623 ) );
#736 = AXIS2_PLACEMENT_3D( '', #1624, #1625, #1626 );
#737 = EDGE_LOOP( '', ( #1627, #1628, #1629, #1630 ) );
#738 = AXIS2_PLACEMENT_3D( '', #1631, #1632, #1633 );
#739 = EDGE_LOOP( '', ( #1634, #1635, #1636, #1637 ) );
#740 = AXIS2_PLACEMENT_3D( '', #1638, #1639, #1640 );
#741 = EDGE_LOOP( '', ( #1641, #1642, #1643, #1644 ) );
#742 = AXIS2_PLACEMENT_3D( '', #1645, #1646, #1647 );
#743 = EDGE_LOOP( '', ( #1648, #1649, #1650, #1651 ) );
#744 = AXIS2_PLACEMENT_3D( '', #1652, #1653, #1654 );
#745 = EDGE_LOOP( '', ( #1655, #1656, #1657, #1658 ) );
#746 = AXIS2_PLACEMENT_3D( '', #1659, #1660, #1661 );
#747 = EDGE_LOOP( '', ( #1662, #1663, #1664, #1665 ) );
#748 = AXIS2_PLACEMENT_3D( '', #1666, #1667, #1668 );
#749 = EDGE_LOOP( '', ( #1669, #1670, #1671, #1672 ) );
#750 = AXIS2_PLACEMENT_3D( '', #1673, #1674, #1675 );
#751 = EDGE_LOOP( '', ( #1676, #1677, #1678, #1679 ) );
#752 = AXIS2_PLACEMENT_3D( '', #1680, #1681, #1682 );
#753 = EDGE_LOOP( '', ( #1683, #1684, #1685, #1686 ) );
#754 = AXIS2_PLACEMENT_3D( '', #1687, #1688, #1689 );
#755 = EDGE_LOOP( '', ( #1690, #1691, #1692, #1693 ) );
#756 = AXIS2_PLACEMENT_3D( '', #1694, #1695, #1696 );
#757 = EDGE_LOOP( '', ( #1697, #1698, #1699, #1700 ) );
#758 = AXIS2_PLACEMENT_3D( '', #1701, #1702, #1703 );
#759 = EDGE_LOOP( '', ( #1704, #1705, #1706 ) );
#760 = AXIS2_PLACEMENT_3D( '', #1707, #1708, #1709 );
#761 = EDGE_LOOP( '', ( #1710, #1711, #1712, #1713 ) );
#762 = AXIS2_PLACEMENT_3D( '', #1714, #1715, #1716 );
#763 = EDGE_LOOP( '', ( #1717, #1718, #1719, #1720 ) );
#764 = AXIS2_PLACEMENT_3D( '', #1721, #1722, #1723 );
#765 = EDGE_LOOP( '', ( #1724, #1725, #1726, #1727 ) );
#766 = AXIS2_PLACEMENT_3D( '', #1728, #1729, #1730 );
#767 = EDGE_LOOP( '', ( #1731, #1732, #1733, #1734 ) );
#768 = AXIS2_PLACEMENT_3D( '', #1735, #1736, #1737 );
#769 = EDGE_LOOP( '', ( #1738, #1739, #1740, #1741 ) );
#770 = AXIS2_PLACEMENT_3D( '', #1742, #1743, #1744 );
#771 = EDGE_LOOP( '', ( #1745, #1746, #1747, #1748 ) );
#772 = AXIS2_PLACEMENT_3D( '', #1749, #1750, #1751 );
#773 = EDGE_LOOP( '', ( #1752, #1753, #1754, #1755 ) );
#774 = AXIS2_PLACEMENT_3D( '', #1756, #1757, #1758 );
#775 = EDGE_LOOP( '', ( #1759, #1760, #1761, #1762 ) );
#776 = AXIS2_PLACEMENT_3D( '', #1763, #1764, #1765 );
#777 = EDGE_LOOP( '', ( #1766, #1767, #1768, #1769 ) );
#778 = AXIS2_PLACEMENT_3D( '', #1770, #1771, #1772 );
#779 = EDGE_LOOP( '', ( #1773, #1774, #1775, #1776 ) );
#780 = AXIS2_PLACEMENT_3D( '', #1777, #1778, #1779 );
#781 = EDGE_LOOP( '', ( #1780, #1781, #1782, #1783, #1784, #1785 ) );
#782 = AXIS2_PLACEMENT_3D( '', #1786, #1787, #1788 );
#783 = EDGE_LOOP( '', ( #1789, #1790, #1791, #1792 ) );
#784 = AXIS2_PLACEMENT_3D( '', #1793, #1794, #1795 );
#785 = EDGE_LOOP( '', ( #1796, #1797, #1798, #1799 ) );
#786 = AXIS2_PLACEMENT_3D( '', #1800, #1801, #1802 );
#787 = EDGE_LOOP( '', ( #1803, #1804, #1805, #1806 ) );
#788 = AXIS2_PLACEMENT_3D( '', #1807, #1808, #1809 );
#789 = EDGE_LOOP( '', ( #1810, #1811, #1812, #1813, #1814, #1815 ) );
#790 = AXIS2_PLACEMENT_3D( '', #1816, #1817, #1818 );
#791 = EDGE_LOOP( '', ( #1819, #1820, #1821, #1822, #1823, #1824 ) );
#792 = AXIS2_PLACEMENT_3D( '', #1825, #1826, #1827 );
#793 = EDGE_LOOP( '', ( #1828, #1829, #1830, #1831, #1832, #1833 ) );
#794 = AXIS2_PLACEMENT_3D( '', #1834, #1835, #1836 );
#795 = EDGE_LOOP( '', ( #1837, #1838, #1839, #1840, #1841, #1842 ) );
#796 = AXIS2_PLACEMENT_3D( '', #1843, #1844, #1845 );
#797 = EDGE_LOOP( '', ( #1846, #1847, #1848, #1849, #1850, #1851 ) );
#798 = AXIS2_PLACEMENT_3D( '', #1852, #1853, #1854 );
#799 = EDGE_LOOP( '', ( #1855, #1856, #1857, #1858, #1859, #1860 ) );
#800 = AXIS2_PLACEMENT_3D( '', #1861, #1862, #1863 );
#801 = EDGE_LOOP( '', ( #1864, #1865, #1866, #1867 ) );
#802 = AXIS2_PLACEMENT_3D( '', #1868, #1869, #1870 );
#803 = EDGE_LOOP( '', ( #1871, #1872, #1873, #1874 ) );
#804 = AXIS2_PLACEMENT_3D( '', #1875, #1876, #1877 );
#805 = EDGE_LOOP( '', ( #1878, #1879, #1880, #1881 ) );
#806 = AXIS2_PLACEMENT_3D( '', #1882, #1883, #1884 );
#807 = EDGE_LOOP( '', ( #1885, #1886, #1887, #1888 ) );
#808 = AXIS2_PLACEMENT_3D( '', #1889, #1890, #1891 );
#809 = EDGE_LOOP( '', ( #1892, #1893, #1894, #1895 ) );
#810 = AXIS2_PLACEMENT_3D( '', #1896, #1897, #1898 );
#811 = EDGE_LOOP( '', ( #1899, #1900, #1901, #1902 ) );
#812 = AXIS2_PLACEMENT_3D( '', #1903, #1904, #1905 );
#813 = EDGE_LOOP( '', ( #1906, #1907, #1908, #1909 ) );
#814 = AXIS2_PLACEMENT_3D( '', #1910, #1911, #1912 );
#815 = EDGE_LOOP( '', ( #1913, #1914, #1915, #1916 ) );
#816 = AXIS2_PLACEMENT_3D( '', #1917, #1918, #1919 );
#817 = EDGE_LOOP( '', ( #1920, #1921, #1922, #1923 ) );
#818 = AXIS2_PLACEMENT_3D( '', #1924, #1925, #1926 );
#819 = EDGE_LOOP( '', ( #1927, #1928, #1929, #1930 ) );
#820 = AXIS2_PLACEMENT_3D( '', #1931, #1932, #1933 );
#821 = EDGE_LOOP( '', ( #1934, #1935, #1936, #1937 ) );
#822 = AXIS2_PLACEMENT_3D( '', #1938, #1939, #1940 );
#823 = EDGE_LOOP( '', ( #1941, #1942, #1943, #1944 ) );
#824 = AXIS2_PLACEMENT_3D( '', #1945, #1946, #1947 );
#825 = EDGE_LOOP( '', ( #1948, #1949, #1950, #1951 ) );
#826 = AXIS2_PLACEMENT_3D( '', #1952, #1953, #1954 );
#827 = EDGE_LOOP( '', ( #1955, #1956, #1957, #1958 ) );
#828 = AXIS2_PLACEMENT_3D( '', #1959, #1960, #1961 );
#829 = EDGE_LOOP( '', ( #1962, #1963, #1964, #1965 ) );
#830 = AXIS2_PLACEMENT_3D( '', #1966, #1967, #1968 );
#831 = EDGE_LOOP( '', ( #1969, #1970, #1971, #1972 ) );
#832 = AXIS2_PLACEMENT_3D( '', #1973, #1974, #1975 );
#833 = EDGE_LOOP( '', ( #1976, #1977, #1978, #1979 ) );
#834 = AXIS2_PLACEMENT_3D( '', #1980, #1981, #1982 );
#835 = EDGE_LOOP( '', ( #1983, #1984, #1985, #1986 ) );
#836 = AXIS2_PLACEMENT_3D( '', #1987, #1988, #1989 );
#837 = EDGE_LOOP( '', ( #1990, #1991, #1992, #1993 ) );
#838 = AXIS2_PLACEMENT_3D( '', #1994, #1995, #1996 );
#839 = EDGE_LOOP( '', ( #1997, #1998, #1999, #2000 ) );
#840 = AXIS2_PLACEMENT_3D( '', #2001, #2002, #2003 );
#841 = EDGE_LOOP( '', ( #2004, #2005, #2006, #2007 ) );
#842 = AXIS2_PLACEMENT_3D( '', #2008, #2009, #2010 );
#843 = EDGE_LOOP( '', ( #2011, #2012, #2013, #2014 ) );
#844 = AXIS2_PLACEMENT_3D( '', #2015, #2016, #2017 );
#845 = EDGE_LOOP( '', ( #2018, #2019, #2020, #2021 ) );
#846 = AXIS2_PLACEMENT_3D( '', #2022, #2023, #2024 );
#847 = EDGE_LOOP( '', ( #2025, #2026, #2027, #2028 ) );
#848 = AXIS2_PLACEMENT_3D( '', #2029, #2030, #2031 );
#849 = EDGE_LOOP( '', ( #2032, #2033, #2034, #2035 ) );
#850 = AXIS2_PLACEMENT_3D( '', #2036, #2037, #2038 );
#851 = EDGE_LOOP( '', ( #2039, #2040, #2041, #2042 ) );
#852 = AXIS2_PLACEMENT_3D( '', #2043, #2044, #2045 );
#853 = EDGE_LOOP( '', ( #2046, #2047, #2048, #2049 ) );
#854 = AXIS2_PLACEMENT_3D( '', #2050, #2051, #2052 );
#855 = EDGE_LOOP( '', ( #2053, #2054, #2055, #2056 ) );
#856 = AXIS2_PLACEMENT_3D( '', #2057, #2058, #2059 );
#857 = EDGE_LOOP( '', ( #2060, #2061, #2062, #2063 ) );
#858 = AXIS2_PLACEMENT_3D( '', #2064, #2065, #2066 );
#859 = EDGE_LOOP( '', ( #2067, #2068, #2069, #2070 ) );
#860 = AXIS2_PLACEMENT_3D( '', #2071, #2072, #2073 );
#861 = EDGE_LOOP( '', ( #2074, #2075, #2076, #2077, #2078, #2079, #2080, #2081, #2082, #2083, #2084, #2085 ) );
#862 = AXIS2_PLACEMENT_3D( '', #2086, #2087, #2088 );
#863 = EDGE_LOOP( '', ( #2089, #2090, #2091, #2092 ) );
#864 = AXIS2_PLACEMENT_3D( '', #2093, #2094, #2095 );
#865 = EDGE_LOOP( '', ( #2096, #2097, #2098, #2099 ) );
#866 = AXIS2_PLACEMENT_3D( '', #2100, #2101, #2102 );
#867 = EDGE_LOOP( '', ( #2103, #2104, #2105, #2106 ) );
#868 = AXIS2_PLACEMENT_3D( '', #2107, #2108, #2109 );
#869 = EDGE_LOOP( '', ( #2110, #2111, #2112, #2113 ) );
#870 = AXIS2_PLACEMENT_3D( '', #2114, #2115, #2116 );
#871 = EDGE_LOOP( '', ( #2117, #2118, #2119, #2120 ) );
#872 = AXIS2_PLACEMENT_3D( '', #2121, #2122, #2123 );
#873 = EDGE_LOOP( '', ( #2124, #2125, #2126, #2127 ) );
#874 = AXIS2_PLACEMENT_3D( '', #2128, #2129, #2130 );
#875 = EDGE_LOOP( '', ( #2131, #2132, #2133, #2134 ) );
#876 = AXIS2_PLACEMENT_3D( '', #2135, #2136, #2137 );
#877 = EDGE_LOOP( '', ( #2138, #2139, #2140, #2141 ) );
#878 = AXIS2_PLACEMENT_3D( '', #2142, #2143, #2144 );
#879 = EDGE_LOOP( '', ( #2145, #2146, #2147, #2148, #2149, #2150 ) );
#880 = AXIS2_PLACEMENT_3D( '', #2151, #2152, #2153 );
#881 = EDGE_LOOP( '', ( #2154, #2155, #2156, #2157, #2158, #2159 ) );
#882 = AXIS2_PLACEMENT_3D( '', #2160, #2161, #2162 );
#883 = EDGE_LOOP( '', ( #2163, #2164, #2165, #2166, #2167, #2168 ) );
#884 = AXIS2_PLACEMENT_3D( '', #2169, #2170, #2171 );
#885 = EDGE_LOOP( '', ( #2172, #2173, #2174, #2175 ) );
#886 = AXIS2_PLACEMENT_3D( '', #2176, #2177, #2178 );
#887 = EDGE_LOOP( '', ( #2179, #2180, #2181, #2182 ) );
#888 = AXIS2_PLACEMENT_3D( '', #2183, #2184, #2185 );
#889 = EDGE_LOOP( '', ( #2186, #2187, #2188, #2189 ) );
#890 = AXIS2_PLACEMENT_3D( '', #2190, #2191, #2192 );
#891 = EDGE_LOOP( '', ( #2193, #2194, #2195 ) );
#892 = AXIS2_PLACEMENT_3D( '', #2196, #2197, #2198 );
#893 = EDGE_LOOP( '', ( #2199, #2200, #2201, #2202 ) );
#894 = AXIS2_PLACEMENT_3D( '', #2203, #2204, #2205 );
#895 = EDGE_LOOP( '', ( #2206, #2207, #2208, #2209 ) );
#896 = AXIS2_PLACEMENT_3D( '', #2210, #2211, #2212 );
#897 = EDGE_LOOP( '', ( #2213, #2214, #2215, #2216 ) );
#898 = AXIS2_PLACEMENT_3D( '', #2217, #2218, #2219 );
#899 = EDGE_LOOP( '', ( #2220, #2221, #2222, #2223 ) );
#900 = AXIS2_PLACEMENT_3D( '', #2224, #2225, #2226 );
#901 = EDGE_LOOP( '', ( #2227, #2228, #2229, #2230 ) );
#902 = AXIS2_PLACEMENT_3D( '', #2231, #2232, #2233 );
#903 = EDGE_LOOP( '', ( #2234, #2235, #2236, #2237 ) );
#904 = AXIS2_PLACEMENT_3D( '', #2238, #2239, #2240 );
#905 = EDGE_LOOP( '', ( #2241, #2242, #2243, #2244 ) );
#906 = AXIS2_PLACEMENT_3D( '', #2245, #2246, #2247 );
#907 = EDGE_LOOP( '', ( #2248, #2249, #2250, #2251 ) );
#908 = AXIS2_PLACEMENT_3D( '', #2252, #2253, #2254 );
#909 = EDGE_LOOP( '', ( #2255, #2256, #2257, #2258 ) );
#910 = AXIS2_PLACEMENT_3D( '', #2259, #2260, #2261 );
#911 = EDGE_LOOP( '', ( #2262, #2263, #2264, #2265 ) );
#912 = AXIS2_PLACEMENT_3D( '', #2266, #2267, #2268 );
#913 = EDGE_LOOP( '', ( #2269, #2270, #2271 ) );
#914 = AXIS2_PLACEMENT_3D( '', #2272, #2273, #2274 );
#915 = ORIENTED_EDGE( '', *, *, #2275, .T. );
#916 = ORIENTED_EDGE( '', *, *, #2276, .F. );
#917 = ORIENTED_EDGE( '', *, *, #2277, .F. );
#918 = ORIENTED_EDGE( '', *, *, #2278, .T. );
#919 = CARTESIAN_POINT( '', ( 0.00254000000000000, -0.00114300000000000, 0.000000000000000 ) );
#920 = DIRECTION( '', ( -0.000000000000000, 1.00000000000000, -0.000000000000000 ) );
#921 = DIRECTION( '', ( 1.00000000000000, 0.000000000000000, 0.000000000000000 ) );
#922 = ORIENTED_EDGE( '', *, *, #2279, .T. );
#923 = ORIENTED_EDGE( '', *, *, #2280, .F. );
#924 = ORIENTED_EDGE( '', *, *, #2275, .F. );
#925 = ORIENTED_EDGE( '', *, *, #2281, .F. );
#926 = CARTESIAN_POINT( '', ( 0.00307340000000000, -0.00114300000000000, -0.000470414583107230 ) );
#927 = DIRECTION( '', ( 1.00000000000000, 0.000000000000000, 0.000000000000000 ) );
#928 = DIRECTION( '', ( 0.000000000000000, 1.00000000000000, -0.000000000000000 ) );
#929 = ORIENTED_EDGE( '', *, *, #2277, .T. );
#930 = ORIENTED_EDGE( '', *, *, #2282, .F. );
#931 = ORIENTED_EDGE( '', *, *, #2283, .T. );
#932 = ORIENTED_EDGE( '', *, *, #2284, .T. );
#933 = CARTESIAN_POINT( '', ( 0.00254000000000000, -0.00114300000000000, -0.00116840000000000 ) );
#934 = DIRECTION( '', ( 1.00000000000000, 0.000000000000000, 0.000000000000000 ) );
#935 = DIRECTION( '', ( 0.000000000000000, 1.00000000000000, -0.000000000000000 ) );
#936 = ORIENTED_EDGE( '', *, *, #2285, .T. );
#937 = ORIENTED_EDGE( '', *, *, #2286, .F. );
#938 = ORIENTED_EDGE( '', *, *, #2287, .F. );
#939 = ORIENTED_EDGE( '', *, *, #2288, .T. );
#940 = CARTESIAN_POINT( '', ( 0.00254000000000000, -0.00114300000000000, 0.000000000000000 ) );
#941 = DIRECTION( '', ( -0.000000000000000, 1.00000000000000, -0.000000000000000 ) );
#942 = DIRECTION( '', ( 1.00000000000000, 0.000000000000000, 0.000000000000000 ) );
#943 = ORIENTED_EDGE( '', *, *, #2289, .F. );
#944 = ORIENTED_EDGE( '', *, *, #2290, .F. );
#945 = ORIENTED_EDGE( '', *, *, #2291, .F. );
#946 = ORIENTED_EDGE( '', *, *, #2292, .F. );
#947 = ORIENTED_EDGE( '', *, *, #2293, .F. );
#948 = ORIENTED_EDGE( '', *, *, #2294, .F. );
#949 = CARTESIAN_POINT( '', ( 0.00349250000000000, 0.000000000000000, 0.000000000000000 ) );
#950 = DIRECTION( '', ( -1.00000000000000, 0.000000000000000, 0.000000000000000 ) );
#951 = DIRECTION( '', ( 0.000000000000000, 0.000000000000000, 1.00000000000000 ) );
#952 = ORIENTED_EDGE( '', *, *, #2295, .F. );
#953 = ORIENTED_EDGE( '', *, *, #2296, .T. );
#954 = ORIENTED_EDGE( '', *, *, #2297, .F. );
#955 = ORIENTED_EDGE( '', *, *, #2298, .F. );
#956 = ORIENTED_EDGE( '', *, *, #2299, .F. );
#957 = ORIENTED_EDGE( '', *, *, #2300, .T. );
#958 = CARTESIAN_POINT( '', ( 0.00349250000000000, 0.000000000000000, 0.000000000000000 ) );
#959 = DIRECTION( '', ( -1.00000000000000, 0.000000000000000, 0.000000000000000 ) );
#960 = DIRECTION( '', ( 0.000000000000000, 0.000000000000000, 1.00000000000000 ) );
#961 = ORIENTED_EDGE( '', *, *, #2301, .F. );
#962 = ORIENTED_EDGE( '', *, *, #2302, .F. );
#963 = ORIENTED_EDGE( '', *, *, #2303, .F. );
#964 = ORIENTED_EDGE( '', *, *, #2304, .T. );
#965 = CARTESIAN_POINT( '', ( -0.00277495000000000, 0.00673100000000000, 0.000000000000000 ) );
#966 = DIRECTION( '', ( -0.982872186934319, 0.184288535050203, 0.000000000000000 ) );
#967 = DIRECTION( '', ( 0.000000000000000, 0.000000000000000, 1.00000000000000 ) );
#968 = ORIENTED_EDGE( '', *, *, #2305, .T. );
#969 = ORIENTED_EDGE( '', *, *, #2306, .F. );
#970 = ORIENTED_EDGE( '', *, *, #2307, .F. );
#971 = ORIENTED_EDGE( '', *, *, #2308, .T. );
#972 = CARTESIAN_POINT( '', ( -0.00381000000000000, 0.000939800000000000, 0.00100330000000000 ) );
#973 = DIRECTION( '', ( -1.00000000000000, 0.000000000000000, 0.000000000000000 ) );
#974 = DIRECTION( '', ( 0.000000000000000, 0.000000000000000, 1.00000000000000 ) );
#975 = ORIENTED_EDGE( '', *, *, #2309, .T. );
#976 = ORIENTED_EDGE( '', *, *, #2307, .T. );
#977 = ORIENTED_EDGE( '', *, *, #2310, .F. );
#978 = ORIENTED_EDGE( '', *, *, #2311, .F. );
#979 = CARTESIAN_POINT( '', ( -0.00349250000000000, 0.000939800000000000, 0.00124460000000000 ) );
#980 = DIRECTION( '', ( -0.605083267533586, 0.000000000000000, 0.796162194123081 ) );
#981 = DIRECTION( '', ( 0.000000000000000, 1.00000000000000, 0.000000000000000 ) );
#982 = ORIENTED_EDGE( '', *, *, #2312, .T. );
#983 = ORIENTED_EDGE( '', *, *, #2313, .F. );
#984 = ORIENTED_EDGE( '', *, *, #2305, .F. );
#985 = ORIENTED_EDGE( '', *, *, #2314, .T. );
#986 = CARTESIAN_POINT( '', ( -0.00381000000000000, 0.000939800000000000, 0.000914400000000000 ) );
#987 = DIRECTION( '', ( 0.000000000000000, 0.000000000000000, -1.00000000000000 ) );
#988 = DIRECTION( '', ( 0.000000000000000, -1.00000000000000, 0.000000000000000 ) );
#989 = ORIENTED_EDGE( '', *, *, #2315, .F. );
#990 = ORIENTED_EDGE( '', *, *, #2316, .F. );
#991 = ORIENTED_EDGE( '', *, *, #2317, .T. );
#992 = ORIENTED_EDGE( '', *, *, #2318, .T. );
#993 = CARTESIAN_POINT( '', ( 0.00349250000000000, -0.00114300000000000, 0.00116840000000000 ) );
#994 = DIRECTION( '', ( 0.000000000000000, 0.000000000000000, 1.00000000000000 ) );
#995 = DIRECTION( '', ( 1.00000000000000, -0.000000000000000, 0.000000000000000 ) );
#996 = ORIENTED_EDGE( '', *, *, #2319, .T. );
#997 = ORIENTED_EDGE( '', *, *, #2320, .F. );
#998 = ORIENTED_EDGE( '', *, *, #2321, .F. );
#999 = ORIENTED_EDGE( '', *, *, #2322, .T. );
#1000 = CARTESIAN_POINT( '', ( 0.00349250000000000, -0.00114300000000000, 0.00116840000000000 ) );
#1001 = DIRECTION( '', ( 0.000000000000000, 0.000000000000000, 1.00000000000000 ) );
#1002 = DIRECTION( '', ( 1.00000000000000, -0.000000000000000, 0.000000000000000 ) );
#1003 = ORIENTED_EDGE( '', *, *, #2279, .F. );
#1004 = ORIENTED_EDGE( '', *, *, #2323, .F. );
#1005 = ORIENTED_EDGE( '', *, *, #2297, .T. );
#1006 = ORIENTED_EDGE( '', *, *, #2324, .T. );
#1007 = CARTESIAN_POINT( '', ( 0.00349250000000000, -0.00114300000000000, 0.00116840000000000 ) );
#1008 = DIRECTION( '', ( 0.000000000000000, 0.000000000000000, 1.00000000000000 ) );
#1009 = DIRECTION( '', ( 1.00000000000000, -0.000000000000000, 0.000000000000000 ) );
#1010 = ORIENTED_EDGE( '', *, *, #2325, .F. );
#1011 = ORIENTED_EDGE( '', *, *, #2326, .T. );
#1012 = ORIENTED_EDGE( '', *, *, #2327, .T. );
#1013 = ORIENTED_EDGE( '', *, *, #2328, .F. );
#1014 = CARTESIAN_POINT( '', ( 0.00349250000000000, -0.00114300000000000, 0.00116840000000000 ) );
#1015 = DIRECTION( '', ( 0.000000000000000, 0.000000000000000, 1.00000000000000 ) );
#1016 = DIRECTION( '', ( 1.00000000000000, -0.000000000000000, 0.000000000000000 ) );
#1017 = ORIENTED_EDGE( '', *, *, #2298, .T. );
#1018 = ORIENTED_EDGE( '', *, *, #2323, .T. );
#1019 = ORIENTED_EDGE( '', *, *, #2281, .T. );
#1020 = ORIENTED_EDGE( '', *, *, #2278, .F. );
#1021 = ORIENTED_EDGE( '', *, *, #2284, .F. );
#1022 = ORIENTED_EDGE( '', *, *, #2329, .F. );
#1023 = CARTESIAN_POINT( '', ( 0.00349250000000000, -0.00114300000000000, -0.00116840000000000 ) );
#1024 = DIRECTION( '', ( 0.000000000000000, -1.00000000000000, 0.000000000000000 ) );
#1025 = DIRECTION( '', ( 0.000000000000000, 0.000000000000000, -1.00000000000000 ) );
#1026 = ORIENTED_EDGE( '', *, *, #2330, .T. );
#1027 = ORIENTED_EDGE( '', *, *, #2331, .F. );
#1028 = ORIENTED_EDGE( '', *, *, #2332, .F. );
#1029 = ORIENTED_EDGE( '', *, *, #2333, .T. );
#1030 = CARTESIAN_POINT( '', ( 0.00349250000000000, -0.00114300000000000, 0.00116840000000000 ) );
#1031 = DIRECTION( '', ( 0.000000000000000, 0.000000000000000, 1.00000000000000 ) );
#1032 = DIRECTION( '', ( 1.00000000000000, -0.000000000000000, 0.000000000000000 ) );
#1033 = ORIENTED_EDGE( '', *, *, #2334, .F. );
#1034 = ORIENTED_EDGE( '', *, *, #2335, .T. );
#1035 = ORIENTED_EDGE( '', *, *, #2336, .T. );
#1036 = ORIENTED_EDGE( '', *, *, #2337, .F. );
#1037 = CARTESIAN_POINT( '', ( 0.00349250000000000, -0.000939800000000000, -0.00116840000000000 ) );
#1038 = DIRECTION( '', ( 0.000000000000000, 0.000000000000000, -1.00000000000000 ) );
#1039 = DIRECTION( '', ( 0.000000000000000, -1.00000000000000, 0.000000000000000 ) );
#1040 = ORIENTED_EDGE( '', *, *, #2338, .T. );
#1041 = ORIENTED_EDGE( '', *, *, #2339, .F. );
#1042 = ORIENTED_EDGE( '', *, *, #2340, .F. );
#1043 = ORIENTED_EDGE( '', *, *, #2341, .T. );
#1044 = CARTESIAN_POINT( '', ( 0.00349250000000000, -0.000939800000000000, -0.00116840000000000 ) );
#1045 = DIRECTION( '', ( 0.000000000000000, 0.000000000000000, -1.00000000000000 ) );
#1046 = DIRECTION( '', ( 0.000000000000000, -1.00000000000000, 0.000000000000000 ) );
#1047 = ORIENTED_EDGE( '', *, *, #2299, .T. );
#1048 = ORIENTED_EDGE( '', *, *, #2329, .T. );
#1049 = ORIENTED_EDGE( '', *, *, #2283, .F. );
#1050 = ORIENTED_EDGE( '', *, *, #2342, .F. );
#1051 = CARTESIAN_POINT( '', ( 0.00349250000000000, -0.000939800000000000, -0.00116840000000000 ) );
#1052 = DIRECTION( '', ( 0.000000000000000, 0.000000000000000, -1.00000000000000 ) );
#1053 = DIRECTION( '', ( 0.000000000000000, -1.00000000000000, 0.000000000000000 ) );
#1054 = ORIENTED_EDGE( '', *, *, #2343, .T. );
#1055 = ORIENTED_EDGE( '', *, *, #2344, .F. );
#1056 = ORIENTED_EDGE( '', *, *, #2345, .F. );
#1057 = ORIENTED_EDGE( '', *, *, #2346, .T. );
#1058 = CARTESIAN_POINT( '', ( 0.00349250000000000, -0.000939800000000000, -0.00116840000000000 ) );
#1059 = DIRECTION( '', ( 0.000000000000000, 0.000000000000000, -1.00000000000000 ) );
#1060 = DIRECTION( '', ( 0.000000000000000, -1.00000000000000, 0.000000000000000 ) );
#1061 = ORIENTED_EDGE( '', *, *, #2347, .F. );
#1062 = ORIENTED_EDGE( '', *, *, #2348, .T. );
#1063 = ORIENTED_EDGE( '', *, *, #2349, .T. );
#1064 = ORIENTED_EDGE( '', *, *, #2350, .F. );
#1065 = CARTESIAN_POINT( '', ( 0.00349250000000000, -0.000939800000000000, -0.00116840000000000 ) );
#1066 = DIRECTION( '', ( 0.000000000000000, 0.000000000000000, -1.00000000000000 ) );
#1067 = DIRECTION( '', ( 0.000000000000000, -1.00000000000000, 0.000000000000000 ) );
#1068 = ORIENTED_EDGE( '', *, *, #2351, .T. );
#1069 = ORIENTED_EDGE( '', *, *, #2352, .T. );
#1070 = ORIENTED_EDGE( '', *, *, #2353, .F. );
#1071 = ORIENTED_EDGE( '', *, *, #2354, .F. );
#1072 = CARTESIAN_POINT( '', ( 0.00349250000000000, -0.000939800000000000, -0.00116840000000000 ) );
#1073 = DIRECTION( '', ( 0.000000000000000, 0.000000000000000, -1.00000000000000 ) );
#1074 = DIRECTION( '', ( 0.000000000000000, -1.00000000000000, 0.000000000000000 ) );
#1075 = ORIENTED_EDGE( '', *, *, #2355, .T. );
#1076 = ORIENTED_EDGE( '', *, *, #2356, .F. );
#1077 = ORIENTED_EDGE( '', *, *, #2322, .F. );
#1078 = ORIENTED_EDGE( '', *, *, #2357, .T. );
#1079 = CARTESIAN_POINT( '', ( 0.000000000000000, -0.00114300000000000, 0.00116840000000000 ) );
#1080 = DIRECTION( '', ( -1.00000000000000, 0.000000000000000, 0.000000000000000 ) );
#1081 = DIRECTION( '', ( 0.000000000000000, 0.000000000000000, 1.00000000000000 ) );
#1082 = ORIENTED_EDGE( '', *, *, #2320, .T. );
#1083 = ORIENTED_EDGE( '', *, *, #2358, .T. );
#1084 = ORIENTED_EDGE( '', *, *, #2344, .T. );
#1085 = ORIENTED_EDGE( '', *, *, #2359, .T. );
#1086 = CARTESIAN_POINT( '', ( -0.000952500000000000, -0.00119380000000000, 0.00124460000000000 ) );
#1087 = DIRECTION( '', ( 1.00000000000000, 0.000000000000000, 0.000000000000000 ) );
#1088 = DIRECTION( '', ( 0.000000000000000, 1.00000000000000, -0.000000000000000 ) );
#1089 = ORIENTED_EDGE( '', *, *, #2360, .T. );
#1090 = ORIENTED_EDGE( '', *, *, #2361, .F. );
#1091 = ORIENTED_EDGE( '', *, *, #2355, .F. );
#1092 = ORIENTED_EDGE( '', *, *, #2362, .T. );
#1093 = CARTESIAN_POINT( '', ( 0.000000000000000, -0.00114300000000000, 0.000000000000000 ) );
#1094 = DIRECTION( '', ( -0.000000000000000, 1.00000000000000, -0.000000000000000 ) );
#1095 = DIRECTION( '', ( 1.00000000000000, 0.000000000000000, 0.000000000000000 ) );
#1096 = ORIENTED_EDGE( '', *, *, #2363, .F. );
#1097 = ORIENTED_EDGE( '', *, *, #2364, .F. );
#1098 = ORIENTED_EDGE( '', *, *, #2365, .F. );
#1099 = ORIENTED_EDGE( '', *, *, #2302, .T. );
#1100 = CARTESIAN_POINT( '', ( -0.00287020000000000, 0.000000000000000, 0.000000000000000 ) );
#1101 = DIRECTION( '', ( 1.00000000000000, 0.000000000000000, 0.000000000000000 ) );
#1102 = DIRECTION( '', ( 0.000000000000000, 1.00000000000000, -0.000000000000000 ) );
#1103 = ORIENTED_EDGE( '', *, *, #2366, .F. );
#1104 = ORIENTED_EDGE( '', *, *, #2367, .T. );
#1105 = ORIENTED_EDGE( '', *, *, #2368, .F. );
#1106 = ORIENTED_EDGE( '', *, *, #2369, .T. );
#1107 = CARTESIAN_POINT( '', ( 0.00127000000000000, 0.00114300000000000, 0.000990600000000000 ) );
#1108 = DIRECTION( '', ( -0.707106781186548, 0.000000000000000, -0.707106781186548 ) );
#1109 = DIRECTION( '', ( -0.707106781186548, 0.000000000000000, 0.707106781186548 ) );
#1110 = ORIENTED_EDGE( '', *, *, #2370, .T. );
#1111 = ORIENTED_EDGE( '', *, *, #2371, .F. );
#1112 = ORIENTED_EDGE( '', *, *, #2372, .F. );
#1113 = ORIENTED_EDGE( '', *, *, #2373, .F. );
#1114 = CARTESIAN_POINT( '', ( 0.000533400000000000, -0.00114300000000000, -0.000470414583107230 ) );
#1115 = DIRECTION( '', ( 1.00000000000000, 0.000000000000000, 0.000000000000000 ) );
#1116 = DIRECTION( '', ( 0.000000000000000, 1.00000000000000, -0.000000000000000 ) );
#1117 = ORIENTED_EDGE( '', *, *, #2374, .T. );
#1118 = ORIENTED_EDGE( '', *, *, #2375, .F. );
#1119 = ORIENTED_EDGE( '', *, *, #2376, .F. );
#1120 = ORIENTED_EDGE( '', *, *, #2377, .T. );
#1121 = CARTESIAN_POINT( '', ( -0.00254000000000000, -0.00114300000000000, 0.000000000000000 ) );
#1122 = DIRECTION( '', ( -0.000000000000000, 1.00000000000000, -0.000000000000000 ) );
#1123 = DIRECTION( '', ( 1.00000000000000, 0.000000000000000, 0.000000000000000 ) );
#1124 = ORIENTED_EDGE( '', *, *, #2378, .T. );
#1125 = ORIENTED_EDGE( '', *, *, #2379, .T. );
#1126 = ORIENTED_EDGE( '', *, *, #2380, .T. );
#1127 = ORIENTED_EDGE( '', *, *, #2381, .T. );
#1128 = CARTESIAN_POINT( '', ( -0.00220980000000000, 0.000000000000000, 0.000000000000000 ) );
#1129 = DIRECTION( '', ( 1.00000000000000, 0.000000000000000, 0.000000000000000 ) );
#1130 = DIRECTION( '', ( 0.000000000000000, 1.00000000000000, -0.000000000000000 ) );
#1131 = ORIENTED_EDGE( '', *, *, #2382, .T. );
#1132 = ORIENTED_EDGE( '', *, *, #2383, .F. );
#1133 = ORIENTED_EDGE( '', *, *, #2384, .T. );
#1134 = ORIENTED_EDGE( '', *, *, #2385, .T. );
#1135 = CARTESIAN_POINT( '', ( 0.00158750000000000, 0.000939800000000000, 0.00124460000000000 ) );
#1136 = DIRECTION( '', ( 1.00000000000000, 0.000000000000000, 0.000000000000000 ) );
#1137 = DIRECTION( '', ( 0.000000000000000, 1.00000000000000, -0.000000000000000 ) );
#1138 = ORIENTED_EDGE( '', *, *, #2386, .T. );
#1139 = ORIENTED_EDGE( '', *, *, #2387, .F. );
#1140 = ORIENTED_EDGE( '', *, *, #2388, .F. );
#1141 = ORIENTED_EDGE( '', *, *, #2389, .T. );
#1142 = CARTESIAN_POINT( '', ( 0.000000000000000, 0.00114300000000000, -0.00116840000000000 ) );
#1143 = DIRECTION( '', ( -1.00000000000000, 0.000000000000000, 0.000000000000000 ) );
#1144 = DIRECTION( '', ( 0.000000000000000, 0.000000000000000, 1.00000000000000 ) );
#1145 = ORIENTED_EDGE( '', *, *, #2390, .T. );
#1146 = ORIENTED_EDGE( '', *, *, #2391, .T. );
#1147 = ORIENTED_EDGE( '', *, *, #2392, .T. );
#1148 = ORIENTED_EDGE( '', *, *, #2393, .F. );
#1149 = CARTESIAN_POINT( '', ( 0.000000000000000, 0.00673100000000000, -0.000234950000000000 ) );
#1150 = DIRECTION( '', ( 0.000000000000000, 0.184288535050203, -0.982872186934319 ) );
#1151 = DIRECTION( '', ( -1.00000000000000, 0.000000000000000, 0.000000000000000 ) );
#1152 = ORIENTED_EDGE( '', *, *, #2394, .T. );
#1153 = ORIENTED_EDGE( '', *, *, #2395, .T. );
#1154 = ORIENTED_EDGE( '', *, *, #2396, .F. );
#1155 = ORIENTED_EDGE( '', *, *, #2397, .T. );
#1156 = CARTESIAN_POINT( '', ( -0.000330200000000000, 0.00723900000000000, 0.000330200000000000 ) );
#1157 = DIRECTION( '', ( 0.000000000000000, 0.000000000000000, 1.00000000000000 ) );
#1158 = DIRECTION( '', ( 1.00000000000000, -0.000000000000000, 0.000000000000000 ) );
#1159 = ORIENTED_EDGE( '', *, *, #2398, .T. );
#1160 = ORIENTED_EDGE( '', *, *, #2399, .F. );
#1161 = ORIENTED_EDGE( '', *, *, #2400, .F. );
#1162 = ORIENTED_EDGE( '', *, *, #2401, .T. );
#1163 = CARTESIAN_POINT( '', ( 0.00277495000000000, -0.00381000000000000, 0.000000000000000 ) );
#1164 = DIRECTION( '', ( 0.982872186934319, -0.184288535050203, 0.000000000000000 ) );
#1165 = DIRECTION( '', ( 0.000000000000000, 0.000000000000000, -1.00000000000000 ) );
#1166 = ORIENTED_EDGE( '', *, *, #2402, .F. );
#1167 = ORIENTED_EDGE( '', *, *, #2403, .F. );
#1168 = ORIENTED_EDGE( '', *, *, #2404, .T. );
#1169 = ORIENTED_EDGE( '', *, *, #2405, .T. );
#1170 = CARTESIAN_POINT( '', ( 0.000000000000000, -0.00381000000000000, 0.000234950000000000 ) );
#1171 = DIRECTION( '', ( 0.000000000000000, -0.184288535050203, 0.982872186934319 ) );
#1172 = DIRECTION( '', ( -1.00000000000000, 0.000000000000000, 0.000000000000000 ) );
#1173 = ORIENTED_EDGE( '', *, *, #2401, .F. );
#1174 = ORIENTED_EDGE( '', *, *, #2406, .T. );
#1175 = ORIENTED_EDGE( '', *, *, #2407, .F. );
#1176 = ORIENTED_EDGE( '', *, *, #2408, .F. );
#1177 = CARTESIAN_POINT( '', ( 0.00220980000000000, -0.00431800000000000, 0.000330200000000000 ) );
#1178 = DIRECTION( '', ( 0.000000000000000, -1.00000000000000, 0.000000000000000 ) );
#1179 = DIRECTION( '', ( 0.000000000000000, 0.000000000000000, -1.00000000000000 ) );
#1180 = ORIENTED_EDGE( '', *, *, #2409, .T. );
#1181 = ORIENTED_EDGE( '', *, *, #2410, .T. );
#1182 = ORIENTED_EDGE( '', *, *, #2411, .F. );
#1183 = ORIENTED_EDGE( '', *, *, #2412, .T. );
#1184 = CARTESIAN_POINT( '', ( -0.00287020000000000, -0.00431800000000000, -0.000330200000000000 ) );
#1185 = DIRECTION( '', ( 0.000000000000000, 0.000000000000000, -1.00000000000000 ) );
#1186 = DIRECTION( '', ( 0.000000000000000, -1.00000000000000, 0.000000000000000 ) );
#1187 = ORIENTED_EDGE( '', *, *, #2413, .F. );
#1188 = ORIENTED_EDGE( '', *, *, #2414, .T. );
#1189 = ORIENTED_EDGE( '', *, *, #2415, .F. );
#1190 = ORIENTED_EDGE( '', *, *, #2416, .F. );
#1191 = CARTESIAN_POINT( '', ( -0.00158750000000000, 0.00119380000000000, 0.00124460000000000 ) );
#1192 = DIRECTION( '', ( -1.00000000000000, 0.000000000000000, 0.000000000000000 ) );
#1193 = DIRECTION( '', ( 0.000000000000000, 0.000000000000000, 1.00000000000000 ) );
#1194 = ORIENTED_EDGE( '', *, *, #2417, .T. );
#1195 = ORIENTED_EDGE( '', *, *, #2418, .F. );
#1196 = ORIENTED_EDGE( '', *, *, #2419, .F. );
#1197 = ORIENTED_EDGE( '', *, *, #2420, .T. );
#1198 = ORIENTED_EDGE( '', *, *, #2421, .F. );
#1199 = ORIENTED_EDGE( '', *, *, #2422, .F. );
#1200 = CARTESIAN_POINT( '', ( 0.00349250000000000, 0.00114300000000000, 0.00116840000000000 ) );
#1201 = DIRECTION( '', ( 0.000000000000000, 1.00000000000000, 0.000000000000000 ) );
#1202 = DIRECTION( '', ( 1.00000000000000, 0.000000000000000, -0.000000000000000 ) );
#1203 = ORIENTED_EDGE( '', *, *, #2423, .T. );
#1204 = ORIENTED_EDGE( '', *, *, #2424, .F. );
#1205 = ORIENTED_EDGE( '', *, *, #2425, .F. );
#1206 = ORIENTED_EDGE( '', *, *, #2426, .T. );
#1207 = ORIENTED_EDGE( '', *, *, #2427, .T. );
#1208 = ORIENTED_EDGE( '', *, *, #2428, .T. );
#1209 = ORIENTED_EDGE( '', *, *, #2429, .F. );
#1210 = ORIENTED_EDGE( '', *, *, #2430, .T. );
#1211 = ORIENTED_EDGE( '', *, *, #2431, .T. );
#1212 = ORIENTED_EDGE( '', *, *, #2432, .F. );
#1213 = ORIENTED_EDGE( '', *, *, #2433, .F. );
#1214 = ORIENTED_EDGE( '', *, *, #2434, .T. );
#1215 = CARTESIAN_POINT( '', ( 0.00381000000000000, 0.000000000000000, 0.000000000000000 ) );
#1216 = DIRECTION( '', ( 1.00000000000000, 0.000000000000000, 0.000000000000000 ) );
#1217 = DIRECTION( '', ( 0.000000000000000, 1.00000000000000, -0.000000000000000 ) );
#1218 = ORIENTED_EDGE( '', *, *, #2435, .T. );
#1219 = ORIENTED_EDGE( '', *, *, #2436, .F. );
#1220 = ORIENTED_EDGE( '', *, *, #2437, .F. );
#1221 = ORIENTED_EDGE( '', *, *, #2438, .T. );
#1222 = CARTESIAN_POINT( '', ( -0.00381000000000000, 0.000939800000000000, -0.000914400000000000 ) );
#1223 = DIRECTION( '', ( -1.00000000000000, 0.000000000000000, 0.000000000000000 ) );
#1224 = DIRECTION( '', ( 0.000000000000000, 0.000000000000000, 1.00000000000000 ) );
#1225 = ORIENTED_EDGE( '', *, *, #2439, .T. );
#1226 = ORIENTED_EDGE( '', *, *, #2440, .T. );
#1227 = ORIENTED_EDGE( '', *, *, #2436, .T. );
#1228 = ORIENTED_EDGE( '', *, *, #2441, .T. );
#1229 = ORIENTED_EDGE( '', *, *, #2442, .F. );
#1230 = ORIENTED_EDGE( '', *, *, #2443, .F. );
#1231 = ORIENTED_EDGE( '', *, *, #2444, .F. );
#1232 = ORIENTED_EDGE( '', *, *, #2445, .F. );
#1233 = ORIENTED_EDGE( '', *, *, #2446, .F. );
#1234 = ORIENTED_EDGE( '', *, *, #2447, .F. );
#1235 = ORIENTED_EDGE( '', *, *, #2448, .F. );
#1236 = ORIENTED_EDGE( '', *, *, #2449, .T. );
#1237 = ORIENTED_EDGE( '', *, *, #2424, .T. );
#1238 = ORIENTED_EDGE( '', *, *, #2450, .T. );
#1239 = ORIENTED_EDGE( '', *, *, #2300, .F. );
#1240 = ORIENTED_EDGE( '', *, *, #2342, .T. );
#1241 = ORIENTED_EDGE( '', *, *, #2282, .T. );
#1242 = ORIENTED_EDGE( '', *, *, #2276, .T. );
#1243 = ORIENTED_EDGE( '', *, *, #2280, .T. );
#1244 = ORIENTED_EDGE( '', *, *, #2324, .F. );
#1245 = ORIENTED_EDGE( '', *, *, #2296, .F. );
#1246 = ORIENTED_EDGE( '', *, *, #2451, .T. );
#1247 = ORIENTED_EDGE( '', *, *, #2432, .T. );
#1248 = ORIENTED_EDGE( '', *, *, #2452, .T. );
#1249 = ORIENTED_EDGE( '', *, *, #2453, .T. );
#1250 = ORIENTED_EDGE( '', *, *, #2454, .F. );
#1251 = ORIENTED_EDGE( '', *, *, #2367, .F. );
#1252 = ORIENTED_EDGE( '', *, *, #2455, .T. );
#1253 = ORIENTED_EDGE( '', *, *, #2456, .F. );
#1254 = ORIENTED_EDGE( '', *, *, #2457, .F. );
#1255 = ORIENTED_EDGE( '', *, *, #2458, .T. );
#1256 = ORIENTED_EDGE( '', *, *, #2310, .T. );
#1257 = ORIENTED_EDGE( '', *, *, #2306, .T. );
#1258 = ORIENTED_EDGE( '', *, *, #2313, .T. );
#1259 = ORIENTED_EDGE( '', *, *, #2459, .T. );
#1260 = ORIENTED_EDGE( '', *, *, #2330, .F. );
#1261 = ORIENTED_EDGE( '', *, *, #2460, .T. );
#1262 = ORIENTED_EDGE( '', *, *, #2461, .T. );
#1263 = ORIENTED_EDGE( '', *, *, #2462, .T. );
#1264 = ORIENTED_EDGE( '', *, *, #2340, .T. );
#1265 = ORIENTED_EDGE( '', *, *, #2463, .T. );
#1266 = ORIENTED_EDGE( '', *, *, #2347, .T. );
#1267 = ORIENTED_EDGE( '', *, *, #2464, .T. );
#1268 = ORIENTED_EDGE( '', *, *, #2465, .T. );
#1269 = ORIENTED_EDGE( '', *, *, #2371, .T. );
#1270 = ORIENTED_EDGE( '', *, *, #2466, .F. );
#1271 = ORIENTED_EDGE( '', *, *, #2467, .F. );
#1272 = ORIENTED_EDGE( '', *, *, #2318, .F. );
#1273 = ORIENTED_EDGE( '', *, *, #2468, .T. );
#1274 = ORIENTED_EDGE( '', *, *, #2286, .T. );
#1275 = ORIENTED_EDGE( '', *, *, #2469, .T. );
#1276 = ORIENTED_EDGE( '', *, *, #2354, .T. );
#1277 = ORIENTED_EDGE( '', *, *, #2358, .F. );
#1278 = ORIENTED_EDGE( '', *, *, #2319, .F. );
#1279 = ORIENTED_EDGE( '', *, *, #2356, .T. );
#1280 = ORIENTED_EDGE( '', *, *, #2361, .T. );
#1281 = ORIENTED_EDGE( '', *, *, #2470, .T. );
#1282 = ORIENTED_EDGE( '', *, *, #2345, .T. );
#1283 = ORIENTED_EDGE( '', *, *, #2471, .T. );
#1284 = ORIENTED_EDGE( '', *, *, #2334, .T. );
#1285 = ORIENTED_EDGE( '', *, *, #2472, .T. );
#1286 = ORIENTED_EDGE( '', *, *, #2375, .T. );
#1287 = ORIENTED_EDGE( '', *, *, #2473, .T. );
#1288 = ORIENTED_EDGE( '', *, *, #2327, .F. );
#1289 = ORIENTED_EDGE( '', *, *, #2474, .T. );
#1290 = ORIENTED_EDGE( '', *, *, #2475, .T. );
#1291 = ORIENTED_EDGE( '', *, *, #2476, .F. );
#1292 = ORIENTED_EDGE( '', *, *, #2477, .F. );
#1293 = ORIENTED_EDGE( '', *, *, #2478, .T. );
#1294 = ORIENTED_EDGE( '', *, *, #2479, .T. );
#1295 = ORIENTED_EDGE( '', *, *, #2480, .F. );
#1296 = ORIENTED_EDGE( '', *, *, #2481, .F. );
#1297 = ORIENTED_EDGE( '', *, *, #2482, .T. );
#1298 = ORIENTED_EDGE( '', *, *, #2483, .T. );
#1299 = ORIENTED_EDGE( '', *, *, #2410, .F. );
#1300 = ORIENTED_EDGE( '', *, *, #2484, .F. );
#1301 = CARTESIAN_POINT( '', ( 0.00349250000000000, -0.000939800000000000, -0.00124460000000000 ) );
#1302 = DIRECTION( '', ( 0.000000000000000, -1.00000000000000, 0.000000000000000 ) );
#1303 = DIRECTION( '', ( 0.000000000000000, 0.000000000000000, -1.00000000000000 ) );
#1304 = ORIENTED_EDGE( '', *, *, #2485, .F. );
#1305 = ORIENTED_EDGE( '', *, *, #2486, .T. );
#1306 = ORIENTED_EDGE( '', *, *, #2402, .T. );
#1307 = ORIENTED_EDGE( '', *, *, #2487, .F. );
#1308 = CARTESIAN_POINT( '', ( -0.000234950000000000, -0.00381000000000000, 0.000000000000000 ) );
#1309 = DIRECTION( '', ( -0.982872186934319, -0.184288535050203, 0.000000000000000 ) );
#1310 = DIRECTION( '', ( -0.184288535050203, 0.982872186934319, 0.000000000000000 ) );
#1311 = ORIENTED_EDGE( '', *, *, #2488, .T. );
#1312 = ORIENTED_EDGE( '', *, *, #2489, .T. );
#1313 = ORIENTED_EDGE( '', *, *, #2485, .T. );
#1314 = ORIENTED_EDGE( '', *, *, #2490, .F. );
#1315 = CARTESIAN_POINT( '', ( 0.000000000000000, -0.00381000000000000, -0.000234950000000000 ) );
#1316 = DIRECTION( '', ( 0.000000000000000, -0.184288535050203, -0.982872186934319 ) );
#1317 = DIRECTION( '', ( 0.000000000000000, -0.982872186934319, 0.184288535050203 ) );
#1318 = ORIENTED_EDGE( '', *, *, #2491, .F. );
#1319 = ORIENTED_EDGE( '', *, *, #2314, .F. );
#1320 = ORIENTED_EDGE( '', *, *, #2308, .F. );
#1321 = ORIENTED_EDGE( '', *, *, #2309, .F. );
#1322 = ORIENTED_EDGE( '', *, *, #2492, .F. );
#1323 = ORIENTED_EDGE( '', *, *, #2493, .F. );
#1324 = ORIENTED_EDGE( '', *, *, #2494, .F. );
#1325 = ORIENTED_EDGE( '', *, *, #2495, .F. );
#1326 = ORIENTED_EDGE( '', *, *, #2369, .F. );
#1327 = ORIENTED_EDGE( '', *, *, #2496, .F. );
#1328 = ORIENTED_EDGE( '', *, *, #2497, .F. );
#1329 = ORIENTED_EDGE( '', *, *, #2498, .F. );
#1330 = ORIENTED_EDGE( '', *, *, #2430, .F. );
#1331 = ORIENTED_EDGE( '', *, *, #2499, .F. );
#1332 = ORIENTED_EDGE( '', *, *, #2292, .T. );
#1333 = ORIENTED_EDGE( '', *, *, #2500, .T. );
#1334 = ORIENTED_EDGE( '', *, *, #2501, .T. );
#1335 = ORIENTED_EDGE( '', *, *, #2502, .T. );
#1336 = ORIENTED_EDGE( '', *, *, #2503, .T. );
#1337 = ORIENTED_EDGE( '', *, *, #2504, .F. );
#1338 = ORIENTED_EDGE( '', *, *, #2294, .T. );
#1339 = ORIENTED_EDGE( '', *, *, #2505, .F. );
#1340 = ORIENTED_EDGE( '', *, *, #2426, .F. );
#1341 = ORIENTED_EDGE( '', *, *, #2506, .F. );
#1342 = ORIENTED_EDGE( '', *, *, #2507, .T. );
#1343 = ORIENTED_EDGE( '', *, *, #2508, .F. );
#1344 = ORIENTED_EDGE( '', *, *, #2509, .F. );
#1345 = ORIENTED_EDGE( '', *, *, #2510, .T. );
#1346 = ORIENTED_EDGE( '', *, *, #2511, .F. );
#1347 = ORIENTED_EDGE( '', *, *, #2512, .F. );
#1348 = ORIENTED_EDGE( '', *, *, #2513, .T. );
#1349 = ORIENTED_EDGE( '', *, *, #2514, .F. );
#1350 = ORIENTED_EDGE( '', *, *, #2438, .F. );
#1351 = ORIENTED_EDGE( '', *, *, #2515, .F. );
#1352 = ORIENTED_EDGE( '', *, *, #2516, .F. );
#1353 = ORIENTED_EDGE( '', *, *, #2517, .F. );
#1354 = ORIENTED_EDGE( '', *, *, #2518, .T. );
#1355 = ORIENTED_EDGE( '', *, *, #2519, .T. );
#1356 = ORIENTED_EDGE( '', *, *, #2520, .T. );
#1357 = ORIENTED_EDGE( '', *, *, #2521, .T. );
#1358 = ORIENTED_EDGE( '', *, *, #2522, .T. );
#1359 = ORIENTED_EDGE( '', *, *, #2523, .F. );
#1360 = ORIENTED_EDGE( '', *, *, #2387, .T. );
#1361 = ORIENTED_EDGE( '', *, *, #2524, .T. );
#1362 = ORIENTED_EDGE( '', *, *, #2525, .T. );
#1363 = ORIENTED_EDGE( '', *, *, #2526, .T. );
#1364 = ORIENTED_EDGE( '', *, *, #2383, .T. );
#1365 = ORIENTED_EDGE( '', *, *, #2527, .F. );
#1366 = ORIENTED_EDGE( '', *, *, #2528, .T. );
#1367 = ORIENTED_EDGE( '', *, *, #2529, .T. );
#1368 = ORIENTED_EDGE( '', *, *, #2530, .T. );
#1369 = ORIENTED_EDGE( '', *, *, #2531, .T. );
#1370 = ORIENTED_EDGE( '', *, *, #2532, .F. );
#1371 = ORIENTED_EDGE( '', *, *, #2533, .T. );
#1372 = ORIENTED_EDGE( '', *, *, #2534, .T. );
#1373 = ORIENTED_EDGE( '', *, *, #2535, .T. );
#1374 = ORIENTED_EDGE( '', *, *, #2536, .T. );
#1375 = ORIENTED_EDGE( '', *, *, #2537, .F. );
#1376 = ORIENTED_EDGE( '', *, *, #2414, .F. );
#1377 = ORIENTED_EDGE( '', *, *, #2538, .T. );
#1378 = ORIENTED_EDGE( '', *, *, #2539, .T. );
#1379 = ORIENTED_EDGE( '', *, *, #2540, .T. );
#1380 = ORIENTED_EDGE( '', *, *, #2541, .T. );
#1381 = ORIENTED_EDGE( '', *, *, #2542, .F. );
#1382 = ORIENTED_EDGE( '', *, *, #2543, .T. );
#1383 = ORIENTED_EDGE( '', *, *, #2544, .F. );
#1384 = ORIENTED_EDGE( '', *, *, #2545, .F. );
#1385 = ORIENTED_EDGE( '', *, *, #2546, .T. );
#1386 = ORIENTED_EDGE( '', *, *, #2547, .T. );
#1387 = ORIENTED_EDGE( '', *, *, #2548, .F. );
#1388 = ORIENTED_EDGE( '', *, *, #2395, .F. );
#1389 = ORIENTED_EDGE( '', *, *, #2549, .T. );
#1390 = ORIENTED_EDGE( '', *, *, #2550, .T. );
#1391 = ORIENTED_EDGE( '', *, *, #2379, .F. );
#1392 = ORIENTED_EDGE( '', *, *, #2551, .F. );
#1393 = ORIENTED_EDGE( '', *, *, #2364, .T. );
#1394 = CARTESIAN_POINT( '', ( 0.00349250000000000, 0.000939800000000000, -0.00116840000000000 ) );
#1395 = DIRECTION( '', ( 0.000000000000000, 1.00000000000000, 0.000000000000000 ) );
#1396 = DIRECTION( '', ( 1.00000000000000, 0.000000000000000, -0.000000000000000 ) );
#1397 = ORIENTED_EDGE( '', *, *, #2552, .F. );
#1398 = ORIENTED_EDGE( '', *, *, #2415, .T. );
#1399 = ORIENTED_EDGE( '', *, *, #2542, .T. );
#1400 = ORIENTED_EDGE( '', *, *, #2553, .F. );
#1401 = CARTESIAN_POINT( '', ( 0.00349250000000000, 0.00114300000000000, -0.00116840000000000 ) );
#1402 = DIRECTION( '', ( 0.000000000000000, 0.000000000000000, -1.00000000000000 ) );
#1403 = DIRECTION( '', ( 0.000000000000000, -1.00000000000000, 0.000000000000000 ) );
#1404 = ORIENTED_EDGE( '', *, *, #2517, .T. );
#1405 = ORIENTED_EDGE( '', *, *, #2554, .F. );
#1406 = ORIENTED_EDGE( '', *, *, #2417, .F. );
#1407 = ORIENTED_EDGE( '', *, *, #2555, .T. );
#1408 = CARTESIAN_POINT( '', ( 0.00349250000000000, 0.00114300000000000, -0.00116840000000000 ) );
#1409 = DIRECTION( '', ( 0.000000000000000, 0.000000000000000, -1.00000000000000 ) );
#1410 = DIRECTION( '', ( 0.000000000000000, -1.00000000000000, 0.000000000000000 ) );
#1411 = ORIENTED_EDGE( '', *, *, #2523, .T. );
#1412 = ORIENTED_EDGE( '', *, *, #2556, .F. );
#1413 = ORIENTED_EDGE( '', *, *, #2557, .F. );
#1414 = ORIENTED_EDGE( '', *, *, #2388, .T. );
#1415 = CARTESIAN_POINT( '', ( 0.00349250000000000, 0.00114300000000000, -0.00116840000000000 ) );
#1416 = DIRECTION( '', ( 0.000000000000000, 0.000000000000000, -1.00000000000000 ) );
#1417 = DIRECTION( '', ( 0.000000000000000, -1.00000000000000, 0.000000000000000 ) );
#1418 = ORIENTED_EDGE( '', *, *, #2558, .F. );
#1419 = ORIENTED_EDGE( '', *, *, #2559, .T. );
#1420 = ORIENTED_EDGE( '', *, *, #2537, .T. );
#1421 = ORIENTED_EDGE( '', *, *, #2560, .F. );
#1422 = CARTESIAN_POINT( '', ( 0.00349250000000000, 0.00114300000000000, -0.00116840000000000 ) );
#1423 = DIRECTION( '', ( 0.000000000000000, 0.000000000000000, -1.00000000000000 ) );
#1424 = DIRECTION( '', ( 0.000000000000000, -1.00000000000000, 0.000000000000000 ) );
#1425 = ORIENTED_EDGE( '', *, *, #2527, .T. );
#1426 = ORIENTED_EDGE( '', *, *, #2382, .F. );
#1427 = ORIENTED_EDGE( '', *, *, #2561, .F. );
#1428 = ORIENTED_EDGE( '', *, *, #2562, .T. );
#1429 = CARTESIAN_POINT( '', ( 0.00349250000000000, 0.00114300000000000, -0.00116840000000000 ) );
#1430 = DIRECTION( '', ( 0.000000000000000, 0.000000000000000, -1.00000000000000 ) );
#1431 = DIRECTION( '', ( 0.000000000000000, -1.00000000000000, 0.000000000000000 ) );
#1432 = ORIENTED_EDGE( '', *, *, #2563, .F. );
#1433 = ORIENTED_EDGE( '', *, *, #2289, .T. );
#1434 = ORIENTED_EDGE( '', *, *, #2504, .T. );
#1435 = ORIENTED_EDGE( '', *, *, #2564, .F. );
#1436 = CARTESIAN_POINT( '', ( 0.00349250000000000, 0.00114300000000000, -0.00116840000000000 ) );
#1437 = DIRECTION( '', ( 0.000000000000000, 0.000000000000000, -1.00000000000000 ) );
#1438 = DIRECTION( '', ( 0.000000000000000, -1.00000000000000, 0.000000000000000 ) );
#1439 = ORIENTED_EDGE( '', *, *, #2564, .T. );
#1440 = ORIENTED_EDGE( '', *, *, #2503, .F. );
#1441 = ORIENTED_EDGE( '', *, *, #2565, .F. );
#1442 = ORIENTED_EDGE( '', *, *, #2566, .F. );
#1443 = CARTESIAN_POINT( '', ( 0.00306070000000000, 0.00114300000000000, -0.000484434670518104 ) );
#1444 = DIRECTION( '', ( 1.00000000000000, 0.000000000000000, 0.000000000000000 ) );
#1445 = DIRECTION( '', ( 0.000000000000000, 1.00000000000000, -0.000000000000000 ) );
#1446 = ORIENTED_EDGE( '', *, *, #2567, .T. );
#1447 = ORIENTED_EDGE( '', *, *, #2501, .F. );
#1448 = ORIENTED_EDGE( '', *, *, #2568, .T. );
#1449 = ORIENTED_EDGE( '', *, *, #2569, .T. );
#1450 = CARTESIAN_POINT( '', ( 0.00254000000000000, 0.00114300000000000, 0.00116840000000000 ) );
#1451 = DIRECTION( '', ( 1.00000000000000, 0.000000000000000, 0.000000000000000 ) );
#1452 = DIRECTION( '', ( 0.000000000000000, 1.00000000000000, -0.000000000000000 ) );
#1453 = ORIENTED_EDGE( '', *, *, #2565, .T. );
#1454 = ORIENTED_EDGE( '', *, *, #2502, .F. );
#1455 = ORIENTED_EDGE( '', *, *, #2567, .F. );
#1456 = ORIENTED_EDGE( '', *, *, #2570, .T. );
#1457 = CARTESIAN_POINT( '', ( 0.00254000000000000, 0.00114300000000000, 0.000000000000000 ) );
#1458 = DIRECTION( '', ( 0.000000000000000, -1.00000000000000, -0.000000000000000 ) );
#1459 = DIRECTION( '', ( 1.00000000000000, 0.000000000000000, 0.000000000000000 ) );
#1460 = ORIENTED_EDGE( '', *, *, #2396, .T. );
#1461 = ORIENTED_EDGE( '', *, *, #2548, .T. );
#1462 = ORIENTED_EDGE( '', *, *, #2571, .T. );
#1463 = ORIENTED_EDGE( '', *, *, #2572, .T. );
#1464 = CARTESIAN_POINT( '', ( 0.000330200000000000, 0.000000000000000, 0.000000000000000 ) );
#1465 = DIRECTION( '', ( 1.00000000000000, 0.000000000000000, 0.000000000000000 ) );
#1466 = DIRECTION( '', ( 0.000000000000000, 1.00000000000000, -0.000000000000000 ) );
#1467 = ORIENTED_EDGE( '', *, *, #2346, .F. );
#1468 = ORIENTED_EDGE( '', *, *, #2470, .F. );
#1469 = ORIENTED_EDGE( '', *, *, #2360, .F. );
#1470 = ORIENTED_EDGE( '', *, *, #2573, .F. );
#1471 = CARTESIAN_POINT( '', ( -0.000533400000000000, -0.00114300000000000, 0.000470414583107230 ) );
#1472 = DIRECTION( '', ( -1.00000000000000, 0.000000000000000, 0.000000000000000 ) );
#1473 = DIRECTION( '', ( 0.000000000000000, 0.000000000000000, 1.00000000000000 ) );
#1474 = ORIENTED_EDGE( '', *, *, #2560, .T. );
#1475 = ORIENTED_EDGE( '', *, *, #2536, .F. );
#1476 = ORIENTED_EDGE( '', *, *, #2574, .F. );
#1477 = ORIENTED_EDGE( '', *, *, #2575, .F. );
#1478 = CARTESIAN_POINT( '', ( 0.000520700000000000, 0.00114300000000000, -0.000484434670518104 ) );
#1479 = DIRECTION( '', ( 1.00000000000000, 0.000000000000000, 0.000000000000000 ) );
#1480 = DIRECTION( '', ( 0.000000000000000, 1.00000000000000, -0.000000000000000 ) );
#1481 = ORIENTED_EDGE( '', *, *, #2441, .F. );
#1482 = ORIENTED_EDGE( '', *, *, #2435, .F. );
#1483 = ORIENTED_EDGE( '', *, *, #2514, .T. );
#1484 = ORIENTED_EDGE( '', *, *, #2576, .T. );
#1485 = CARTESIAN_POINT( '', ( -0.00381000000000000, 0.000939800000000000, -0.00100330000000000 ) );
#1486 = DIRECTION( '', ( -0.605083267533586, 0.000000000000000, -0.796162194123081 ) );
#1487 = DIRECTION( '', ( -0.796162194123081, 0.000000000000000, 0.605083267533586 ) );
#1488 = ORIENTED_EDGE( '', *, *, #2510, .F. );
#1489 = ORIENTED_EDGE( '', *, *, #2577, .T. );
#1490 = ORIENTED_EDGE( '', *, *, #2445, .T. );
#1491 = ORIENTED_EDGE( '', *, *, #2578, .F. );
#1492 = CARTESIAN_POINT( '', ( 0.00349250000000000, 0.000939800000000000, -0.00124460000000000 ) );
#1493 = DIRECTION( '', ( 0.000000000000000, 0.000000000000000, -1.00000000000000 ) );
#1494 = DIRECTION( '', ( 0.000000000000000, -1.00000000000000, 0.000000000000000 ) );
#1495 = ORIENTED_EDGE( '', *, *, #2579, .F. );
#1496 = ORIENTED_EDGE( '', *, *, #2580, .T. );
#1497 = ORIENTED_EDGE( '', *, *, #2581, .F. );
#1498 = ORIENTED_EDGE( '', *, *, #2582, .F. );
#1499 = CARTESIAN_POINT( '', ( -0.00287020000000000, -0.00431800000000000, 0.000330200000000000 ) );
#1500 = DIRECTION( '', ( 0.000000000000000, -1.00000000000000, 0.000000000000000 ) );
#1501 = DIRECTION( '', ( 0.000000000000000, 0.000000000000000, -1.00000000000000 ) );
#1502 = ORIENTED_EDGE( '', *, *, #2583, .T. );
#1503 = ORIENTED_EDGE( '', *, *, #2584, .T. );
#1504 = ORIENTED_EDGE( '', *, *, #2585, .T. );
#1505 = ORIENTED_EDGE( '', *, *, #2586, .F. );
#1506 = CARTESIAN_POINT( '', ( 0.00254000000000000, 0.00673100000000000, 0.000234950000000000 ) );
#1507 = DIRECTION( '', ( 0.000000000000000, 0.184288535050203, 0.982872186934319 ) );
#1508 = DIRECTION( '', ( 1.00000000000000, -0.000000000000000, 0.000000000000000 ) );
#1509 = ORIENTED_EDGE( '', *, *, #2372, .T. );
#1510 = ORIENTED_EDGE( '', *, *, #2465, .F. );
#1511 = ORIENTED_EDGE( '', *, *, #2587, .F. );
#1512 = ORIENTED_EDGE( '', *, *, #2588, .T. );
#1513 = CARTESIAN_POINT( '', ( 0.000000000000000, -0.00114300000000000, 0.000000000000000 ) );
#1514 = DIRECTION( '', ( -0.000000000000000, 1.00000000000000, -0.000000000000000 ) );
#1515 = DIRECTION( '', ( 1.00000000000000, 0.000000000000000, 0.000000000000000 ) );
#1516 = ORIENTED_EDGE( '', *, *, #2304, .F. );
#1517 = ORIENTED_EDGE( '', *, *, #2589, .F. );
#1518 = ORIENTED_EDGE( '', *, *, #2590, .F. );
#1519 = ORIENTED_EDGE( '', *, *, #2591, .T. );
#1520 = CARTESIAN_POINT( '', ( -0.00287020000000000, 0.00723900000000000, -0.000330200000000000 ) );
#1521 = DIRECTION( '', ( 0.000000000000000, 1.00000000000000, 0.000000000000000 ) );
#1522 = DIRECTION( '', ( 1.00000000000000, 0.000000000000000, -0.000000000000000 ) );
#1523 = ORIENTED_EDGE( '', *, *, #2592, .T. );
#1524 = ORIENTED_EDGE( '', *, *, #2593, .T. );
#1525 = ORIENTED_EDGE( '', *, *, #2301, .T. );
#1526 = ORIENTED_EDGE( '', *, *, #2591, .F. );
#1527 = CARTESIAN_POINT( '', ( -0.00254000000000000, 0.00673100000000000, -0.000234950000000000 ) );
#1528 = DIRECTION( '', ( 0.000000000000000, 0.184288535050203, -0.982872186934319 ) );
#1529 = DIRECTION( '', ( -1.00000000000000, 0.000000000000000, 0.000000000000000 ) );
#1530 = ORIENTED_EDGE( '', *, *, #2380, .F. );
#1531 = ORIENTED_EDGE( '', *, *, #2550, .F. );
#1532 = ORIENTED_EDGE( '', *, *, #2363, .T. );
#1533 = ORIENTED_EDGE( '', *, *, #2593, .F. );
#1534 = CARTESIAN_POINT( '', ( -0.00287020000000000, -0.00431800000000000, -0.000330200000000000 ) );
#1535 = DIRECTION( '', ( 0.000000000000000, 0.000000000000000, -1.00000000000000 ) );
#1536 = DIRECTION( '', ( 0.000000000000000, -1.00000000000000, 0.000000000000000 ) );
#1537 = ORIENTED_EDGE( '', *, *, #2594, .F. );
#1538 = ORIENTED_EDGE( '', *, *, #2581, .T. );
#1539 = ORIENTED_EDGE( '', *, *, #2595, .T. );
#1540 = ORIENTED_EDGE( '', *, *, #2596, .F. );
#1541 = CARTESIAN_POINT( '', ( -0.00277495000000000, -0.00381000000000000, 0.000000000000000 ) );
#1542 = DIRECTION( '', ( -0.982872186934319, -0.184288535050203, 0.000000000000000 ) );
#1543 = DIRECTION( '', ( -0.184288535050203, 0.982872186934319, 0.000000000000000 ) );
#1544 = ORIENTED_EDGE( '', *, *, #2434, .F. );
#1545 = ORIENTED_EDGE( '', *, *, #2597, .F. );
#1546 = ORIENTED_EDGE( '', *, *, #2295, .T. );
#1547 = ORIENTED_EDGE( '', *, *, #2598, .T. );
#1548 = CARTESIAN_POINT( '', ( 0.00365125000000000, -0.000749300000000000, 0.000000000000000 ) );
#1549 = DIRECTION( '', ( 0.768221279597376, -0.640184399664480, 0.000000000000000 ) );
#1550 = DIRECTION( '', ( 0.000000000000000, 0.000000000000000, -1.00000000000000 ) );
#1551 = ORIENTED_EDGE( '', *, *, #2599, .T. );
#1552 = ORIENTED_EDGE( '', *, *, #2384, .F. );
#1553 = ORIENTED_EDGE( '', *, *, #2531, .F. );
#1554 = ORIENTED_EDGE( '', *, *, #2600, .T. );
#1555 = CARTESIAN_POINT( '', ( 0.00349250000000000, 0.000939800000000000, 0.00116840000000000 ) );
#1556 = DIRECTION( '', ( 0.000000000000000, 0.000000000000000, 1.00000000000000 ) );
#1557 = DIRECTION( '', ( 1.00000000000000, -0.000000000000000, 0.000000000000000 ) );
#1558 = ORIENTED_EDGE( '', *, *, #2601, .T. );
#1559 = ORIENTED_EDGE( '', *, *, #2461, .F. );
#1560 = ORIENTED_EDGE( '', *, *, #2602, .F. );
#1561 = ORIENTED_EDGE( '', *, *, #2603, .T. );
#1562 = CARTESIAN_POINT( '', ( -0.00254000000000000, -0.00114300000000000, 0.000000000000000 ) );
#1563 = DIRECTION( '', ( -0.000000000000000, 1.00000000000000, -0.000000000000000 ) );
#1564 = DIRECTION( '', ( 1.00000000000000, 0.000000000000000, 0.000000000000000 ) );
#1565 = ORIENTED_EDGE( '', *, *, #2604, .T. );
#1566 = ORIENTED_EDGE( '', *, *, #2529, .F. );
#1567 = ORIENTED_EDGE( '', *, *, #2605, .F. );
#1568 = ORIENTED_EDGE( '', *, *, #2606, .T. );
#1569 = CARTESIAN_POINT( '', ( 0.00254000000000000, 0.00114300000000000, 0.000000000000000 ) );
#1570 = DIRECTION( '', ( 0.000000000000000, -1.00000000000000, -0.000000000000000 ) );
#1571 = DIRECTION( '', ( 1.00000000000000, 0.000000000000000, 0.000000000000000 ) );
#1572 = ORIENTED_EDGE( '', *, *, #2556, .T. );
#1573 = ORIENTED_EDGE( '', *, *, #2522, .F. );
#1574 = ORIENTED_EDGE( '', *, *, #2607, .T. );
#1575 = ORIENTED_EDGE( '', *, *, #2608, .T. );
#1576 = CARTESIAN_POINT( '', ( -0.000952500000000000, 0.000939800000000000, 0.00124460000000000 ) );
#1577 = DIRECTION( '', ( 1.00000000000000, 0.000000000000000, 0.000000000000000 ) );
#1578 = DIRECTION( '', ( 0.000000000000000, 1.00000000000000, -0.000000000000000 ) );
#1579 = ORIENTED_EDGE( '', *, *, #2492, .T. );
#1580 = ORIENTED_EDGE( '', *, *, #2311, .T. );
#1581 = ORIENTED_EDGE( '', *, *, #2458, .F. );
#1582 = ORIENTED_EDGE( '', *, *, #2609, .T. );
#1583 = CARTESIAN_POINT( '', ( 0.00349250000000000, -0.000939800000000000, 0.00124460000000000 ) );
#1584 = DIRECTION( '', ( 0.000000000000000, 0.000000000000000, 1.00000000000000 ) );
#1585 = DIRECTION( '', ( 1.00000000000000, -0.000000000000000, 0.000000000000000 ) );
#1586 = ORIENTED_EDGE( '', *, *, #2610, .T. );
#1587 = ORIENTED_EDGE( '', *, *, #2524, .F. );
#1588 = ORIENTED_EDGE( '', *, *, #2386, .F. );
#1589 = ORIENTED_EDGE( '', *, *, #2611, .T. );
#1590 = CARTESIAN_POINT( '', ( 0.000000000000000, 0.00114300000000000, 0.000000000000000 ) );
#1591 = DIRECTION( '', ( 0.000000000000000, -1.00000000000000, -0.000000000000000 ) );
#1592 = DIRECTION( '', ( 1.00000000000000, 0.000000000000000, 0.000000000000000 ) );
#1593 = ORIENTED_EDGE( '', *, *, #2612, .T. );
#1594 = ORIENTED_EDGE( '', *, *, #2446, .T. );
#1595 = ORIENTED_EDGE( '', *, *, #2577, .F. );
#1596 = ORIENTED_EDGE( '', *, *, #2509, .T. );
#1597 = CARTESIAN_POINT( '', ( 0.00101600000000000, 0.00114300000000000, -0.00124460000000000 ) );
#1598 = DIRECTION( '', ( -0.707106781186548, 0.000000000000000, 0.707106781186548 ) );
#1599 = DIRECTION( '', ( 0.000000000000000, 1.00000000000000, 0.000000000000000 ) );
#1600 = ORIENTED_EDGE( '', *, *, #2437, .T. );
#1601 = ORIENTED_EDGE( '', *, *, #2440, .F. );
#1602 = ORIENTED_EDGE( '', *, *, #2613, .F. );
#1603 = ORIENTED_EDGE( '', *, *, #2515, .T. );
#1604 = CARTESIAN_POINT( '', ( -0.00349250000000000, 0.000939800000000000, -0.000914400000000000 ) );
#1605 = DIRECTION( '', ( 0.000000000000000, 0.000000000000000, 1.00000000000000 ) );
#1606 = DIRECTION( '', ( 1.00000000000000, -0.000000000000000, 0.000000000000000 ) );
#1607 = ORIENTED_EDGE( '', *, *, #2602, .T. );
#1608 = ORIENTED_EDGE( '', *, *, #2460, .F. );
#1609 = ORIENTED_EDGE( '', *, *, #2333, .F. );
#1610 = ORIENTED_EDGE( '', *, *, #2614, .T. );
#1611 = CARTESIAN_POINT( '', ( -0.00254000000000000, -0.00114300000000000, 0.00116840000000000 ) );
#1612 = DIRECTION( '', ( -1.00000000000000, 0.000000000000000, 0.000000000000000 ) );
#1613 = DIRECTION( '', ( 0.000000000000000, 0.000000000000000, 1.00000000000000 ) );
#1614 = ORIENTED_EDGE( '', *, *, #2423, .F. );
#1615 = ORIENTED_EDGE( '', *, *, #2598, .F. );
#1616 = ORIENTED_EDGE( '', *, *, #2450, .F. );
#1617 = CARTESIAN_POINT( '', ( 0.00381000000000000, 0.000939800000000000, -0.000914400000000000 ) );
#1618 = DIRECTION( '', ( 0.000000000000000, 0.000000000000000, 1.00000000000000 ) );
#1619 = DIRECTION( '', ( 1.00000000000000, -0.000000000000000, 0.000000000000000 ) );
#1620 = ORIENTED_EDGE( '', *, *, #2615, .T. );
#1621 = ORIENTED_EDGE( '', *, *, #2518, .F. );
#1622 = ORIENTED_EDGE( '', *, *, #2555, .F. );
#1623 = ORIENTED_EDGE( '', *, *, #2422, .T. );
#1624 = CARTESIAN_POINT( '', ( -0.00254000000000000, 0.00114300000000000, -0.00116840000000000 ) );
#1625 = DIRECTION( '', ( -1.00000000000000, 0.000000000000000, 0.000000000000000 ) );
#1626 = DIRECTION( '', ( 0.000000000000000, 0.000000000000000, 1.00000000000000 ) );
#1627 = ORIENTED_EDGE( '', *, *, #2616, .T. );
#1628 = ORIENTED_EDGE( '', *, *, #2479, .F. );
#1629 = ORIENTED_EDGE( '', *, *, #2617, .T. );
#1630 = ORIENTED_EDGE( '', *, *, #2618, .T. );
#1631 = CARTESIAN_POINT( '', ( 0.000330200000000000, 0.000000000000000, 0.000000000000000 ) );
#1632 = DIRECTION( '', ( 1.00000000000000, 0.000000000000000, 0.000000000000000 ) );
#1633 = DIRECTION( '', ( 0.000000000000000, 1.00000000000000, -0.000000000000000 ) );
#1634 = ORIENTED_EDGE( '', *, *, #2619, .T. );
#1635 = ORIENTED_EDGE( '', *, *, #2519, .F. );
#1636 = ORIENTED_EDGE( '', *, *, #2615, .F. );
#1637 = ORIENTED_EDGE( '', *, *, #2421, .T. );
#1638 = CARTESIAN_POINT( '', ( -0.00254000000000000, 0.00114300000000000, 0.000000000000000 ) );
#1639 = DIRECTION( '', ( 0.000000000000000, -1.00000000000000, -0.000000000000000 ) );
#1640 = DIRECTION( '', ( 1.00000000000000, 0.000000000000000, 0.000000000000000 ) );
#1641 = ORIENTED_EDGE( '', *, *, #2620, .F. );
#1642 = ORIENTED_EDGE( '', *, *, #2520, .F. );
#1643 = ORIENTED_EDGE( '', *, *, #2619, .F. );
#1644 = ORIENTED_EDGE( '', *, *, #2420, .F. );
#1645 = CARTESIAN_POINT( '', ( -0.00306070000000000, 0.00114300000000000, 0.000484434670518104 ) );
#1646 = DIRECTION( '', ( -1.00000000000000, 0.000000000000000, 0.000000000000000 ) );
#1647 = DIRECTION( '', ( 0.000000000000000, 0.000000000000000, 1.00000000000000 ) );
#1648 = ORIENTED_EDGE( '', *, *, #2621, .T. );
#1649 = ORIENTED_EDGE( '', *, *, #2540, .F. );
#1650 = ORIENTED_EDGE( '', *, *, #2622, .F. );
#1651 = ORIENTED_EDGE( '', *, *, #2623, .T. );
#1652 = CARTESIAN_POINT( '', ( -0.00254000000000000, 0.00114300000000000, 0.000000000000000 ) );
#1653 = DIRECTION( '', ( 0.000000000000000, -1.00000000000000, -0.000000000000000 ) );
#1654 = DIRECTION( '', ( 1.00000000000000, 0.000000000000000, 0.000000000000000 ) );
#1655 = ORIENTED_EDGE( '', *, *, #2622, .T. );
#1656 = ORIENTED_EDGE( '', *, *, #2539, .F. );
#1657 = ORIENTED_EDGE( '', *, *, #2624, .T. );
#1658 = ORIENTED_EDGE( '', *, *, #2625, .T. );
#1659 = CARTESIAN_POINT( '', ( -0.00254000000000000, 0.00114300000000000, 0.00116840000000000 ) );
#1660 = DIRECTION( '', ( 1.00000000000000, 0.000000000000000, 0.000000000000000 ) );
#1661 = DIRECTION( '', ( 0.000000000000000, 1.00000000000000, -0.000000000000000 ) );
#1662 = ORIENTED_EDGE( '', *, *, #2553, .T. );
#1663 = ORIENTED_EDGE( '', *, *, #2541, .F. );
#1664 = ORIENTED_EDGE( '', *, *, #2621, .F. );
#1665 = ORIENTED_EDGE( '', *, *, #2626, .F. );
#1666 = CARTESIAN_POINT( '', ( -0.00201930000000000, 0.00114300000000000, -0.000484434670518104 ) );
#1667 = DIRECTION( '', ( 1.00000000000000, 0.000000000000000, 0.000000000000000 ) );
#1668 = DIRECTION( '', ( 0.000000000000000, 1.00000000000000, -0.000000000000000 ) );
#1669 = ORIENTED_EDGE( '', *, *, #2627, .T. );
#1670 = ORIENTED_EDGE( '', *, *, #2480, .T. );
#1671 = ORIENTED_EDGE( '', *, *, #2616, .F. );
#1672 = ORIENTED_EDGE( '', *, *, #2490, .T. );
#1673 = CARTESIAN_POINT( '', ( -0.000330200000000000, -0.00431800000000000, -0.000330200000000000 ) );
#1674 = DIRECTION( '', ( 0.000000000000000, 0.000000000000000, -1.00000000000000 ) );
#1675 = DIRECTION( '', ( 0.000000000000000, -1.00000000000000, 0.000000000000000 ) );
#1676 = ORIENTED_EDGE( '', *, *, #2571, .F. );
#1677 = ORIENTED_EDGE( '', *, *, #2547, .F. );
#1678 = ORIENTED_EDGE( '', *, *, #2628, .T. );
#1679 = ORIENTED_EDGE( '', *, *, #2391, .F. );
#1680 = CARTESIAN_POINT( '', ( -0.000330200000000000, -0.00431800000000000, -0.000330200000000000 ) );
#1681 = DIRECTION( '', ( 0.000000000000000, 0.000000000000000, -1.00000000000000 ) );
#1682 = DIRECTION( '', ( 0.000000000000000, -1.00000000000000, 0.000000000000000 ) );
#1683 = ORIENTED_EDGE( '', *, *, #2629, .F. );
#1684 = ORIENTED_EDGE( '', *, *, #2630, .F. );
#1685 = ORIENTED_EDGE( '', *, *, #2631, .F. );
#1686 = ORIENTED_EDGE( '', *, *, #2393, .T. );
#1687 = CARTESIAN_POINT( '', ( -0.000330200000000000, 0.00723900000000000, -0.000330200000000000 ) );
#1688 = DIRECTION( '', ( 0.000000000000000, 1.00000000000000, 0.000000000000000 ) );
#1689 = DIRECTION( '', ( 1.00000000000000, 0.000000000000000, -0.000000000000000 ) );
#1690 = ORIENTED_EDGE( '', *, *, #2392, .F. );
#1691 = ORIENTED_EDGE( '', *, *, #2632, .F. );
#1692 = ORIENTED_EDGE( '', *, *, #2633, .F. );
#1693 = ORIENTED_EDGE( '', *, *, #2629, .T. );
#1694 = CARTESIAN_POINT( '', ( -0.000234950000000000, 0.00673100000000000, 0.000000000000000 ) );
#1695 = DIRECTION( '', ( -0.982872186934319, 0.184288535050203, 0.000000000000000 ) );
#1696 = DIRECTION( '', ( 0.000000000000000, 0.000000000000000, 1.00000000000000 ) );
#1697 = ORIENTED_EDGE( '', *, *, #2634, .F. );
#1698 = ORIENTED_EDGE( '', *, *, #2635, .F. );
#1699 = ORIENTED_EDGE( '', *, *, #2636, .F. );
#1700 = ORIENTED_EDGE( '', *, *, #2579, .T. );
#1701 = CARTESIAN_POINT( '', ( -0.00230505000000000, -0.00381000000000000, 0.000000000000000 ) );
#1702 = DIRECTION( '', ( 0.982872186934319, -0.184288535050203, 0.000000000000000 ) );
#1703 = DIRECTION( '', ( 0.000000000000000, 0.000000000000000, -1.00000000000000 ) );
#1704 = ORIENTED_EDGE( '', *, *, #2429, .T. );
#1705 = ORIENTED_EDGE( '', *, *, #2637, .F. );
#1706 = ORIENTED_EDGE( '', *, *, #2499, .T. );
#1707 = CARTESIAN_POINT( '', ( 0.00349250000000000, 0.000939800000000000, 0.000914400000000000 ) );
#1708 = DIRECTION( '', ( 0.000000000000000, 0.000000000000000, -1.00000000000000 ) );
#1709 = DIRECTION( '', ( 0.000000000000000, -1.00000000000000, 0.000000000000000 ) );
#1710 = ORIENTED_EDGE( '', *, *, #2600, .F. );
#1711 = ORIENTED_EDGE( '', *, *, #2530, .F. );
#1712 = ORIENTED_EDGE( '', *, *, #2604, .F. );
#1713 = ORIENTED_EDGE( '', *, *, #2638, .F. );
#1714 = CARTESIAN_POINT( '', ( 0.00201930000000000, 0.00114300000000000, 0.000484434670518104 ) );
#1715 = DIRECTION( '', ( -1.00000000000000, 0.000000000000000, 0.000000000000000 ) );
#1716 = DIRECTION( '', ( 0.000000000000000, 0.000000000000000, 1.00000000000000 ) );
#1717 = ORIENTED_EDGE( '', *, *, #2609, .F. );
#1718 = ORIENTED_EDGE( '', *, *, #2457, .T. );
#1719 = ORIENTED_EDGE( '', *, *, #2639, .F. );
#1720 = ORIENTED_EDGE( '', *, *, #2493, .T. );
#1721 = CARTESIAN_POINT( '', ( -0.00127000000000000, 0.00114300000000000, 0.000990600000000000 ) );
#1722 = DIRECTION( '', ( -0.707106781186548, 0.000000000000000, -0.707106781186548 ) );
#1723 = DIRECTION( '', ( -0.707106781186548, 0.000000000000000, 0.707106781186548 ) );
#1724 = ORIENTED_EDGE( '', *, *, #2639, .T. );
#1725 = ORIENTED_EDGE( '', *, *, #2456, .T. );
#1726 = ORIENTED_EDGE( '', *, *, #2640, .T. );
#1727 = ORIENTED_EDGE( '', *, *, #2494, .T. );
#1728 = CARTESIAN_POINT( '', ( -0.00101600000000000, 0.00114300000000000, 0.00124460000000000 ) );
#1729 = DIRECTION( '', ( 0.707106781186548, 0.000000000000000, -0.707106781186548 ) );
#1730 = DIRECTION( '', ( 0.000000000000000, -1.00000000000000, 0.000000000000000 ) );
#1731 = ORIENTED_EDGE( '', *, *, #2335, .F. );
#1732 = ORIENTED_EDGE( '', *, *, #2471, .F. );
#1733 = ORIENTED_EDGE( '', *, *, #2326, .F. );
#1734 = ORIENTED_EDGE( '', *, *, #2641, .F. );
#1735 = CARTESIAN_POINT( '', ( -0.00158750000000000, -0.000939800000000000, 0.00124460000000000 ) );
#1736 = DIRECTION( '', ( -1.00000000000000, 0.000000000000000, 0.000000000000000 ) );
#1737 = DIRECTION( '', ( 0.000000000000000, 0.000000000000000, 1.00000000000000 ) );
#1738 = ORIENTED_EDGE( '', *, *, #2642, .F. );
#1739 = ORIENTED_EDGE( '', *, *, #2497, .T. );
#1740 = ORIENTED_EDGE( '', *, *, #2643, .F. );
#1741 = ORIENTED_EDGE( '', *, *, #2453, .F. );
#1742 = CARTESIAN_POINT( '', ( 0.00349250000000000, -0.000939800000000000, 0.00124460000000000 ) );
#1743 = DIRECTION( '', ( 0.000000000000000, 0.000000000000000, 1.00000000000000 ) );
#1744 = DIRECTION( '', ( 1.00000000000000, -0.000000000000000, 0.000000000000000 ) );
#1745 = ORIENTED_EDGE( '', *, *, #2365, .T. );
#1746 = ORIENTED_EDGE( '', *, *, #2551, .T. );
#1747 = ORIENTED_EDGE( '', *, *, #2378, .F. );
#1748 = ORIENTED_EDGE( '', *, *, #2644, .T. );
#1749 = CARTESIAN_POINT( '', ( -0.00287020000000000, 0.00723900000000000, 0.000330200000000000 ) );
#1750 = DIRECTION( '', ( 0.000000000000000, 0.000000000000000, 1.00000000000000 ) );
#1751 = DIRECTION( '', ( 1.00000000000000, -0.000000000000000, 0.000000000000000 ) );
#1752 = ORIENTED_EDGE( '', *, *, #2595, .F. );
#1753 = ORIENTED_EDGE( '', *, *, #2580, .F. );
#1754 = ORIENTED_EDGE( '', *, *, #2636, .T. );
#1755 = ORIENTED_EDGE( '', *, *, #2645, .T. );
#1756 = CARTESIAN_POINT( '', ( -0.00254000000000000, -0.00381000000000000, 0.000234950000000000 ) );
#1757 = DIRECTION( '', ( 0.000000000000000, -0.184288535050203, 0.982872186934319 ) );
#1758 = DIRECTION( '', ( -1.00000000000000, 0.000000000000000, 0.000000000000000 ) );
#1759 = ORIENTED_EDGE( '', *, *, #2646, .F. );
#1760 = ORIENTED_EDGE( '', *, *, #2532, .T. );
#1761 = ORIENTED_EDGE( '', *, *, #2559, .F. );
#1762 = ORIENTED_EDGE( '', *, *, #2647, .F. );
#1763 = CARTESIAN_POINT( '', ( 0.000952500000000000, 0.00119380000000000, 0.00124460000000000 ) );
#1764 = DIRECTION( '', ( -1.00000000000000, 0.000000000000000, 0.000000000000000 ) );
#1765 = DIRECTION( '', ( 0.000000000000000, 0.000000000000000, 1.00000000000000 ) );
#1766 = ORIENTED_EDGE( '', *, *, #2648, .T. );
#1767 = ORIENTED_EDGE( '', *, *, #2589, .T. );
#1768 = ORIENTED_EDGE( '', *, *, #2303, .T. );
#1769 = ORIENTED_EDGE( '', *, *, #2644, .F. );
#1770 = CARTESIAN_POINT( '', ( -0.00254000000000000, 0.00673100000000000, 0.000234950000000000 ) );
#1771 = DIRECTION( '', ( 0.000000000000000, 0.184288535050203, 0.982872186934319 ) );
#1772 = DIRECTION( '', ( 1.00000000000000, -0.000000000000000, 0.000000000000000 ) );
#1773 = ORIENTED_EDGE( '', *, *, #2538, .F. );
#1774 = ORIENTED_EDGE( '', *, *, #2413, .T. );
#1775 = ORIENTED_EDGE( '', *, *, #2649, .T. );
#1776 = ORIENTED_EDGE( '', *, *, #2624, .F. );
#1777 = CARTESIAN_POINT( '', ( 0.00349250000000000, 0.000939800000000000, 0.00116840000000000 ) );
#1778 = DIRECTION( '', ( 0.000000000000000, 0.000000000000000, 1.00000000000000 ) );
#1779 = DIRECTION( '', ( 1.00000000000000, -0.000000000000000, 0.000000000000000 ) );
#1780 = ORIENTED_EDGE( '', *, *, #2625, .F. );
#1781 = ORIENTED_EDGE( '', *, *, #2649, .F. );
#1782 = ORIENTED_EDGE( '', *, *, #2416, .T. );
#1783 = ORIENTED_EDGE( '', *, *, #2552, .T. );
#1784 = ORIENTED_EDGE( '', *, *, #2626, .T. );
#1785 = ORIENTED_EDGE( '', *, *, #2623, .F. );
#1786 = CARTESIAN_POINT( '', ( 0.00349250000000000, 0.00114300000000000, 0.00116840000000000 ) );
#1787 = DIRECTION( '', ( 0.000000000000000, 1.00000000000000, 0.000000000000000 ) );
#1788 = DIRECTION( '', ( 1.00000000000000, 0.000000000000000, -0.000000000000000 ) );
#1789 = ORIENTED_EDGE( '', *, *, #2452, .F. );
#1790 = ORIENTED_EDGE( '', *, *, #2431, .F. );
#1791 = ORIENTED_EDGE( '', *, *, #2498, .T. );
#1792 = ORIENTED_EDGE( '', *, *, #2642, .T. );
#1793 = CARTESIAN_POINT( '', ( 0.00381000000000000, 0.000939800000000000, 0.00100330000000000 ) );
#1794 = DIRECTION( '', ( 0.605083267533586, 0.000000000000000, 0.796162194123081 ) );
#1795 = DIRECTION( '', ( 0.000000000000000, -1.00000000000000, 0.000000000000000 ) );
#1796 = ORIENTED_EDGE( '', *, *, #2419, .T. );
#1797 = ORIENTED_EDGE( '', *, *, #2650, .F. );
#1798 = ORIENTED_EDGE( '', *, *, #2521, .F. );
#1799 = ORIENTED_EDGE( '', *, *, #2620, .T. );
#1800 = CARTESIAN_POINT( '', ( 0.00349250000000000, 0.000939800000000000, 0.00116840000000000 ) );
#1801 = DIRECTION( '', ( 0.000000000000000, 0.000000000000000, 1.00000000000000 ) );
#1802 = DIRECTION( '', ( 1.00000000000000, -0.000000000000000, 0.000000000000000 ) );
#1803 = ORIENTED_EDGE( '', *, *, #2605, .T. );
#1804 = ORIENTED_EDGE( '', *, *, #2528, .F. );
#1805 = ORIENTED_EDGE( '', *, *, #2562, .F. );
#1806 = ORIENTED_EDGE( '', *, *, #2651, .T. );
#1807 = CARTESIAN_POINT( '', ( 0.00254000000000000, 0.00114300000000000, -0.00116840000000000 ) );
#1808 = DIRECTION( '', ( -1.00000000000000, 0.000000000000000, 0.000000000000000 ) );
#1809 = DIRECTION( '', ( 0.000000000000000, 0.000000000000000, 1.00000000000000 ) );
#1810 = ORIENTED_EDGE( '', *, *, #2349, .F. );
#1811 = ORIENTED_EDGE( '', *, *, #2652, .T. );
#1812 = ORIENTED_EDGE( '', *, *, #2653, .T. );
#1813 = ORIENTED_EDGE( '', *, *, #2373, .T. );
#1814 = ORIENTED_EDGE( '', *, *, #2588, .F. );
#1815 = ORIENTED_EDGE( '', *, *, #2654, .F. );
#1816 = CARTESIAN_POINT( '', ( 0.00349250000000000, -0.00114300000000000, -0.00116840000000000 ) );
#1817 = DIRECTION( '', ( 0.000000000000000, -1.00000000000000, 0.000000000000000 ) );
#1818 = DIRECTION( '', ( 0.000000000000000, 0.000000000000000, -1.00000000000000 ) );
#1819 = ORIENTED_EDGE( '', *, *, #2332, .T. );
#1820 = ORIENTED_EDGE( '', *, *, #2655, .F. );
#1821 = ORIENTED_EDGE( '', *, *, #2338, .F. );
#1822 = ORIENTED_EDGE( '', *, *, #2656, .T. );
#1823 = ORIENTED_EDGE( '', *, *, #2603, .F. );
#1824 = ORIENTED_EDGE( '', *, *, #2614, .F. );
#1825 = CARTESIAN_POINT( '', ( 0.00349250000000000, -0.00114300000000000, -0.00116840000000000 ) );
#1826 = DIRECTION( '', ( 0.000000000000000, -1.00000000000000, 0.000000000000000 ) );
#1827 = DIRECTION( '', ( 0.000000000000000, 0.000000000000000, -1.00000000000000 ) );
#1828 = ORIENTED_EDGE( '', *, *, #2321, .T. );
#1829 = ORIENTED_EDGE( '', *, *, #2359, .F. );
#1830 = ORIENTED_EDGE( '', *, *, #2343, .F. );
#1831 = ORIENTED_EDGE( '', *, *, #2573, .T. );
#1832 = ORIENTED_EDGE( '', *, *, #2362, .F. );
#1833 = ORIENTED_EDGE( '', *, *, #2357, .F. );
#1834 = CARTESIAN_POINT( '', ( 0.00349250000000000, -0.00114300000000000, -0.00116840000000000 ) );
#1835 = DIRECTION( '', ( 0.000000000000000, -1.00000000000000, 0.000000000000000 ) );
#1836 = DIRECTION( '', ( 0.000000000000000, 0.000000000000000, -1.00000000000000 ) );
#1837 = ORIENTED_EDGE( '', *, *, #2657, .T. );
#1838 = ORIENTED_EDGE( '', *, *, #2288, .F. );
#1839 = ORIENTED_EDGE( '', *, *, #2658, .F. );
#1840 = ORIENTED_EDGE( '', *, *, #2316, .T. );
#1841 = ORIENTED_EDGE( '', *, *, #2659, .F. );
#1842 = ORIENTED_EDGE( '', *, *, #2352, .F. );
#1843 = CARTESIAN_POINT( '', ( 0.00349250000000000, -0.00114300000000000, -0.00116840000000000 ) );
#1844 = DIRECTION( '', ( 0.000000000000000, -1.00000000000000, 0.000000000000000 ) );
#1845 = DIRECTION( '', ( 0.000000000000000, 0.000000000000000, -1.00000000000000 ) );
#1846 = ORIENTED_EDGE( '', *, *, #2336, .F. );
#1847 = ORIENTED_EDGE( '', *, *, #2641, .T. );
#1848 = ORIENTED_EDGE( '', *, *, #2325, .T. );
#1849 = ORIENTED_EDGE( '', *, *, #2660, .T. );
#1850 = ORIENTED_EDGE( '', *, *, #2377, .F. );
#1851 = ORIENTED_EDGE( '', *, *, #2661, .F. );
#1852 = CARTESIAN_POINT( '', ( 0.00349250000000000, -0.00114300000000000, -0.00116840000000000 ) );
#1853 = DIRECTION( '', ( 0.000000000000000, -1.00000000000000, 0.000000000000000 ) );
#1854 = DIRECTION( '', ( 0.000000000000000, 0.000000000000000, -1.00000000000000 ) );
#1855 = ORIENTED_EDGE( '', *, *, #2569, .F. );
#1856 = ORIENTED_EDGE( '', *, *, #2662, .F. );
#1857 = ORIENTED_EDGE( '', *, *, #2290, .T. );
#1858 = ORIENTED_EDGE( '', *, *, #2563, .T. );
#1859 = ORIENTED_EDGE( '', *, *, #2566, .T. );
#1860 = ORIENTED_EDGE( '', *, *, #2570, .F. );
#1861 = CARTESIAN_POINT( '', ( 0.00349250000000000, 0.00114300000000000, 0.00116840000000000 ) );
#1862 = DIRECTION( '', ( 0.000000000000000, 1.00000000000000, 0.000000000000000 ) );
#1863 = DIRECTION( '', ( 1.00000000000000, 0.000000000000000, -0.000000000000000 ) );
#1864 = ORIENTED_EDGE( '', *, *, #2628, .F. );
#1865 = ORIENTED_EDGE( '', *, *, #2549, .F. );
#1866 = ORIENTED_EDGE( '', *, *, #2394, .F. );
#1867 = ORIENTED_EDGE( '', *, *, #2632, .T. );
#1868 = CARTESIAN_POINT( '', ( -0.000330200000000000, 0.000000000000000, 0.000000000000000 ) );
#1869 = DIRECTION( '', ( 1.00000000000000, 0.000000000000000, 0.000000000000000 ) );
#1870 = DIRECTION( '', ( 0.000000000000000, 1.00000000000000, -0.000000000000000 ) );
#1871 = ORIENTED_EDGE( '', *, *, #2442, .T. );
#1872 = ORIENTED_EDGE( '', *, *, #2576, .F. );
#1873 = ORIENTED_EDGE( '', *, *, #2513, .F. );
#1874 = ORIENTED_EDGE( '', *, *, #2663, .T. );
#1875 = CARTESIAN_POINT( '', ( 0.00349250000000000, 0.000939800000000000, -0.00124460000000000 ) );
#1876 = DIRECTION( '', ( 0.000000000000000, 0.000000000000000, -1.00000000000000 ) );
#1877 = DIRECTION( '', ( 0.000000000000000, -1.00000000000000, 0.000000000000000 ) );
#1878 = ORIENTED_EDGE( '', *, *, #2664, .T. );
#1879 = ORIENTED_EDGE( '', *, *, #2448, .T. );
#1880 = ORIENTED_EDGE( '', *, *, #2665, .F. );
#1881 = ORIENTED_EDGE( '', *, *, #2507, .F. );
#1882 = CARTESIAN_POINT( '', ( 0.00349250000000000, 0.000939800000000000, -0.00124460000000000 ) );
#1883 = DIRECTION( '', ( 0.000000000000000, 0.000000000000000, -1.00000000000000 ) );
#1884 = DIRECTION( '', ( 0.000000000000000, -1.00000000000000, 0.000000000000000 ) );
#1885 = ORIENTED_EDGE( '', *, *, #2506, .T. );
#1886 = ORIENTED_EDGE( '', *, *, #2425, .T. );
#1887 = ORIENTED_EDGE( '', *, *, #2449, .F. );
#1888 = ORIENTED_EDGE( '', *, *, #2664, .F. );
#1889 = CARTESIAN_POINT( '', ( 0.00349250000000000, 0.000939800000000000, -0.00124460000000000 ) );
#1890 = DIRECTION( '', ( 0.605083267533586, 0.000000000000000, -0.796162194123081 ) );
#1891 = DIRECTION( '', ( 0.000000000000000, -1.00000000000000, 0.000000000000000 ) );
#1892 = ORIENTED_EDGE( '', *, *, #2666, .T. );
#1893 = ORIENTED_EDGE( '', *, *, #2443, .T. );
#1894 = ORIENTED_EDGE( '', *, *, #2663, .F. );
#1895 = ORIENTED_EDGE( '', *, *, #2512, .T. );
#1896 = CARTESIAN_POINT( '', ( -0.00152400000000000, 0.00114300000000000, -0.00124460000000000 ) );
#1897 = DIRECTION( '', ( -0.707106781186548, 0.000000000000000, 0.707106781186548 ) );
#1898 = DIRECTION( '', ( 0.000000000000000, 1.00000000000000, 0.000000000000000 ) );
#1899 = ORIENTED_EDGE( '', *, *, #2578, .T. );
#1900 = ORIENTED_EDGE( '', *, *, #2444, .T. );
#1901 = ORIENTED_EDGE( '', *, *, #2666, .F. );
#1902 = ORIENTED_EDGE( '', *, *, #2511, .T. );
#1903 = CARTESIAN_POINT( '', ( -0.00127000000000000, 0.00114300000000000, -0.000990600000000000 ) );
#1904 = DIRECTION( '', ( 0.707106781186548, 0.000000000000000, 0.707106781186548 ) );
#1905 = DIRECTION( '', ( 0.000000000000000, -1.00000000000000, 0.000000000000000 ) );
#1906 = ORIENTED_EDGE( '', *, *, #2293, .T. );
#1907 = ORIENTED_EDGE( '', *, *, #2637, .T. );
#1908 = ORIENTED_EDGE( '', *, *, #2428, .F. );
#1909 = ORIENTED_EDGE( '', *, *, #2667, .F. );
#1910 = CARTESIAN_POINT( '', ( 0.00365125000000000, 0.000749300000000000, 0.000000000000000 ) );
#1911 = DIRECTION( '', ( 0.768221279597376, 0.640184399664480, 0.000000000000000 ) );
#1912 = DIRECTION( '', ( 0.000000000000000, 0.000000000000000, -1.00000000000000 ) );
#1913 = ORIENTED_EDGE( '', *, *, #2351, .F. );
#1914 = ORIENTED_EDGE( '', *, *, #2469, .F. );
#1915 = ORIENTED_EDGE( '', *, *, #2285, .F. );
#1916 = ORIENTED_EDGE( '', *, *, #2657, .F. );
#1917 = CARTESIAN_POINT( '', ( 0.00200660000000000, -0.00114300000000000, 0.000470414583107230 ) );
#1918 = DIRECTION( '', ( -1.00000000000000, 0.000000000000000, 0.000000000000000 ) );
#1919 = DIRECTION( '', ( 0.000000000000000, 0.000000000000000, 1.00000000000000 ) );
#1920 = ORIENTED_EDGE( '', *, *, #2668, .T. );
#1921 = ORIENTED_EDGE( '', *, *, #2544, .T. );
#1922 = ORIENTED_EDGE( '', *, *, #2669, .T. );
#1923 = ORIENTED_EDGE( '', *, *, #2670, .T. );
#1924 = CARTESIAN_POINT( '', ( 0.00287020000000000, 0.000000000000000, 0.000000000000000 ) );
#1925 = DIRECTION( '', ( 1.00000000000000, 0.000000000000000, 0.000000000000000 ) );
#1926 = DIRECTION( '', ( 0.000000000000000, 1.00000000000000, -0.000000000000000 ) );
#1927 = ORIENTED_EDGE( '', *, *, #2398, .F. );
#1928 = ORIENTED_EDGE( '', *, *, #2408, .T. );
#1929 = ORIENTED_EDGE( '', *, *, #2671, .T. );
#1930 = ORIENTED_EDGE( '', *, *, #2672, .F. );
#1931 = CARTESIAN_POINT( '', ( 0.00254000000000000, -0.00381000000000000, -0.000234950000000000 ) );
#1932 = DIRECTION( '', ( 0.000000000000000, -0.184288535050203, -0.982872186934319 ) );
#1933 = DIRECTION( '', ( 0.000000000000000, -0.982872186934319, 0.184288535050203 ) );
#1934 = ORIENTED_EDGE( '', *, *, #2673, .F. );
#1935 = ORIENTED_EDGE( '', *, *, #2525, .F. );
#1936 = ORIENTED_EDGE( '', *, *, #2610, .F. );
#1937 = ORIENTED_EDGE( '', *, *, #2674, .F. );
#1938 = CARTESIAN_POINT( '', ( -0.000520700000000000, 0.00114300000000000, 0.000484434670518104 ) );
#1939 = DIRECTION( '', ( -1.00000000000000, 0.000000000000000, 0.000000000000000 ) );
#1940 = DIRECTION( '', ( 0.000000000000000, 0.000000000000000, 1.00000000000000 ) );
#1941 = ORIENTED_EDGE( '', *, *, #2675, .T. );
#1942 = ORIENTED_EDGE( '', *, *, #2630, .T. );
#1943 = ORIENTED_EDGE( '', *, *, #2633, .T. );
#1944 = ORIENTED_EDGE( '', *, *, #2397, .F. );
#1945 = CARTESIAN_POINT( '', ( 0.000000000000000, 0.00673100000000000, 0.000234950000000000 ) );
#1946 = DIRECTION( '', ( 0.000000000000000, 0.184288535050203, 0.982872186934319 ) );
#1947 = DIRECTION( '', ( 1.00000000000000, -0.000000000000000, 0.000000000000000 ) );
#1948 = ORIENTED_EDGE( '', *, *, #2676, .F. );
#1949 = ORIENTED_EDGE( '', *, *, #2403, .T. );
#1950 = ORIENTED_EDGE( '', *, *, #2486, .F. );
#1951 = ORIENTED_EDGE( '', *, *, #2489, .F. );
#1952 = CARTESIAN_POINT( '', ( -0.000330200000000000, -0.00431800000000000, 0.000330200000000000 ) );
#1953 = DIRECTION( '', ( 0.000000000000000, -1.00000000000000, 0.000000000000000 ) );
#1954 = DIRECTION( '', ( 0.000000000000000, 0.000000000000000, -1.00000000000000 ) );
#1955 = ORIENTED_EDGE( '', *, *, #2341, .F. );
#1956 = ORIENTED_EDGE( '', *, *, #2462, .F. );
#1957 = ORIENTED_EDGE( '', *, *, #2601, .F. );
#1958 = ORIENTED_EDGE( '', *, *, #2656, .F. );
#1959 = CARTESIAN_POINT( '', ( -0.00307340000000000, -0.00114300000000000, 0.000470414583107230 ) );
#1960 = DIRECTION( '', ( -1.00000000000000, 0.000000000000000, 0.000000000000000 ) );
#1961 = DIRECTION( '', ( 0.000000000000000, 0.000000000000000, 1.00000000000000 ) );
#1962 = ORIENTED_EDGE( '', *, *, #2348, .F. );
#1963 = ORIENTED_EDGE( '', *, *, #2463, .F. );
#1964 = ORIENTED_EDGE( '', *, *, #2677, .F. );
#1965 = ORIENTED_EDGE( '', *, *, #2652, .F. );
#1966 = CARTESIAN_POINT( '', ( 0.000952500000000000, -0.000939800000000000, 0.00124460000000000 ) );
#1967 = DIRECTION( '', ( -1.00000000000000, 0.000000000000000, 0.000000000000000 ) );
#1968 = DIRECTION( '', ( 0.000000000000000, 0.000000000000000, 1.00000000000000 ) );
#1969 = ORIENTED_EDGE( '', *, *, #2587, .T. );
#1970 = ORIENTED_EDGE( '', *, *, #2464, .F. );
#1971 = ORIENTED_EDGE( '', *, *, #2350, .T. );
#1972 = ORIENTED_EDGE( '', *, *, #2654, .T. );
#1973 = CARTESIAN_POINT( '', ( 0.000000000000000, -0.00114300000000000, -0.00116840000000000 ) );
#1974 = DIRECTION( '', ( 1.00000000000000, 0.000000000000000, 0.000000000000000 ) );
#1975 = DIRECTION( '', ( 0.000000000000000, 1.00000000000000, -0.000000000000000 ) );
#1976 = ORIENTED_EDGE( '', *, *, #2634, .T. );
#1977 = ORIENTED_EDGE( '', *, *, #2582, .T. );
#1978 = ORIENTED_EDGE( '', *, *, #2594, .T. );
#1979 = ORIENTED_EDGE( '', *, *, #2412, .F. );
#1980 = CARTESIAN_POINT( '', ( -0.00254000000000000, -0.00381000000000000, -0.000234950000000000 ) );
#1981 = DIRECTION( '', ( 0.000000000000000, -0.184288535050203, -0.982872186934319 ) );
#1982 = DIRECTION( '', ( 0.000000000000000, -0.982872186934319, 0.184288535050203 ) );
#1983 = ORIENTED_EDGE( '', *, *, #2675, .F. );
#1984 = ORIENTED_EDGE( '', *, *, #2572, .F. );
#1985 = ORIENTED_EDGE( '', *, *, #2390, .F. );
#1986 = ORIENTED_EDGE( '', *, *, #2631, .T. );
#1987 = CARTESIAN_POINT( '', ( 0.000234950000000000, 0.00673100000000000, 0.000000000000000 ) );
#1988 = DIRECTION( '', ( 0.982872186934319, 0.184288535050203, 0.000000000000000 ) );
#1989 = DIRECTION( '', ( 0.000000000000000, 0.000000000000000, -1.00000000000000 ) );
#1990 = ORIENTED_EDGE( '', *, *, #2678, .F. );
#1991 = ORIENTED_EDGE( '', *, *, #2584, .F. );
#1992 = ORIENTED_EDGE( '', *, *, #2679, .F. );
#1993 = ORIENTED_EDGE( '', *, *, #2680, .T. );
#1994 = CARTESIAN_POINT( '', ( 0.00220980000000000, 0.00723900000000000, -0.000330200000000000 ) );
#1995 = DIRECTION( '', ( 0.000000000000000, 1.00000000000000, 0.000000000000000 ) );
#1996 = DIRECTION( '', ( 1.00000000000000, 0.000000000000000, -0.000000000000000 ) );
#1997 = ORIENTED_EDGE( '', *, *, #2681, .T. );
#1998 = ORIENTED_EDGE( '', *, *, #2607, .F. );
#1999 = ORIENTED_EDGE( '', *, *, #2526, .F. );
#2000 = ORIENTED_EDGE( '', *, *, #2673, .T. );
#2001 = CARTESIAN_POINT( '', ( 0.00349250000000000, 0.000939800000000000, 0.00116840000000000 ) );
#2002 = DIRECTION( '', ( 0.000000000000000, 0.000000000000000, 1.00000000000000 ) );
#2003 = DIRECTION( '', ( 1.00000000000000, -0.000000000000000, 0.000000000000000 ) );
#2004 = ORIENTED_EDGE( '', *, *, #2315, .T. );
#2005 = ORIENTED_EDGE( '', *, *, #2467, .T. );
#2006 = ORIENTED_EDGE( '', *, *, #2353, .T. );
#2007 = ORIENTED_EDGE( '', *, *, #2659, .T. );
#2008 = CARTESIAN_POINT( '', ( 0.00158750000000000, -0.00119380000000000, 0.00124460000000000 ) );
#2009 = DIRECTION( '', ( 1.00000000000000, 0.000000000000000, 0.000000000000000 ) );
#2010 = DIRECTION( '', ( 0.000000000000000, 1.00000000000000, -0.000000000000000 ) );
#2011 = ORIENTED_EDGE( '', *, *, #2682, .F. );
#2012 = ORIENTED_EDGE( '', *, *, #2482, .F. );
#2013 = ORIENTED_EDGE( '', *, *, #2683, .T. );
#2014 = ORIENTED_EDGE( '', *, *, #2645, .F. );
#2015 = CARTESIAN_POINT( '', ( -0.00287020000000000, 0.00723900000000000, 0.000330200000000000 ) );
#2016 = DIRECTION( '', ( 0.000000000000000, 0.000000000000000, 1.00000000000000 ) );
#2017 = DIRECTION( '', ( 1.00000000000000, -0.000000000000000, 0.000000000000000 ) );
#2018 = ORIENTED_EDGE( '', *, *, #2684, .F. );
#2019 = ORIENTED_EDGE( '', *, *, #2481, .T. );
#2020 = ORIENTED_EDGE( '', *, *, #2627, .F. );
#2021 = ORIENTED_EDGE( '', *, *, #2487, .T. );
#2022 = CARTESIAN_POINT( '', ( -0.000330200000000000, 0.000000000000000, 0.000000000000000 ) );
#2023 = DIRECTION( '', ( 1.00000000000000, 0.000000000000000, 0.000000000000000 ) );
#2024 = DIRECTION( '', ( 0.000000000000000, 1.00000000000000, -0.000000000000000 ) );
#2025 = ORIENTED_EDGE( '', *, *, #2376, .T. );
#2026 = ORIENTED_EDGE( '', *, *, #2472, .F. );
#2027 = ORIENTED_EDGE( '', *, *, #2337, .T. );
#2028 = ORIENTED_EDGE( '', *, *, #2661, .T. );
#2029 = CARTESIAN_POINT( '', ( -0.00254000000000000, -0.00114300000000000, -0.00116840000000000 ) );
#2030 = DIRECTION( '', ( 1.00000000000000, 0.000000000000000, 0.000000000000000 ) );
#2031 = DIRECTION( '', ( 0.000000000000000, 1.00000000000000, -0.000000000000000 ) );
#2032 = ORIENTED_EDGE( '', *, *, #2648, .F. );
#2033 = ORIENTED_EDGE( '', *, *, #2381, .F. );
#2034 = ORIENTED_EDGE( '', *, *, #2592, .F. );
#2035 = ORIENTED_EDGE( '', *, *, #2590, .T. );
#2036 = CARTESIAN_POINT( '', ( -0.00230505000000000, 0.00673100000000000, 0.000000000000000 ) );
#2037 = DIRECTION( '', ( 0.982872186934319, 0.184288535050203, 0.000000000000000 ) );
#2038 = DIRECTION( '', ( 0.000000000000000, 0.000000000000000, -1.00000000000000 ) );
#2039 = ORIENTED_EDGE( '', *, *, #2685, .F. );
#2040 = ORIENTED_EDGE( '', *, *, #2474, .F. );
#2041 = ORIENTED_EDGE( '', *, *, #2686, .T. );
#2042 = ORIENTED_EDGE( '', *, *, #2687, .F. );
#2043 = CARTESIAN_POINT( '', ( 0.00220980000000000, 0.00723900000000000, 0.000330200000000000 ) );
#2044 = DIRECTION( '', ( 0.000000000000000, 0.000000000000000, 1.00000000000000 ) );
#2045 = DIRECTION( '', ( 1.00000000000000, -0.000000000000000, 0.000000000000000 ) );
#2046 = ORIENTED_EDGE( '', *, *, #2688, .F. );
#2047 = ORIENTED_EDGE( '', *, *, #2689, .F. );
#2048 = ORIENTED_EDGE( '', *, *, #2585, .F. );
#2049 = ORIENTED_EDGE( '', *, *, #2678, .T. );
#2050 = CARTESIAN_POINT( '', ( 0.00230505000000000, 0.00673100000000000, 0.000000000000000 ) );
#2051 = DIRECTION( '', ( -0.982872186934319, 0.184288535050203, 0.000000000000000 ) );
#2052 = DIRECTION( '', ( 0.000000000000000, 0.000000000000000, 1.00000000000000 ) );
#2053 = ORIENTED_EDGE( '', *, *, #2671, .F. );
#2054 = ORIENTED_EDGE( '', *, *, #2407, .T. );
#2055 = ORIENTED_EDGE( '', *, *, #2690, .T. );
#2056 = ORIENTED_EDGE( '', *, *, #2691, .F. );
#2057 = CARTESIAN_POINT( '', ( 0.00230505000000000, -0.00381000000000000, 0.000000000000000 ) );
#2058 = DIRECTION( '', ( -0.982872186934319, -0.184288535050203, 0.000000000000000 ) );
#2059 = DIRECTION( '', ( -0.184288535050203, 0.982872186934319, 0.000000000000000 ) );
#2060 = ORIENTED_EDGE( '', *, *, #2583, .F. );
#2061 = ORIENTED_EDGE( '', *, *, #2670, .F. );
#2062 = ORIENTED_EDGE( '', *, *, #2692, .F. );
#2063 = ORIENTED_EDGE( '', *, *, #2679, .T. );
#2064 = CARTESIAN_POINT( '', ( 0.00277495000000000, 0.00673100000000000, 0.000000000000000 ) );
#2065 = DIRECTION( '', ( 0.982872186934319, 0.184288535050203, 0.000000000000000 ) );
#2066 = DIRECTION( '', ( 0.000000000000000, 0.000000000000000, -1.00000000000000 ) );
#2067 = ORIENTED_EDGE( '', *, *, #2368, .T. );
#2068 = ORIENTED_EDGE( '', *, *, #2454, .T. );
#2069 = ORIENTED_EDGE( '', *, *, #2643, .T. );
#2070 = ORIENTED_EDGE( '', *, *, #2496, .T. );
#2071 = CARTESIAN_POINT( '', ( 0.00152400000000000, 0.00114300000000000, 0.00124460000000000 ) );
#2072 = DIRECTION( '', ( 0.707106781186548, 0.000000000000000, -0.707106781186548 ) );
#2073 = DIRECTION( '', ( 0.000000000000000, -1.00000000000000, 0.000000000000000 ) );
#2074 = ORIENTED_EDGE( '', *, *, #2613, .T. );
#2075 = ORIENTED_EDGE( '', *, *, #2439, .F. );
#2076 = ORIENTED_EDGE( '', *, *, #2339, .T. );
#2077 = ORIENTED_EDGE( '', *, *, #2655, .T. );
#2078 = ORIENTED_EDGE( '', *, *, #2331, .T. );
#2079 = ORIENTED_EDGE( '', *, *, #2459, .F. );
#2080 = ORIENTED_EDGE( '', *, *, #2312, .F. );
#2081 = ORIENTED_EDGE( '', *, *, #2491, .T. );
#2082 = ORIENTED_EDGE( '', *, *, #2650, .T. );
#2083 = ORIENTED_EDGE( '', *, *, #2418, .T. );
#2084 = ORIENTED_EDGE( '', *, *, #2554, .T. );
#2085 = ORIENTED_EDGE( '', *, *, #2516, .T. );
#2086 = CARTESIAN_POINT( '', ( -0.00349250000000000, 0.000000000000000, 0.000000000000000 ) );
#2087 = DIRECTION( '', ( -1.00000000000000, 0.000000000000000, 0.000000000000000 ) );
#2088 = DIRECTION( '', ( 0.000000000000000, 0.000000000000000, 1.00000000000000 ) );
#2089 = ORIENTED_EDGE( '', *, *, #2693, .T. );
#2090 = ORIENTED_EDGE( '', *, *, #2534, .F. );
#2091 = ORIENTED_EDGE( '', *, *, #2694, .T. );
#2092 = ORIENTED_EDGE( '', *, *, #2695, .T. );
#2093 = CARTESIAN_POINT( '', ( 0.000000000000000, 0.00114300000000000, 0.00116840000000000 ) );
#2094 = DIRECTION( '', ( 1.00000000000000, 0.000000000000000, 0.000000000000000 ) );
#2095 = DIRECTION( '', ( 0.000000000000000, 1.00000000000000, -0.000000000000000 ) );
#2096 = ORIENTED_EDGE( '', *, *, #2686, .F. );
#2097 = ORIENTED_EDGE( '', *, *, #2477, .T. );
#2098 = ORIENTED_EDGE( '', *, *, #2696, .F. );
#2099 = ORIENTED_EDGE( '', *, *, #2691, .T. );
#2100 = CARTESIAN_POINT( '', ( 0.00220980000000000, 0.000000000000000, 0.000000000000000 ) );
#2101 = DIRECTION( '', ( 1.00000000000000, 0.000000000000000, 0.000000000000000 ) );
#2102 = DIRECTION( '', ( 0.000000000000000, 1.00000000000000, -0.000000000000000 ) );
#2103 = ORIENTED_EDGE( '', *, *, #2287, .T. );
#2104 = ORIENTED_EDGE( '', *, *, #2468, .F. );
#2105 = ORIENTED_EDGE( '', *, *, #2317, .F. );
#2106 = ORIENTED_EDGE( '', *, *, #2658, .T. );
#2107 = CARTESIAN_POINT( '', ( 0.00254000000000000, -0.00114300000000000, 0.00116840000000000 ) );
#2108 = DIRECTION( '', ( -1.00000000000000, 0.000000000000000, 0.000000000000000 ) );
#2109 = DIRECTION( '', ( 0.000000000000000, 0.000000000000000, 1.00000000000000 ) );
#2110 = ORIENTED_EDGE( '', *, *, #2574, .T. );
#2111 = ORIENTED_EDGE( '', *, *, #2535, .F. );
#2112 = ORIENTED_EDGE( '', *, *, #2693, .F. );
#2113 = ORIENTED_EDGE( '', *, *, #2697, .T. );
#2114 = CARTESIAN_POINT( '', ( 0.000000000000000, 0.00114300000000000, 0.000000000000000 ) );
#2115 = DIRECTION( '', ( 0.000000000000000, -1.00000000000000, -0.000000000000000 ) );
#2116 = DIRECTION( '', ( 1.00000000000000, 0.000000000000000, 0.000000000000000 ) );
#2117 = ORIENTED_EDGE( '', *, *, #2690, .F. );
#2118 = ORIENTED_EDGE( '', *, *, #2406, .F. );
#2119 = ORIENTED_EDGE( '', *, *, #2400, .T. );
#2120 = ORIENTED_EDGE( '', *, *, #2687, .T. );
#2121 = CARTESIAN_POINT( '', ( 0.00254000000000000, -0.00381000000000000, 0.000234950000000000 ) );
#2122 = DIRECTION( '', ( 0.000000000000000, -0.184288535050203, 0.982872186934319 ) );
#2123 = DIRECTION( '', ( -1.00000000000000, 0.000000000000000, 0.000000000000000 ) );
#2124 = ORIENTED_EDGE( '', *, *, #2696, .T. );
#2125 = ORIENTED_EDGE( '', *, *, #2476, .T. );
#2126 = ORIENTED_EDGE( '', *, *, #2698, .F. );
#2127 = ORIENTED_EDGE( '', *, *, #2672, .T. );
#2128 = CARTESIAN_POINT( '', ( 0.00220980000000000, -0.00431800000000000, -0.000330200000000000 ) );
#2129 = DIRECTION( '', ( 0.000000000000000, 0.000000000000000, -1.00000000000000 ) );
#2130 = DIRECTION( '', ( 0.000000000000000, -1.00000000000000, 0.000000000000000 ) );
#2131 = ORIENTED_EDGE( '', *, *, #2669, .F. );
#2132 = ORIENTED_EDGE( '', *, *, #2543, .F. );
#2133 = ORIENTED_EDGE( '', *, *, #2699, .T. );
#2134 = ORIENTED_EDGE( '', *, *, #2700, .F. );
#2135 = CARTESIAN_POINT( '', ( 0.00220980000000000, -0.00431800000000000, -0.000330200000000000 ) );
#2136 = DIRECTION( '', ( 0.000000000000000, 0.000000000000000, -1.00000000000000 ) );
#2137 = DIRECTION( '', ( 0.000000000000000, -1.00000000000000, 0.000000000000000 ) );
#2138 = ORIENTED_EDGE( '', *, *, #2692, .T. );
#2139 = ORIENTED_EDGE( '', *, *, #2700, .T. );
#2140 = ORIENTED_EDGE( '', *, *, #2688, .T. );
#2141 = ORIENTED_EDGE( '', *, *, #2680, .F. );
#2142 = CARTESIAN_POINT( '', ( 0.00254000000000000, 0.00673100000000000, -0.000234950000000000 ) );
#2143 = DIRECTION( '', ( 0.000000000000000, 0.184288535050203, -0.982872186934319 ) );
#2144 = DIRECTION( '', ( -1.00000000000000, 0.000000000000000, 0.000000000000000 ) );
#2145 = ORIENTED_EDGE( '', *, *, #2557, .T. );
#2146 = ORIENTED_EDGE( '', *, *, #2608, .F. );
#2147 = ORIENTED_EDGE( '', *, *, #2681, .F. );
#2148 = ORIENTED_EDGE( '', *, *, #2674, .T. );
#2149 = ORIENTED_EDGE( '', *, *, #2611, .F. );
#2150 = ORIENTED_EDGE( '', *, *, #2389, .F. );
#2151 = CARTESIAN_POINT( '', ( 0.00349250000000000, 0.00114300000000000, 0.00116840000000000 ) );
#2152 = DIRECTION( '', ( 0.000000000000000, 1.00000000000000, 0.000000000000000 ) );
#2153 = DIRECTION( '', ( 1.00000000000000, 0.000000000000000, -0.000000000000000 ) );
#2154 = ORIENTED_EDGE( '', *, *, #2695, .F. );
#2155 = ORIENTED_EDGE( '', *, *, #2701, .F. );
#2156 = ORIENTED_EDGE( '', *, *, #2647, .T. );
#2157 = ORIENTED_EDGE( '', *, *, #2558, .T. );
#2158 = ORIENTED_EDGE( '', *, *, #2575, .T. );
#2159 = ORIENTED_EDGE( '', *, *, #2697, .F. );
#2160 = CARTESIAN_POINT( '', ( 0.00349250000000000, 0.00114300000000000, 0.00116840000000000 ) );
#2161 = DIRECTION( '', ( 0.000000000000000, 1.00000000000000, 0.000000000000000 ) );
#2162 = DIRECTION( '', ( 1.00000000000000, 0.000000000000000, -0.000000000000000 ) );
#2163 = ORIENTED_EDGE( '', *, *, #2561, .T. );
#2164 = ORIENTED_EDGE( '', *, *, #2385, .F. );
#2165 = ORIENTED_EDGE( '', *, *, #2599, .F. );
#2166 = ORIENTED_EDGE( '', *, *, #2638, .T. );
#2167 = ORIENTED_EDGE( '', *, *, #2606, .F. );
#2168 = ORIENTED_EDGE( '', *, *, #2651, .F. );
#2169 = CARTESIAN_POINT( '', ( 0.00349250000000000, 0.00114300000000000, 0.00116840000000000 ) );
#2170 = DIRECTION( '', ( 0.000000000000000, 1.00000000000000, 0.000000000000000 ) );
#2171 = DIRECTION( '', ( 1.00000000000000, 0.000000000000000, -0.000000000000000 ) );
#2172 = ORIENTED_EDGE( '', *, *, #2698, .T. );
#2173 = ORIENTED_EDGE( '', *, *, #2475, .F. );
#2174 = ORIENTED_EDGE( '', *, *, #2685, .T. );
#2175 = ORIENTED_EDGE( '', *, *, #2399, .T. );
#2176 = CARTESIAN_POINT( '', ( 0.00287020000000000, 0.000000000000000, 0.000000000000000 ) );
#2177 = DIRECTION( '', ( 1.00000000000000, 0.000000000000000, 0.000000000000000 ) );
#2178 = DIRECTION( '', ( 0.000000000000000, 1.00000000000000, -0.000000000000000 ) );
#2179 = ORIENTED_EDGE( '', *, *, #2617, .F. );
#2180 = ORIENTED_EDGE( '', *, *, #2478, .F. );
#2181 = ORIENTED_EDGE( '', *, *, #2684, .T. );
#2182 = ORIENTED_EDGE( '', *, *, #2405, .F. );
#2183 = CARTESIAN_POINT( '', ( -0.000330200000000000, 0.00723900000000000, 0.000330200000000000 ) );
#2184 = DIRECTION( '', ( 0.000000000000000, 0.000000000000000, 1.00000000000000 ) );
#2185 = DIRECTION( '', ( 1.00000000000000, -0.000000000000000, 0.000000000000000 ) );
#2186 = ORIENTED_EDGE( '', *, *, #2500, .F. );
#2187 = ORIENTED_EDGE( '', *, *, #2291, .T. );
#2188 = ORIENTED_EDGE( '', *, *, #2662, .T. );
#2189 = ORIENTED_EDGE( '', *, *, #2568, .F. );
#2190 = CARTESIAN_POINT( '', ( 0.00349250000000000, 0.000939800000000000, 0.00116840000000000 ) );
#2191 = DIRECTION( '', ( 0.000000000000000, 0.000000000000000, 1.00000000000000 ) );
#2192 = DIRECTION( '', ( 1.00000000000000, -0.000000000000000, 0.000000000000000 ) );
#2193 = ORIENTED_EDGE( '', *, *, #2597, .T. );
#2194 = ORIENTED_EDGE( '', *, *, #2433, .T. );
#2195 = ORIENTED_EDGE( '', *, *, #2451, .F. );
#2196 = CARTESIAN_POINT( '', ( 0.00349250000000000, 0.000939800000000000, 0.000914400000000000 ) );
#2197 = DIRECTION( '', ( 0.000000000000000, 0.000000000000000, -1.00000000000000 ) );
#2198 = DIRECTION( '', ( 0.000000000000000, -1.00000000000000, 0.000000000000000 ) );
#2199 = ORIENTED_EDGE( '', *, *, #2699, .F. );
#2200 = ORIENTED_EDGE( '', *, *, #2546, .F. );
#2201 = ORIENTED_EDGE( '', *, *, #2702, .F. );
#2202 = ORIENTED_EDGE( '', *, *, #2689, .T. );
#2203 = CARTESIAN_POINT( '', ( 0.00220980000000000, 0.000000000000000, 0.000000000000000 ) );
#2204 = DIRECTION( '', ( 1.00000000000000, 0.000000000000000, 0.000000000000000 ) );
#2205 = DIRECTION( '', ( 0.000000000000000, 1.00000000000000, -0.000000000000000 ) );
#2206 = ORIENTED_EDGE( '', *, *, #2665, .T. );
#2207 = ORIENTED_EDGE( '', *, *, #2447, .T. );
#2208 = ORIENTED_EDGE( '', *, *, #2612, .F. );
#2209 = ORIENTED_EDGE( '', *, *, #2508, .T. );
#2210 = CARTESIAN_POINT( '', ( 0.00127000000000000, 0.00114300000000000, -0.000990600000000000 ) );
#2211 = DIRECTION( '', ( 0.707106781186548, 0.000000000000000, 0.707106781186548 ) );
#2212 = DIRECTION( '', ( 0.000000000000000, -1.00000000000000, 0.000000000000000 ) );
#2213 = ORIENTED_EDGE( '', *, *, #2702, .T. );
#2214 = ORIENTED_EDGE( '', *, *, #2545, .T. );
#2215 = ORIENTED_EDGE( '', *, *, #2668, .F. );
#2216 = ORIENTED_EDGE( '', *, *, #2586, .T. );
#2217 = CARTESIAN_POINT( '', ( 0.00220980000000000, 0.00723900000000000, 0.000330200000000000 ) );
#2218 = DIRECTION( '', ( 0.000000000000000, 0.000000000000000, 1.00000000000000 ) );
#2219 = DIRECTION( '', ( 1.00000000000000, -0.000000000000000, 0.000000000000000 ) );
#2220 = ORIENTED_EDGE( '', *, *, #2328, .T. );
#2221 = ORIENTED_EDGE( '', *, *, #2473, .F. );
#2222 = ORIENTED_EDGE( '', *, *, #2374, .F. );
#2223 = ORIENTED_EDGE( '', *, *, #2660, .F. );
#2224 = CARTESIAN_POINT( '', ( -0.00200660000000000, -0.00114300000000000, -0.000470414583107230 ) );
#2225 = DIRECTION( '', ( 1.00000000000000, 0.000000000000000, 0.000000000000000 ) );
#2226 = DIRECTION( '', ( 0.000000000000000, 1.00000000000000, -0.000000000000000 ) );
#2227 = ORIENTED_EDGE( '', *, *, #2411, .T. );
#2228 = ORIENTED_EDGE( '', *, *, #2483, .F. );
#2229 = ORIENTED_EDGE( '', *, *, #2682, .T. );
#2230 = ORIENTED_EDGE( '', *, *, #2635, .T. );
#2231 = CARTESIAN_POINT( '', ( -0.00220980000000000, 0.000000000000000, 0.000000000000000 ) );
#2232 = DIRECTION( '', ( 1.00000000000000, 0.000000000000000, 0.000000000000000 ) );
#2233 = DIRECTION( '', ( 0.000000000000000, 1.00000000000000, -0.000000000000000 ) );
#2234 = ORIENTED_EDGE( '', *, *, #2653, .F. );
#2235 = ORIENTED_EDGE( '', *, *, #2677, .T. );
#2236 = ORIENTED_EDGE( '', *, *, #2466, .T. );
#2237 = ORIENTED_EDGE( '', *, *, #2370, .F. );
#2238 = CARTESIAN_POINT( '', ( 0.00349250000000000, -0.00114300000000000, 0.00116840000000000 ) );
#2239 = DIRECTION( '', ( 0.000000000000000, 0.000000000000000, 1.00000000000000 ) );
#2240 = DIRECTION( '', ( 1.00000000000000, -0.000000000000000, 0.000000000000000 ) );
#2241 = ORIENTED_EDGE( '', *, *, #2533, .F. );
#2242 = ORIENTED_EDGE( '', *, *, #2646, .T. );
#2243 = ORIENTED_EDGE( '', *, *, #2701, .T. );
#2244 = ORIENTED_EDGE( '', *, *, #2694, .F. );
#2245 = CARTESIAN_POINT( '', ( 0.00349250000000000, 0.000939800000000000, 0.00116840000000000 ) );
#2246 = DIRECTION( '', ( 0.000000000000000, 0.000000000000000, 1.00000000000000 ) );
#2247 = DIRECTION( '', ( 1.00000000000000, -0.000000000000000, 0.000000000000000 ) );
#2248 = ORIENTED_EDGE( '', *, *, #2488, .F. );
#2249 = ORIENTED_EDGE( '', *, *, #2618, .F. );
#2250 = ORIENTED_EDGE( '', *, *, #2404, .F. );
#2251 = ORIENTED_EDGE( '', *, *, #2676, .T. );
#2252 = CARTESIAN_POINT( '', ( 0.000234950000000000, -0.00381000000000000, 0.000000000000000 ) );
#2253 = DIRECTION( '', ( 0.982872186934319, -0.184288535050203, 0.000000000000000 ) );
#2254 = DIRECTION( '', ( 0.000000000000000, 0.000000000000000, -1.00000000000000 ) );
#2255 = ORIENTED_EDGE( '', *, *, #2683, .F. );
#2256 = ORIENTED_EDGE( '', *, *, #2484, .T. );
#2257 = ORIENTED_EDGE( '', *, *, #2409, .F. );
#2258 = ORIENTED_EDGE( '', *, *, #2596, .T. );
#2259 = CARTESIAN_POINT( '', ( -0.00287020000000000, 0.000000000000000, 0.000000000000000 ) );
#2260 = DIRECTION( '', ( 1.00000000000000, 0.000000000000000, 0.000000000000000 ) );
#2261 = DIRECTION( '', ( 0.000000000000000, 1.00000000000000, -0.000000000000000 ) );
#2262 = ORIENTED_EDGE( '', *, *, #2455, .F. );
#2263 = ORIENTED_EDGE( '', *, *, #2366, .T. );
#2264 = ORIENTED_EDGE( '', *, *, #2495, .T. );
#2265 = ORIENTED_EDGE( '', *, *, #2640, .F. );
#2266 = CARTESIAN_POINT( '', ( 0.00349250000000000, -0.000939800000000000, 0.00124460000000000 ) );
#2267 = DIRECTION( '', ( 0.000000000000000, 0.000000000000000, 1.00000000000000 ) );
#2268 = DIRECTION( '', ( 1.00000000000000, -0.000000000000000, 0.000000000000000 ) );
#2269 = ORIENTED_EDGE( '', *, *, #2667, .T. );
#2270 = ORIENTED_EDGE( '', *, *, #2427, .F. );
#2271 = ORIENTED_EDGE( '', *, *, #2505, .T. );
#2272 = CARTESIAN_POINT( '', ( 0.00381000000000000, 0.000939800000000000, -0.000914400000000000 ) );
#2273 = DIRECTION( '', ( 0.000000000000000, 0.000000000000000, 1.00000000000000 ) );
#2274 = DIRECTION( '', ( 1.00000000000000, -0.000000000000000, 0.000000000000000 ) );
#2275 = EDGE_CURVE( '', #2703, #2704, #2705, .T. );
#2276 = EDGE_CURVE( '', #2706, #2704, #2707, .T. );
#2277 = EDGE_CURVE( '', #2708, #2706, #2709, .T. );
#2278 = EDGE_CURVE( '', #2708, #2703, #2710, .T. );
#2279 = EDGE_CURVE( '', #2711, #2712, #2713, .T. );
#2280 = EDGE_CURVE( '', #2704, #2712, #2714, .T. );
#2281 = EDGE_CURVE( '', #2711, #2703, #2715, .T. );
#2282 = EDGE_CURVE( '', #2716, #2706, #2717, .T. );
#2283 = EDGE_CURVE( '', #2716, #2718, #2719, .T. );
#2284 = EDGE_CURVE( '', #2718, #2708, #2720, .T. );
#2285 = EDGE_CURVE( '', #2721, #2722, #2723, .T. );
#2286 = EDGE_CURVE( '', #2724, #2722, #2725, .T. );
#2287 = EDGE_CURVE( '', #2726, #2724, #2727, .T. );
#2288 = EDGE_CURVE( '', #2726, #2721, #2728, .T. );
#2289 = EDGE_CURVE( '', #2729, #2730, #2731, .T. );
#2290 = EDGE_CURVE( '', #2732, #2729, #2733, .T. );
#2291 = EDGE_CURVE( '', #2734, #2732, #2735, .T. );
#2292 = EDGE_CURVE( '', #2736, #2734, #2737, .T. );
#2293 = EDGE_CURVE( '', #2738, #2736, #2739, .T. );
#2294 = EDGE_CURVE( '', #2730, #2738, #2740, .T. );
#2295 = EDGE_CURVE( '', #2741, #2742, #2743, .T. );
#2296 = EDGE_CURVE( '', #2741, #2744, #2745, .T. );
#2297 = EDGE_CURVE( '', #2746, #2744, #2747, .T. );
#2298 = EDGE_CURVE( '', #2748, #2746, #2749, .T. );
#2299 = EDGE_CURVE( '', #2750, #2748, #2751, .T. );
#2300 = EDGE_CURVE( '', #2750, #2742, #2752, .T. );
#2301 = EDGE_CURVE( '', #2753, #2754, #2755, .T. );
#2302 = EDGE_CURVE( '', #2756, #2753, #2757, .T. );
#2303 = EDGE_CURVE( '', #2758, #2756, #2759, .T. );
#2304 = EDGE_CURVE( '', #2758, #2754, #2760, .T. );
#2305 = EDGE_CURVE( '', #2761, #2762, #2763, .T. );
#2306 = EDGE_CURVE( '', #2764, #2762, #2765, .T. );
#2307 = EDGE_CURVE( '', #2766, #2764, #2767, .T. );
#2308 = EDGE_CURVE( '', #2766, #2761, #2768, .T. );
#2309 = EDGE_CURVE( '', #2769, #2766, #2770, .T. );
#2310 = EDGE_CURVE( '', #2771, #2764, #2772, .T. );
#2311 = EDGE_CURVE( '', #2769, #2771, #2773, .T. );
#2312 = EDGE_CURVE( '', #2774, #2775, #2776, .T. );
#2313 = EDGE_CURVE( '', #2762, #2775, #2777, .T. );
#2314 = EDGE_CURVE( '', #2761, #2774, #2778, .T. );
#2315 = EDGE_CURVE( '', #2779, #2780, #2781, .T. );
#2316 = EDGE_CURVE( '', #2782, #2779, #2783, .T. );
#2317 = EDGE_CURVE( '', #2782, #2784, #2785, .T. );
#2318 = EDGE_CURVE( '', #2784, #2780, #2786, .T. );
#2319 = EDGE_CURVE( '', #2787, #2788, #2789, .T. );
#2320 = EDGE_CURVE( '', #2790, #2788, #2791, .T. );
#2321 = EDGE_CURVE( '', #2792, #2790, #2793, .T. );
#2322 = EDGE_CURVE( '', #2792, #2787, #2794, .T. );
#2323 = EDGE_CURVE( '', #2746, #2711, #2795, .T. );
#2324 = EDGE_CURVE( '', #2744, #2712, #2796, .T. );
#2325 = EDGE_CURVE( '', #2797, #2798, #2799, .T. );
#2326 = EDGE_CURVE( '', #2797, #2800, #2801, .T. );
#2327 = EDGE_CURVE( '', #2800, #2802, #2803, .T. );
#2328 = EDGE_CURVE( '', #2798, #2802, #2804, .T. );
#2329 = EDGE_CURVE( '', #2748, #2718, #2805, .T. );
#2330 = EDGE_CURVE( '', #2806, #2807, #2808, .T. );
#2331 = EDGE_CURVE( '', #2809, #2807, #2810, .T. );
#2332 = EDGE_CURVE( '', #2811, #2809, #2812, .T. );
#2333 = EDGE_CURVE( '', #2811, #2806, #2813, .T. );
#2334 = EDGE_CURVE( '', #2814, #2815, #2816, .T. );
#2335 = EDGE_CURVE( '', #2814, #2817, #2818, .T. );
#2336 = EDGE_CURVE( '', #2817, #2819, #2820, .T. );
#2337 = EDGE_CURVE( '', #2815, #2819, #2821, .T. );
#2338 = EDGE_CURVE( '', #2822, #2823, #2824, .T. );
#2339 = EDGE_CURVE( '', #2825, #2823, #2826, .T. );
#2340 = EDGE_CURVE( '', #2827, #2825, #2828, .T. );
#2341 = EDGE_CURVE( '', #2827, #2822, #2829, .T. );
#2342 = EDGE_CURVE( '', #2750, #2716, #2830, .T. );
#2343 = EDGE_CURVE( '', #2831, #2832, #2833, .T. );
#2344 = EDGE_CURVE( '', #2834, #2832, #2835, .T. );
#2345 = EDGE_CURVE( '', #2836, #2834, #2837, .T. );
#2346 = EDGE_CURVE( '', #2836, #2831, #2838, .T. );
#2347 = EDGE_CURVE( '', #2839, #2840, #2841, .T. );
#2348 = EDGE_CURVE( '', #2839, #2842, #2843, .T. );
#2349 = EDGE_CURVE( '', #2842, #2844, #2845, .T. );
#2350 = EDGE_CURVE( '', #2840, #2844, #2846, .T. );
#2351 = EDGE_CURVE( '', #2847, #2848, #2849, .T. );
#2352 = EDGE_CURVE( '', #2848, #2850, #2851, .T. );
#2353 = EDGE_CURVE( '', #2852, #2850, #2853, .T. );
#2354 = EDGE_CURVE( '', #2847, #2852, #2854, .T. );
#2355 = EDGE_CURVE( '', #2855, #2856, #2857, .T. );
#2356 = EDGE_CURVE( '', #2787, #2856, #2858, .T. );
#2357 = EDGE_CURVE( '', #2792, #2855, #2859, .T. );
#2358 = EDGE_CURVE( '', #2788, #2834, #2860, .T. );
#2359 = EDGE_CURVE( '', #2832, #2790, #2861, .T. );
#2360 = EDGE_CURVE( '', #2862, #2863, #2864, .T. );
#2361 = EDGE_CURVE( '', #2856, #2863, #2865, .T. );
#2362 = EDGE_CURVE( '', #2855, #2862, #2866, .T. );
#2363 = EDGE_CURVE( '', #2867, #2753, #2868, .T. );
#2364 = EDGE_CURVE( '', #2869, #2867, #2870, .T. );
#2365 = EDGE_CURVE( '', #2756, #2869, #2871, .T. );
#2366 = EDGE_CURVE( '', #2872, #2873, #2874, .T. );
#2367 = EDGE_CURVE( '', #2872, #2875, #2876, .T. );
#2368 = EDGE_CURVE( '', #2877, #2875, #2878, .T. );
#2369 = EDGE_CURVE( '', #2877, #2873, #2879, .T. );
#2370 = EDGE_CURVE( '', #2880, #2881, #2882, .T. );
#2371 = EDGE_CURVE( '', #2883, #2881, #2884, .T. );
#2372 = EDGE_CURVE( '', #2885, #2883, #2886, .T. );
#2373 = EDGE_CURVE( '', #2880, #2885, #2887, .T. );
#2374 = EDGE_CURVE( '', #2888, #2889, #2890, .T. );
#2375 = EDGE_CURVE( '', #2891, #2889, #2892, .T. );
#2376 = EDGE_CURVE( '', #2893, #2891, #2894, .T. );
#2377 = EDGE_CURVE( '', #2893, #2888, #2895, .T. );
#2378 = EDGE_CURVE( '', #2896, #2897, #2898, .T. );
#2379 = EDGE_CURVE( '', #2897, #2899, #2900, .T. );
#2380 = EDGE_CURVE( '', #2899, #2901, #2902, .T. );
#2381 = EDGE_CURVE( '', #2901, #2896, #2903, .T. );
#2382 = EDGE_CURVE( '', #2904, #2905, #2906, .T. );
#2383 = EDGE_CURVE( '', #2907, #2905, #2908, .T. );
#2384 = EDGE_CURVE( '', #2907, #2909, #2910, .T. );
#2385 = EDGE_CURVE( '', #2909, #2904, #2911, .T. );
#2386 = EDGE_CURVE( '', #2912, #2913, #2914, .T. );
#2387 = EDGE_CURVE( '', #2915, #2913, #2916, .T. );
#2388 = EDGE_CURVE( '', #2917, #2915, #2918, .T. );
#2389 = EDGE_CURVE( '', #2917, #2912, #2919, .T. );
#2390 = EDGE_CURVE( '', #2920, #2921, #2922, .T. );
#2391 = EDGE_CURVE( '', #2921, #2923, #2924, .T. );
#2392 = EDGE_CURVE( '', #2923, #2925, #2926, .T. );
#2393 = EDGE_CURVE( '', #2920, #2925, #2927, .T. );
#2394 = EDGE_CURVE( '', #2928, #2929, #2930, .T. );
#2395 = EDGE_CURVE( '', #2929, #2931, #2932, .T. );
#2396 = EDGE_CURVE( '', #2933, #2931, #2934, .T. );
#2397 = EDGE_CURVE( '', #2933, #2928, #2935, .T. );
#2398 = EDGE_CURVE( '', #2936, #2937, #2938, .T. );
#2399 = EDGE_CURVE( '', #2939, #2937, #2940, .T. );
#2400 = EDGE_CURVE( '', #2941, #2939, #2942, .T. );
#2401 = EDGE_CURVE( '', #2941, #2936, #2943, .T. );
#2402 = EDGE_CURVE( '', #2944, #2945, #2946, .T. );
#2403 = EDGE_CURVE( '', #2947, #2944, #2948, .T. );
#2404 = EDGE_CURVE( '', #2947, #2949, #2950, .T. );
#2405 = EDGE_CURVE( '', #2949, #2945, #2951, .T. );
#2406 = EDGE_CURVE( '', #2941, #2952, #2953, .T. );
#2407 = EDGE_CURVE( '', #2954, #2952, #2955, .T. );
#2408 = EDGE_CURVE( '', #2936, #2954, #2956, .T. );
#2409 = EDGE_CURVE( '', #2957, #2958, #2959, .T. );
#2410 = EDGE_CURVE( '', #2958, #2960, #2961, .T. );
#2411 = EDGE_CURVE( '', #2962, #2960, #2963, .T. );
#2412 = EDGE_CURVE( '', #2962, #2957, #2964, .T. );
#2413 = EDGE_CURVE( '', #2965, #2966, #2967, .T. );
#2414 = EDGE_CURVE( '', #2965, #2968, #2969, .T. );
#2415 = EDGE_CURVE( '', #2970, #2968, #2971, .T. );
#2416 = EDGE_CURVE( '', #2966, #2970, #2972, .T. );
#2417 = EDGE_CURVE( '', #2973, #2974, #2975, .T. );
#2418 = EDGE_CURVE( '', #2976, #2974, #2977, .T. );
#2419 = EDGE_CURVE( '', #2978, #2976, #2979, .T. );
#2420 = EDGE_CURVE( '', #2978, #2980, #2981, .T. );
#2421 = EDGE_CURVE( '', #2982, #2980, #2983, .T. );
#2422 = EDGE_CURVE( '', #2973, #2982, #2984, .T. );
#2423 = EDGE_CURVE( '', #2985, #2986, #2987, .T. );
#2424 = EDGE_CURVE( '', #2988, #2986, #2989, .T. );
#2425 = EDGE_CURVE( '', #2990, #2988, #2991, .T. );
#2426 = EDGE_CURVE( '', #2990, #2992, #2993, .T. );
#2427 = EDGE_CURVE( '', #2992, #2994, #2995, .T. );
#2428 = EDGE_CURVE( '', #2994, #2996, #2997, .T. );
#2429 = EDGE_CURVE( '', #2998, #2996, #2999, .T. );
#2430 = EDGE_CURVE( '', #2998, #3000, #3001, .T. );
#2431 = EDGE_CURVE( '', #3000, #3002, #3003, .T. );
#2432 = EDGE_CURVE( '', #3004, #3002, #3005, .T. );
#2433 = EDGE_CURVE( '', #3006, #3004, #3007, .T. );
#2434 = EDGE_CURVE( '', #3006, #2985, #3008, .T. );
#2435 = EDGE_CURVE( '', #3009, #3010, #3011, .T. );
#2436 = EDGE_CURVE( '', #3012, #3010, #3013, .T. );
#2437 = EDGE_CURVE( '', #3014, #3012, #3015, .T. );
#2438 = EDGE_CURVE( '', #3014, #3009, #3016, .T. );
#2439 = EDGE_CURVE( '', #2825, #3017, #3018, .T. );
#2440 = EDGE_CURVE( '', #3017, #3012, #3019, .T. );
#2441 = EDGE_CURVE( '', #3010, #3020, #3021, .T. );
#2442 = EDGE_CURVE( '', #3022, #3020, #3023, .T. );
#2443 = EDGE_CURVE( '', #3024, #3022, #3025, .T. );
#2444 = EDGE_CURVE( '', #3026, #3024, #3027, .T. );
#2445 = EDGE_CURVE( '', #3028, #3026, #3029, .T. );
#2446 = EDGE_CURVE( '', #3030, #3028, #3031, .T. );
#2447 = EDGE_CURVE( '', #3032, #3030, #3033, .T. );
#2448 = EDGE_CURVE( '', #3034, #3032, #3035, .T. );
#2449 = EDGE_CURVE( '', #3034, #2988, #3036, .T. );
#2450 = EDGE_CURVE( '', #2986, #2742, #3037, .T. );
#2451 = EDGE_CURVE( '', #2741, #3004, #3038, .T. );
#2452 = EDGE_CURVE( '', #3002, #3039, #3040, .T. );
#2453 = EDGE_CURVE( '', #3039, #3041, #3042, .T. );
#2454 = EDGE_CURVE( '', #2875, #3041, #3043, .T. );
#2455 = EDGE_CURVE( '', #2872, #3044, #3045, .T. );
#2456 = EDGE_CURVE( '', #3046, #3044, #3047, .T. );
#2457 = EDGE_CURVE( '', #3048, #3046, #3049, .T. );
#2458 = EDGE_CURVE( '', #3048, #2771, #3050, .T. );
#2459 = EDGE_CURVE( '', #2775, #2807, #3051, .T. );
#2460 = EDGE_CURVE( '', #2806, #3052, #3053, .T. );
#2461 = EDGE_CURVE( '', #3052, #3054, #3055, .T. );
#2462 = EDGE_CURVE( '', #3054, #2827, #3056, .T. );
#2463 = EDGE_CURVE( '', #3057, #2839, #3058, .T. );
#2464 = EDGE_CURVE( '', #2840, #3059, #3060, .T. );
#2465 = EDGE_CURVE( '', #3059, #2883, #3061, .T. );
#2466 = EDGE_CURVE( '', #3057, #2881, #3062, .T. );
#2467 = EDGE_CURVE( '', #2780, #2852, #3063, .T. );
#2468 = EDGE_CURVE( '', #2784, #2724, #3064, .T. );
#2469 = EDGE_CURVE( '', #2722, #2847, #3065, .T. );
#2470 = EDGE_CURVE( '', #2863, #2836, #3066, .T. );
#2471 = EDGE_CURVE( '', #2800, #2814, #3067, .T. );
#2472 = EDGE_CURVE( '', #2815, #2891, #3068, .T. );
#2473 = EDGE_CURVE( '', #2889, #2802, #3069, .T. );
#2474 = EDGE_CURVE( '', #3070, #3071, #3072, .T. );
#2475 = EDGE_CURVE( '', #3071, #3073, #3074, .T. );
#2476 = EDGE_CURVE( '', #3075, #3073, #3076, .T. );
#2477 = EDGE_CURVE( '', #3070, #3075, #3077, .T. );
#2478 = EDGE_CURVE( '', #3078, #3079, #3080, .T. );
#2479 = EDGE_CURVE( '', #3079, #3081, #3082, .T. );
#2480 = EDGE_CURVE( '', #3083, #3081, #3084, .T. );
#2481 = EDGE_CURVE( '', #3078, #3083, #3085, .T. );
#2482 = EDGE_CURVE( '', #3086, #3087, #3088, .T. );
#2483 = EDGE_CURVE( '', #3087, #2960, #3089, .T. );
#2484 = EDGE_CURVE( '', #3086, #2958, #3090, .T. );
#2485 = EDGE_CURVE( '', #3091, #3092, #3093, .T. );
#2486 = EDGE_CURVE( '', #3091, #2944, #3094, .T. );
#2487 = EDGE_CURVE( '', #3092, #2945, #3095, .T. );
#2488 = EDGE_CURVE( '', #3096, #3097, #3098, .T. );
#2489 = EDGE_CURVE( '', #3097, #3091, #3099, .T. );
#2490 = EDGE_CURVE( '', #3096, #3092, #3100, .T. );
#2491 = EDGE_CURVE( '', #2774, #3101, #3102, .T. );
#2492 = EDGE_CURVE( '', #3103, #2769, #3104, .T. );
#2493 = EDGE_CURVE( '', #3105, #3103, #3106, .T. );
#2494 = EDGE_CURVE( '', #3107, #3105, #3108, .T. );
#2495 = EDGE_CURVE( '', #2873, #3107, #3109, .T. );
#2496 = EDGE_CURVE( '', #3110, #2877, #3111, .T. );
#2497 = EDGE_CURVE( '', #3112, #3110, #3113, .T. );
#2498 = EDGE_CURVE( '', #3000, #3112, #3114, .T. );
#2499 = EDGE_CURVE( '', #2736, #2998, #3115, .T. );
#2500 = EDGE_CURVE( '', #2734, #3116, #3117, .T. );
#2501 = EDGE_CURVE( '', #3116, #3118, #3119, .T. );
#2502 = EDGE_CURVE( '', #3118, #3120, #3121, .T. );
#2503 = EDGE_CURVE( '', #3120, #3122, #3123, .T. );
#2504 = EDGE_CURVE( '', #2730, #3122, #3124, .T. );
#2505 = EDGE_CURVE( '', #2992, #2738, #3125, .T. );
#2506 = EDGE_CURVE( '', #3126, #2990, #3127, .T. );
#2507 = EDGE_CURVE( '', #3126, #3128, #3129, .T. );
#2508 = EDGE_CURVE( '', #3130, #3128, #3131, .T. );
#2509 = EDGE_CURVE( '', #3132, #3130, #3133, .T. );
#2510 = EDGE_CURVE( '', #3132, #3134, #3135, .T. );
#2511 = EDGE_CURVE( '', #3136, #3134, #3137, .T. );
#2512 = EDGE_CURVE( '', #3138, #3136, #3139, .T. );
#2513 = EDGE_CURVE( '', #3138, #3140, #3141, .T. );
#2514 = EDGE_CURVE( '', #3009, #3140, #3142, .T. );
#2515 = EDGE_CURVE( '', #3143, #3014, #3144, .T. );
#2516 = EDGE_CURVE( '', #3145, #3143, #3146, .T. );
#2517 = EDGE_CURVE( '', #3147, #3145, #3148, .T. );
#2518 = EDGE_CURVE( '', #3147, #3149, #3150, .T. );
#2519 = EDGE_CURVE( '', #3149, #3151, #3152, .T. );
#2520 = EDGE_CURVE( '', #3151, #3153, #3154, .T. );
#2521 = EDGE_CURVE( '', #3153, #3101, #3155, .T. );
#2522 = EDGE_CURVE( '', #3156, #3157, #3158, .T. );
#2523 = EDGE_CURVE( '', #2915, #3157, #3159, .T. );
#2524 = EDGE_CURVE( '', #2913, #3160, #3161, .T. );
#2525 = EDGE_CURVE( '', #3160, #3162, #3163, .T. );
#2526 = EDGE_CURVE( '', #3162, #3156, #3164, .T. );
#2527 = EDGE_CURVE( '', #3165, #2905, #3166, .T. );
#2528 = EDGE_CURVE( '', #3165, #3167, #3168, .T. );
#2529 = EDGE_CURVE( '', #3167, #3169, #3170, .T. );
#2530 = EDGE_CURVE( '', #3169, #3171, #3172, .T. );
#2531 = EDGE_CURVE( '', #3171, #2907, #3173, .T. );
#2532 = EDGE_CURVE( '', #3174, #3175, #3176, .T. );
#2533 = EDGE_CURVE( '', #3174, #3177, #3178, .T. );
#2534 = EDGE_CURVE( '', #3177, #3179, #3180, .T. );
#2535 = EDGE_CURVE( '', #3179, #3181, #3182, .T. );
#2536 = EDGE_CURVE( '', #3181, #3183, #3184, .T. );
#2537 = EDGE_CURVE( '', #3175, #3183, #3185, .T. );
#2538 = EDGE_CURVE( '', #2965, #3186, #3187, .T. );
#2539 = EDGE_CURVE( '', #3186, #3188, #3189, .T. );
#2540 = EDGE_CURVE( '', #3188, #3190, #3191, .T. );
#2541 = EDGE_CURVE( '', #3190, #3192, #3193, .T. );
#2542 = EDGE_CURVE( '', #2968, #3192, #3194, .T. );
#2543 = EDGE_CURVE( '', #3195, #3196, #3197, .T. );
#2544 = EDGE_CURVE( '', #3198, #3196, #3199, .T. );
#2545 = EDGE_CURVE( '', #3200, #3198, #3201, .T. );
#2546 = EDGE_CURVE( '', #3200, #3195, #3202, .T. );
#2547 = EDGE_CURVE( '', #3203, #3204, #3205, .T. );
#2548 = EDGE_CURVE( '', #2931, #3204, #3206, .T. );
#2549 = EDGE_CURVE( '', #2929, #3203, #3207, .T. );
#2550 = EDGE_CURVE( '', #2867, #2899, #3208, .T. );
#2551 = EDGE_CURVE( '', #2869, #2897, #3209, .T. );
#2552 = EDGE_CURVE( '', #2970, #3210, #3211, .T. );
#2553 = EDGE_CURVE( '', #3210, #3192, #3212, .T. );
#2554 = EDGE_CURVE( '', #2974, #3145, #3213, .T. );
#2555 = EDGE_CURVE( '', #2973, #3147, #3214, .T. );
#2556 = EDGE_CURVE( '', #3215, #3157, #3216, .T. );
#2557 = EDGE_CURVE( '', #2917, #3215, #3217, .T. );
#2558 = EDGE_CURVE( '', #3218, #3219, #3220, .T. );
#2559 = EDGE_CURVE( '', #3218, #3175, #3221, .T. );
#2560 = EDGE_CURVE( '', #3219, #3183, #3222, .T. );
#2561 = EDGE_CURVE( '', #3223, #2904, #3224, .T. );
#2562 = EDGE_CURVE( '', #3223, #3165, #3225, .T. );
#2563 = EDGE_CURVE( '', #2729, #3226, #3227, .T. );
#2564 = EDGE_CURVE( '', #3226, #3122, #3228, .T. );
#2565 = EDGE_CURVE( '', #3229, #3120, #3230, .T. );
#2566 = EDGE_CURVE( '', #3226, #3229, #3231, .T. );
#2567 = EDGE_CURVE( '', #3232, #3118, #3233, .T. );
#2568 = EDGE_CURVE( '', #3116, #3234, #3235, .T. );
#2569 = EDGE_CURVE( '', #3234, #3232, #3236, .T. );
#2570 = EDGE_CURVE( '', #3232, #3229, #3237, .T. );
#2571 = EDGE_CURVE( '', #3204, #2921, #3238, .T. );
#2572 = EDGE_CURVE( '', #2921, #2933, #3239, .T. );
#2573 = EDGE_CURVE( '', #2831, #2862, #3240, .T. );
#2574 = EDGE_CURVE( '', #3241, #3181, #3242, .T. );
#2575 = EDGE_CURVE( '', #3219, #3241, #3243, .T. );
#2576 = EDGE_CURVE( '', #3140, #3020, #3244, .T. );
#2577 = EDGE_CURVE( '', #3132, #3028, #3245, .T. );
#2578 = EDGE_CURVE( '', #3134, #3026, #3246, .T. );
#2579 = EDGE_CURVE( '', #3247, #3248, #3249, .T. );
#2580 = EDGE_CURVE( '', #3247, #3250, #3251, .T. );
#2581 = EDGE_CURVE( '', #3252, #3250, #3253, .T. );
#2582 = EDGE_CURVE( '', #3248, #3252, #3254, .T. );
#2583 = EDGE_CURVE( '', #3255, #3256, #3257, .T. );
#2584 = EDGE_CURVE( '', #3256, #3258, #3259, .T. );
#2585 = EDGE_CURVE( '', #3258, #3260, #3261, .T. );
#2586 = EDGE_CURVE( '', #3255, #3260, #3262, .T. );
#2587 = EDGE_CURVE( '', #3263, #3059, #3264, .T. );
#2588 = EDGE_CURVE( '', #3263, #2885, #3265, .T. );
#2589 = EDGE_CURVE( '', #3266, #2758, #3267, .T. );
#2590 = EDGE_CURVE( '', #3268, #3266, #3269, .T. );
#2591 = EDGE_CURVE( '', #3268, #2754, #3270, .T. );
#2592 = EDGE_CURVE( '', #3268, #2901, #3271, .T. );
#2593 = EDGE_CURVE( '', #2901, #2753, #3272, .T. );
#2594 = EDGE_CURVE( '', #3252, #2957, #3273, .T. );
#2595 = EDGE_CURVE( '', #3250, #3274, #3275, .T. );
#2596 = EDGE_CURVE( '', #2957, #3274, #3276, .T. );
#2597 = EDGE_CURVE( '', #2741, #3006, #3277, .T. );
#2598 = EDGE_CURVE( '', #2742, #2985, #3278, .T. );
#2599 = EDGE_CURVE( '', #3279, #2909, #3280, .T. );
#2600 = EDGE_CURVE( '', #3171, #3279, #3281, .T. );
#2601 = EDGE_CURVE( '', #3282, #3054, #3283, .T. );
#2602 = EDGE_CURVE( '', #3284, #3052, #3285, .T. );
#2603 = EDGE_CURVE( '', #3284, #3282, #3286, .T. );
#2604 = EDGE_CURVE( '', #3287, #3169, #3288, .T. );
#2605 = EDGE_CURVE( '', #3289, #3167, #3290, .T. );
#2606 = EDGE_CURVE( '', #3289, #3287, #3291, .T. );
#2607 = EDGE_CURVE( '', #3156, #3292, #3293, .T. );
#2608 = EDGE_CURVE( '', #3292, #3215, #3294, .T. );
#2609 = EDGE_CURVE( '', #3048, #3103, #3295, .T. );
#2610 = EDGE_CURVE( '', #3296, #3160, #3297, .T. );
#2611 = EDGE_CURVE( '', #2912, #3296, #3298, .T. );
#2612 = EDGE_CURVE( '', #3130, #3030, #3299, .T. );
#2613 = EDGE_CURVE( '', #3143, #3017, #3300, .T. );
#2614 = EDGE_CURVE( '', #2811, #3284, #3301, .T. );
#2615 = EDGE_CURVE( '', #2982, #3149, #3302, .T. );
#2616 = EDGE_CURVE( '', #3096, #3081, #3303, .T. );
#2617 = EDGE_CURVE( '', #3079, #2949, #3304, .T. );
#2618 = EDGE_CURVE( '', #2949, #3096, #3305, .T. );
#2619 = EDGE_CURVE( '', #2980, #3151, #3306, .T. );
#2620 = EDGE_CURVE( '', #3153, #2978, #3307, .T. );
#2621 = EDGE_CURVE( '', #3308, #3190, #3309, .T. );
#2622 = EDGE_CURVE( '', #3310, #3188, #3311, .T. );
#2623 = EDGE_CURVE( '', #3310, #3308, #3312, .T. );
#2624 = EDGE_CURVE( '', #3186, #3313, #3314, .T. );
#2625 = EDGE_CURVE( '', #3313, #3310, #3315, .T. );
#2626 = EDGE_CURVE( '', #3210, #3308, #3316, .T. );
#2627 = EDGE_CURVE( '', #3092, #3083, #3317, .T. );
#2628 = EDGE_CURVE( '', #3203, #2923, #3318, .T. );
#2629 = EDGE_CURVE( '', #3319, #2925, #3320, .T. );
#2630 = EDGE_CURVE( '', #3321, #3319, #3322, .T. );
#2631 = EDGE_CURVE( '', #2920, #3321, #3323, .T. );
#2632 = EDGE_CURVE( '', #2928, #2923, #3324, .T. );
#2633 = EDGE_CURVE( '', #3319, #2928, #3325, .T. );
#2634 = EDGE_CURVE( '', #2962, #3248, #3326, .T. );
#2635 = EDGE_CURVE( '', #3327, #2962, #3328, .T. );
#2636 = EDGE_CURVE( '', #3247, #3327, #3329, .T. );
#2637 = EDGE_CURVE( '', #2736, #2996, #3330, .T. );
#2638 = EDGE_CURVE( '', #3279, #3287, #3331, .T. );
#2639 = EDGE_CURVE( '', #3105, #3046, #3332, .T. );
#2640 = EDGE_CURVE( '', #3044, #3107, #3333, .T. );
#2641 = EDGE_CURVE( '', #2817, #2797, #3334, .T. );
#2642 = EDGE_CURVE( '', #3112, #3039, #3335, .T. );
#2643 = EDGE_CURVE( '', #3041, #3110, #3336, .T. );
#2644 = EDGE_CURVE( '', #2896, #2756, #3337, .T. );
#2645 = EDGE_CURVE( '', #3327, #3274, #3338, .T. );
#2646 = EDGE_CURVE( '', #3174, #3339, #3340, .T. );
#2647 = EDGE_CURVE( '', #3339, #3218, #3341, .T. );
#2648 = EDGE_CURVE( '', #2896, #3266, #3342, .T. );
#2649 = EDGE_CURVE( '', #2966, #3313, #3343, .T. );
#2650 = EDGE_CURVE( '', #3101, #2976, #3344, .T. );
#2651 = EDGE_CURVE( '', #3223, #3289, #3345, .T. );
#2652 = EDGE_CURVE( '', #2842, #3346, #3347, .T. );
#2653 = EDGE_CURVE( '', #3346, #2880, #3348, .T. );
#2654 = EDGE_CURVE( '', #2844, #3263, #3349, .T. );
#2655 = EDGE_CURVE( '', #2823, #2809, #3350, .T. );
#2656 = EDGE_CURVE( '', #2822, #3282, #3351, .T. );
#2657 = EDGE_CURVE( '', #2848, #2721, #3352, .T. );
#2658 = EDGE_CURVE( '', #2782, #2726, #3353, .T. );
#2659 = EDGE_CURVE( '', #2850, #2779, #3354, .T. );
#2660 = EDGE_CURVE( '', #2798, #2888, #3355, .T. );
#2661 = EDGE_CURVE( '', #2819, #2893, #3356, .T. );
#2662 = EDGE_CURVE( '', #2732, #3234, #3357, .T. );
#2663 = EDGE_CURVE( '', #3138, #3022, #3358, .T. );
#2664 = EDGE_CURVE( '', #3126, #3034, #3359, .T. );
#2665 = EDGE_CURVE( '', #3128, #3032, #3360, .T. );
#2666 = EDGE_CURVE( '', #3136, #3024, #3361, .T. );
#2667 = EDGE_CURVE( '', #2738, #2994, #3362, .T. );
#2668 = EDGE_CURVE( '', #3255, #3198, #3363, .T. );
#2669 = EDGE_CURVE( '', #3196, #3364, #3365, .T. );
#2670 = EDGE_CURVE( '', #3364, #3255, #3366, .T. );
#2671 = EDGE_CURVE( '', #2954, #3367, #3368, .T. );
#2672 = EDGE_CURVE( '', #2937, #3367, #3369, .T. );
#2673 = EDGE_CURVE( '', #3162, #3370, #3371, .T. );
#2674 = EDGE_CURVE( '', #3370, #3296, #3372, .T. );
#2675 = EDGE_CURVE( '', #2933, #3321, #3373, .T. );
#2676 = EDGE_CURVE( '', #2947, #3097, #3374, .T. );
#2677 = EDGE_CURVE( '', #3346, #3057, #3375, .T. );
#2678 = EDGE_CURVE( '', #3258, #3376, #3377, .T. );
#2679 = EDGE_CURVE( '', #3378, #3256, #3379, .T. );
#2680 = EDGE_CURVE( '', #3378, #3376, #3380, .T. );
#2681 = EDGE_CURVE( '', #3370, #3292, #3381, .T. );
#2682 = EDGE_CURVE( '', #3087, #3327, #3382, .T. );
#2683 = EDGE_CURVE( '', #3086, #3274, #3383, .T. );
#2684 = EDGE_CURVE( '', #3078, #2945, #3384, .T. );
#2685 = EDGE_CURVE( '', #3071, #2939, #3385, .T. );
#2686 = EDGE_CURVE( '', #3070, #3386, #3387, .T. );
#2687 = EDGE_CURVE( '', #2939, #3386, #3388, .T. );
#2688 = EDGE_CURVE( '', #3389, #3376, #3390, .T. );
#2689 = EDGE_CURVE( '', #3260, #3389, #3391, .T. );
#2690 = EDGE_CURVE( '', #2952, #3386, #3392, .T. );
#2691 = EDGE_CURVE( '', #3367, #3386, #3393, .T. );
#2692 = EDGE_CURVE( '', #3378, #3364, #3394, .T. );
#2693 = EDGE_CURVE( '', #3395, #3179, #3396, .T. );
#2694 = EDGE_CURVE( '', #3177, #3397, #3398, .T. );
#2695 = EDGE_CURVE( '', #3397, #3395, #3399, .T. );
#2696 = EDGE_CURVE( '', #3367, #3075, #3400, .T. );
#2697 = EDGE_CURVE( '', #3395, #3241, #3401, .T. );
#2698 = EDGE_CURVE( '', #2937, #3073, #3402, .T. );
#2699 = EDGE_CURVE( '', #3195, #3389, #3403, .T. );
#2700 = EDGE_CURVE( '', #3364, #3389, #3404, .T. );
#2701 = EDGE_CURVE( '', #3339, #3397, #3405, .T. );
#2702 = EDGE_CURVE( '', #3260, #3200, #3406, .T. );
#2703 = VERTEX_POINT( '', #3407 );
#2704 = VERTEX_POINT( '', #3408 );
#2705 = LINE( '', #3409, #3410 );
#2706 = VERTEX_POINT( '', #3411 );
#2707 = CIRCLE( '', #3412, 0.000711200000000000 );
#2708 = VERTEX_POINT( '', #3413 );
#2709 = LINE( '', #3414, #3415 );
#2710 = CIRCLE( '', #3416, 0.000711200000000000 );
#2711 = VERTEX_POINT( '', #3417 );
#2712 = VERTEX_POINT( '', #3418 );
#2713 = LINE( '', #3419, #3420 );
#2714 = LINE( '', #3421, #3422 );
#2715 = LINE( '', #3423, #3424 );
#2716 = VERTEX_POINT( '', #3425 );
#2717 = LINE( '', #3426, #3427 );
#2718 = VERTEX_POINT( '', #3428 );
#2719 = LINE( '', #3429, #3430 );
#2720 = LINE( '', #3431, #3432 );
#2721 = VERTEX_POINT( '', #3433 );
#2722 = VERTEX_POINT( '', #3434 );
#2723 = LINE( '', #3435, #3436 );
#2724 = VERTEX_POINT( '', #3437 );
#2725 = CIRCLE( '', #3438, 0.000711200000000000 );
#2726 = VERTEX_POINT( '', #3439 );
#2727 = LINE( '', #3440, #3441 );
#2728 = CIRCLE( '', #3442, 0.000711200000000000 );
#2729 = VERTEX_POINT( '', #3443 );
#2730 = VERTEX_POINT( '', #3444 );
#2731 = LINE( '', #3445, #3446 );
#2732 = VERTEX_POINT( '', #3447 );
#2733 = LINE( '', #3448, #3449 );
#2734 = VERTEX_POINT( '', #3450 );
#2735 = LINE( '', #3451, #3452 );
#2736 = VERTEX_POINT( '', #3453 );
#2737 = LINE( '', #3454, #3455 );
#2738 = VERTEX_POINT( '', #3456 );
#2739 = LINE( '', #3457, #3458 );
#2740 = LINE( '', #3459, #3460 );
#2741 = VERTEX_POINT( '', #3461 );
#2742 = VERTEX_POINT( '', #3462 );
#2743 = LINE( '', #3463, #3464 );
#2744 = VERTEX_POINT( '', #3465 );
#2745 = LINE( '', #3466, #3467 );
#2746 = VERTEX_POINT( '', #3468 );
#2747 = LINE( '', #3469, #3470 );
#2748 = VERTEX_POINT( '', #3471 );
#2749 = LINE( '', #3472, #3473 );
#2750 = VERTEX_POINT( '', #3474 );
#2751 = LINE( '', #3475, #3476 );
#2752 = LINE( '', #3477, #3478 );
#2753 = VERTEX_POINT( '', #3479 );
#2754 = VERTEX_POINT( '', #3480 );
#2755 = LINE( '', #3481, #3482 );
#2756 = VERTEX_POINT( '', #3483 );
#2757 = LINE( '', #3484, #3485 );
#2758 = VERTEX_POINT( '', #3486 );
#2759 = LINE( '', #3487, #3488 );
#2760 = LINE( '', #3489, #3490 );
#2761 = VERTEX_POINT( '', #3491 );
#2762 = VERTEX_POINT( '', #3492 );
#2763 = LINE( '', #3493, #3494 );
#2764 = VERTEX_POINT( '', #3495 );
#2765 = LINE( '', #3496, #3497 );
#2766 = VERTEX_POINT( '', #3498 );
#2767 = LINE( '', #3499, #3500 );
#2768 = LINE( '', #3501, #3502 );
#2769 = VERTEX_POINT( '', #3503 );
#2770 = LINE( '', #3504, #3505 );
#2771 = VERTEX_POINT( '', #3506 );
#2772 = LINE( '', #3507, #3508 );
#2773 = LINE( '', #3509, #3510 );
#2774 = VERTEX_POINT( '', #3511 );
#2775 = VERTEX_POINT( '', #3512 );
#2776 = LINE( '', #3513, #3514 );
#2777 = LINE( '', #3515, #3516 );
#2778 = LINE( '', #3517, #3518 );
#2779 = VERTEX_POINT( '', #3519 );
#2780 = VERTEX_POINT( '', #3520 );
#2781 = LINE( '', #3521, #3522 );
#2782 = VERTEX_POINT( '', #3523 );
#2783 = LINE( '', #3524, #3525 );
#2784 = VERTEX_POINT( '', #3526 );
#2785 = LINE( '', #3527, #3528 );
#2786 = LINE( '', #3529, #3530 );
#2787 = VERTEX_POINT( '', #3531 );
#2788 = VERTEX_POINT( '', #3532 );
#2789 = LINE( '', #3533, #3534 );
#2790 = VERTEX_POINT( '', #3535 );
#2791 = LINE( '', #3536, #3537 );
#2792 = VERTEX_POINT( '', #3538 );
#2793 = LINE( '', #3539, #3540 );
#2794 = LINE( '', #3541, #3542 );
#2795 = LINE( '', #3543, #3544 );
#2796 = LINE( '', #3545, #3546 );
#2797 = VERTEX_POINT( '', #3547 );
#2798 = VERTEX_POINT( '', #3548 );
#2799 = LINE( '', #3549, #3550 );
#2800 = VERTEX_POINT( '', #3551 );
#2801 = LINE( '', #3552, #3553 );
#2802 = VERTEX_POINT( '', #3554 );
#2803 = LINE( '', #3555, #3556 );
#2804 = LINE( '', #3557, #3558 );
#2805 = LINE( '', #3559, #3560 );
#2806 = VERTEX_POINT( '', #3561 );
#2807 = VERTEX_POINT( '', #3562 );
#2808 = LINE( '', #3563, #3564 );
#2809 = VERTEX_POINT( '', #3565 );
#2810 = LINE( '', #3566, #3567 );
#2811 = VERTEX_POINT( '', #3568 );
#2812 = LINE( '', #3569, #3570 );
#2813 = LINE( '', #3571, #3572 );
#2814 = VERTEX_POINT( '', #3573 );
#2815 = VERTEX_POINT( '', #3574 );
#2816 = LINE( '', #3575, #3576 );
#2817 = VERTEX_POINT( '', #3577 );
#2818 = LINE( '', #3578, #3579 );
#2819 = VERTEX_POINT( '', #3580 );
#2820 = LINE( '', #3581, #3582 );
#2821 = LINE( '', #3583, #3584 );
#2822 = VERTEX_POINT( '', #3585 );
#2823 = VERTEX_POINT( '', #3586 );
#2824 = LINE( '', #3587, #3588 );
#2825 = VERTEX_POINT( '', #3589 );
#2826 = LINE( '', #3590, #3591 );
#2827 = VERTEX_POINT( '', #3592 );
#2828 = LINE( '', #3593, #3594 );
#2829 = LINE( '', #3595, #3596 );
#2830 = LINE( '', #3597, #3598 );
#2831 = VERTEX_POINT( '', #3599 );
#2832 = VERTEX_POINT( '', #3600 );
#2833 = LINE( '', #3601, #3602 );
#2834 = VERTEX_POINT( '', #3603 );
#2835 = LINE( '', #3604, #3605 );
#2836 = VERTEX_POINT( '', #3606 );
#2837 = LINE( '', #3607, #3608 );
#2838 = LINE( '', #3609, #3610 );
#2839 = VERTEX_POINT( '', #3611 );
#2840 = VERTEX_POINT( '', #3612 );
#2841 = LINE( '', #3613, #3614 );
#2842 = VERTEX_POINT( '', #3615 );
#2843 = LINE( '', #3616, #3617 );
#2844 = VERTEX_POINT( '', #3618 );
#2845 = LINE( '', #3619, #3620 );
#2846 = LINE( '', #3621, #3622 );
#2847 = VERTEX_POINT( '', #3623 );
#2848 = VERTEX_POINT( '', #3624 );
#2849 = LINE( '', #3625, #3626 );
#2850 = VERTEX_POINT( '', #3627 );
#2851 = LINE( '', #3628, #3629 );
#2852 = VERTEX_POINT( '', #3630 );
#2853 = LINE( '', #3631, #3632 );
#2854 = LINE( '', #3633, #3634 );
#2855 = VERTEX_POINT( '', #3635 );
#2856 = VERTEX_POINT( '', #3636 );
#2857 = LINE( '', #3637, #3638 );
#2858 = LINE( '', #3639, #3640 );
#2859 = LINE( '', #3641, #3642 );
#2860 = LINE( '', #3643, #3644 );
#2861 = LINE( '', #3645, #3646 );
#2862 = VERTEX_POINT( '', #3647 );
#2863 = VERTEX_POINT( '', #3648 );
#2864 = LINE( '', #3649, #3650 );
#2865 = CIRCLE( '', #3651, 0.000711200000000000 );
#2866 = CIRCLE( '', #3652, 0.000711200000000000 );
#2867 = VERTEX_POINT( '', #3653 );
#2868 = LINE( '', #3654, #3655 );
#2869 = VERTEX_POINT( '', #3656 );
#2870 = LINE( '', #3657, #3658 );
#2871 = LINE( '', #3659, #3660 );
#2872 = VERTEX_POINT( '', #3661 );
#2873 = VERTEX_POINT( '', #3662 );
#2874 = LINE( '', #3663, #3664 );
#2875 = VERTEX_POINT( '', #3665 );
#2876 = LINE( '', #3666, #3667 );
#2877 = VERTEX_POINT( '', #3668 );
#2878 = LINE( '', #3669, #3670 );
#2879 = LINE( '', #3671, #3672 );
#2880 = VERTEX_POINT( '', #3673 );
#2881 = VERTEX_POINT( '', #3674 );
#2882 = LINE( '', #3675, #3676 );
#2883 = VERTEX_POINT( '', #3677 );
#2884 = LINE( '', #3678, #3679 );
#2885 = VERTEX_POINT( '', #3680 );
#2886 = LINE( '', #3681, #3682 );
#2887 = LINE( '', #3683, #3684 );
#2888 = VERTEX_POINT( '', #3685 );
#2889 = VERTEX_POINT( '', #3686 );
#2890 = LINE( '', #3687, #3688 );
#2891 = VERTEX_POINT( '', #3689 );
#2892 = CIRCLE( '', #3690, 0.000711200000000000 );
#2893 = VERTEX_POINT( '', #3691 );
#2894 = LINE( '', #3692, #3693 );
#2895 = CIRCLE( '', #3694, 0.000711200000000000 );
#2896 = VERTEX_POINT( '', #3695 );
#2897 = VERTEX_POINT( '', #3696 );
#2898 = LINE( '', #3697, #3698 );
#2899 = VERTEX_POINT( '', #3699 );
#2900 = LINE( '', #3700, #3701 );
#2901 = VERTEX_POINT( '', #3702 );
#2902 = LINE( '', #3703, #3704 );
#2903 = LINE( '', #3705, #3706 );
#2904 = VERTEX_POINT( '', #3707 );
#2905 = VERTEX_POINT( '', #3708 );
#2906 = LINE( '', #3709, #3710 );
#2907 = VERTEX_POINT( '', #3711 );
#2908 = LINE( '', #3712, #3713 );
#2909 = VERTEX_POINT( '', #3714 );
#2910 = LINE( '', #3715, #3716 );
#2911 = LINE( '', #3717, #3718 );
#2912 = VERTEX_POINT( '', #3719 );
#2913 = VERTEX_POINT( '', #3720 );
#2914 = LINE( '', #3721, #3722 );
#2915 = VERTEX_POINT( '', #3723 );
#2916 = LINE( '', #3724, #3725 );
#2917 = VERTEX_POINT( '', #3726 );
#2918 = LINE( '', #3727, #3728 );
#2919 = LINE( '', #3729, #3730 );
#2920 = VERTEX_POINT( '', #3731 );
#2921 = VERTEX_POINT( '', #3732 );
#2922 = LINE( '', #3733, #3734 );
#2923 = VERTEX_POINT( '', #3735 );
#2924 = LINE( '', #3736, #3737 );
#2925 = VERTEX_POINT( '', #3738 );
#2926 = LINE( '', #3739, #3740 );
#2927 = LINE( '', #3741, #3742 );
#2928 = VERTEX_POINT( '', #3743 );
#2929 = VERTEX_POINT( '', #3744 );
#2930 = LINE( '', #3745, #3746 );
#2931 = VERTEX_POINT( '', #3747 );
#2932 = LINE( '', #3748, #3749 );
#2933 = VERTEX_POINT( '', #3750 );
#2934 = LINE( '', #3751, #3752 );
#2935 = LINE( '', #3753, #3754 );
#2936 = VERTEX_POINT( '', #3755 );
#2937 = VERTEX_POINT( '', #3756 );
#2938 = LINE( '', #3757, #3758 );
#2939 = VERTEX_POINT( '', #3759 );
#2940 = LINE( '', #3760, #3761 );
#2941 = VERTEX_POINT( '', #3762 );
#2942 = LINE( '', #3763, #3764 );
#2943 = LINE( '', #3765, #3766 );
#2944 = VERTEX_POINT( '', #3767 );
#2945 = VERTEX_POINT( '', #3768 );
#2946 = LINE( '', #3769, #3770 );
#2947 = VERTEX_POINT( '', #3771 );
#2948 = LINE( '', #3772, #3773 );
#2949 = VERTEX_POINT( '', #3774 );
#2950 = LINE( '', #3775, #3776 );
#2951 = LINE( '', #3777, #3778 );
#2952 = VERTEX_POINT( '', #3779 );
#2953 = LINE( '', #3780, #3781 );
#2954 = VERTEX_POINT( '', #3782 );
#2955 = LINE( '', #3783, #3784 );
#2956 = LINE( '', #3785, #3786 );
#2957 = VERTEX_POINT( '', #3787 );
#2958 = VERTEX_POINT( '', #3788 );
#2959 = LINE( '', #3789, #3790 );
#2960 = VERTEX_POINT( '', #3791 );
#2961 = LINE( '', #3792, #3793 );
#2962 = VERTEX_POINT( '', #3794 );
#2963 = LINE( '', #3795, #3796 );
#2964 = LINE( '', #3797, #3798 );
#2965 = VERTEX_POINT( '', #3799 );
#2966 = VERTEX_POINT( '', #3800 );
#2967 = LINE( '', #3801, #3802 );
#2968 = VERTEX_POINT( '', #3803 );
#2969 = LINE( '', #3804, #3805 );
#2970 = VERTEX_POINT( '', #3806 );
#2971 = LINE( '', #3807, #3808 );
#2972 = LINE( '', #3809, #3810 );
#2973 = VERTEX_POINT( '', #3811 );
#2974 = VERTEX_POINT( '', #3812 );
#2975 = LINE( '', #3813, #3814 );
#2976 = VERTEX_POINT( '', #3815 );
#2977 = LINE( '', #3816, #3817 );
#2978 = VERTEX_POINT( '', #3818 );
#2979 = LINE( '', #3819, #3820 );
#2980 = VERTEX_POINT( '', #3821 );
#2981 = LINE( '', #3822, #3823 );
#2982 = VERTEX_POINT( '', #3824 );
#2983 = CIRCLE( '', #3825, 0.000711200000000000 );
#2984 = LINE( '', #3826, #3827 );
#2985 = VERTEX_POINT( '', #3828 );
#2986 = VERTEX_POINT( '', #3829 );
#2987 = LINE( '', #3830, #3831 );
#2988 = VERTEX_POINT( '', #3832 );
#2989 = LINE( '', #3833, #3834 );
#2990 = VERTEX_POINT( '', #3835 );
#2991 = LINE( '', #3836, #3837 );
#2992 = VERTEX_POINT( '', #3838 );
#2993 = LINE( '', #3839, #3840 );
#2994 = VERTEX_POINT( '', #3841 );
#2995 = LINE( '', #3842, #3843 );
#2996 = VERTEX_POINT( '', #3844 );
#2997 = LINE( '', #3845, #3846 );
#2998 = VERTEX_POINT( '', #3847 );
#2999 = LINE( '', #3848, #3849 );
#3000 = VERTEX_POINT( '', #3850 );
#3001 = LINE( '', #3851, #3852 );
#3002 = VERTEX_POINT( '', #3853 );
#3003 = LINE( '', #3854, #3855 );
#3004 = VERTEX_POINT( '', #3856 );
#3005 = LINE( '', #3857, #3858 );
#3006 = VERTEX_POINT( '', #3859 );
#3007 = LINE( '', #3860, #3861 );
#3008 = LINE( '', #3862, #3863 );
#3009 = VERTEX_POINT( '', #3864 );
#3010 = VERTEX_POINT( '', #3865 );
#3011 = LINE( '', #3866, #3867 );
#3012 = VERTEX_POINT( '', #3868 );
#3013 = LINE( '', #3869, #3870 );
#3014 = VERTEX_POINT( '', #3871 );
#3015 = LINE( '', #3872, #3873 );
#3016 = LINE( '', #3874, #3875 );
#3017 = VERTEX_POINT( '', #3876 );
#3018 = LINE( '', #3877, #3878 );
#3019 = LINE( '', #3879, #3880 );
#3020 = VERTEX_POINT( '', #3881 );
#3021 = LINE( '', #3882, #3883 );
#3022 = VERTEX_POINT( '', #3884 );
#3023 = LINE( '', #3885, #3886 );
#3024 = VERTEX_POINT( '', #3887 );
#3025 = LINE( '', #3888, #3889 );
#3026 = VERTEX_POINT( '', #3890 );
#3027 = LINE( '', #3891, #3892 );
#3028 = VERTEX_POINT( '', #3893 );
#3029 = LINE( '', #3894, #3895 );
#3030 = VERTEX_POINT( '', #3896 );
#3031 = LINE( '', #3897, #3898 );
#3032 = VERTEX_POINT( '', #3899 );
#3033 = LINE( '', #3900, #3901 );
#3034 = VERTEX_POINT( '', #3902 );
#3035 = LINE( '', #3903, #3904 );
#3036 = LINE( '', #3905, #3906 );
#3037 = LINE( '', #3907, #3908 );
#3038 = LINE( '', #3909, #3910 );
#3039 = VERTEX_POINT( '', #3911 );
#3040 = LINE( '', #3912, #3913 );
#3041 = VERTEX_POINT( '', #3914 );
#3042 = LINE( '', #3915, #3916 );
#3043 = LINE( '', #3917, #3918 );
#3044 = VERTEX_POINT( '', #3919 );
#3045 = LINE( '', #3920, #3921 );
#3046 = VERTEX_POINT( '', #3922 );
#3047 = LINE( '', #3923, #3924 );
#3048 = VERTEX_POINT( '', #3925 );
#3049 = LINE( '', #3926, #3927 );
#3050 = LINE( '', #3928, #3929 );
#3051 = LINE( '', #3930, #3931 );
#3052 = VERTEX_POINT( '', #3932 );
#3053 = LINE( '', #3933, #3934 );
#3054 = VERTEX_POINT( '', #3935 );
#3055 = CIRCLE( '', #3936, 0.000711200000000000 );
#3056 = LINE( '', #3937, #3938 );
#3057 = VERTEX_POINT( '', #3939 );
#3058 = LINE( '', #3940, #3941 );
#3059 = VERTEX_POINT( '', #3942 );
#3060 = LINE( '', #3943, #3944 );
#3061 = CIRCLE( '', #3945, 0.000711200000000000 );
#3062 = LINE( '', #3946, #3947 );
#3063 = LINE( '', #3948, #3949 );
#3064 = LINE( '', #3950, #3951 );
#3065 = LINE( '', #3952, #3953 );
#3066 = LINE( '', #3954, #3955 );
#3067 = LINE( '', #3956, #3957 );
#3068 = LINE( '', #3958, #3959 );
#3069 = LINE( '', #3960, #3961 );
#3070 = VERTEX_POINT( '', #3962 );
#3071 = VERTEX_POINT( '', #3963 );
#3072 = LINE( '', #3964, #3965 );
#3073 = VERTEX_POINT( '', #3966 );
#3074 = LINE( '', #3967, #3968 );
#3075 = VERTEX_POINT( '', #3969 );
#3076 = LINE( '', #3970, #3971 );
#3077 = LINE( '', #3972, #3973 );
#3078 = VERTEX_POINT( '', #3974 );
#3079 = VERTEX_POINT( '', #3975 );
#3080 = LINE( '', #3976, #3977 );
#3081 = VERTEX_POINT( '', #3978 );
#3082 = LINE( '', #3979, #3980 );
#3083 = VERTEX_POINT( '', #3981 );
#3084 = LINE( '', #3982, #3983 );
#3085 = LINE( '', #3984, #3985 );
#3086 = VERTEX_POINT( '', #3986 );
#3087 = VERTEX_POINT( '', #3987 );
#3088 = LINE( '', #3988, #3989 );
#3089 = LINE( '', #3990, #3991 );
#3090 = LINE( '', #3992, #3993 );
#3091 = VERTEX_POINT( '', #3994 );
#3092 = VERTEX_POINT( '', #3995 );
#3093 = LINE( '', #3996, #3997 );
#3094 = LINE( '', #3998, #3999 );
#3095 = LINE( '', #4000, #4001 );
#3096 = VERTEX_POINT( '', #4002 );
#3097 = VERTEX_POINT( '', #4003 );
#3098 = LINE( '', #4004, #4005 );
#3099 = LINE( '', #4006, #4007 );
#3100 = LINE( '', #4008, #4009 );
#3101 = VERTEX_POINT( '', #4010 );
#3102 = LINE( '', #4011, #4012 );
#3103 = VERTEX_POINT( '', #4013 );
#3104 = LINE( '', #4014, #4015 );
#3105 = VERTEX_POINT( '', #4016 );
#3106 = LINE( '', #4017, #4018 );
#3107 = VERTEX_POINT( '', #4019 );
#3108 = LINE( '', #4020, #4021 );
#3109 = LINE( '', #4022, #4023 );
#3110 = VERTEX_POINT( '', #4024 );
#3111 = LINE( '', #4025, #4026 );
#3112 = VERTEX_POINT( '', #4027 );
#3113 = LINE( '', #4028, #4029 );
#3114 = LINE( '', #4030, #4031 );
#3115 = LINE( '', #4032, #4033 );
#3116 = VERTEX_POINT( '', #4034 );
#3117 = LINE( '', #4035, #4036 );
#3118 = VERTEX_POINT( '', #4037 );
#3119 = LINE( '', #4038, #4039 );
#3120 = VERTEX_POINT( '', #4040 );
#3121 = CIRCLE( '', #4041, 0.000711200000000000 );
#3122 = VERTEX_POINT( '', #4042 );
#3123 = LINE( '', #4043, #4044 );
#3124 = LINE( '', #4045, #4046 );
#3125 = LINE( '', #4047, #4048 );
#3126 = VERTEX_POINT( '', #4049 );
#3127 = LINE( '', #4050, #4051 );
#3128 = VERTEX_POINT( '', #4052 );
#3129 = LINE( '', #4053, #4054 );
#3130 = VERTEX_POINT( '', #4055 );
#3131 = LINE( '', #4056, #4057 );
#3132 = VERTEX_POINT( '', #4058 );
#3133 = LINE( '', #4059, #4060 );
#3134 = VERTEX_POINT( '', #4061 );
#3135 = LINE( '', #4062, #4063 );
#3136 = VERTEX_POINT( '', #4064 );
#3137 = LINE( '', #4065, #4066 );
#3138 = VERTEX_POINT( '', #4067 );
#3139 = LINE( '', #4068, #4069 );
#3140 = VERTEX_POINT( '', #4070 );
#3141 = LINE( '', #4071, #4072 );
#3142 = LINE( '', #4073, #4074 );
#3143 = VERTEX_POINT( '', #4075 );
#3144 = LINE( '', #4076, #4077 );
#3145 = VERTEX_POINT( '', #4078 );
#3146 = LINE( '', #4079, #4080 );
#3147 = VERTEX_POINT( '', #4081 );
#3148 = LINE( '', #4082, #4083 );
#3149 = VERTEX_POINT( '', #4084 );
#3150 = LINE( '', #4085, #4086 );
#3151 = VERTEX_POINT( '', #4087 );
#3152 = CIRCLE( '', #4088, 0.000711200000000000 );
#3153 = VERTEX_POINT( '', #4089 );
#3154 = LINE( '', #4090, #4091 );
#3155 = LINE( '', #4092, #4093 );
#3156 = VERTEX_POINT( '', #4094 );
#3157 = VERTEX_POINT( '', #4095 );
#3158 = LINE( '', #4096, #4097 );
#3159 = LINE( '', #4098, #4099 );
#3160 = VERTEX_POINT( '', #4100 );
#3161 = CIRCLE( '', #4101, 0.000711200000000000 );
#3162 = VERTEX_POINT( '', #4102 );
#3163 = LINE( '', #4103, #4104 );
#3164 = LINE( '', #4105, #4106 );
#3165 = VERTEX_POINT( '', #4107 );
#3166 = LINE( '', #4108, #4109 );
#3167 = VERTEX_POINT( '', #4110 );
#3168 = LINE( '', #4111, #4112 );
#3169 = VERTEX_POINT( '', #4113 );
#3170 = CIRCLE( '', #4114, 0.000711200000000000 );
#3171 = VERTEX_POINT( '', #4115 );
#3172 = LINE( '', #4116, #4117 );
#3173 = LINE( '', #4118, #4119 );
#3174 = VERTEX_POINT( '', #4120 );
#3175 = VERTEX_POINT( '', #4121 );
#3176 = LINE( '', #4122, #4123 );
#3177 = VERTEX_POINT( '', #4124 );
#3178 = LINE( '', #4125, #4126 );
#3179 = VERTEX_POINT( '', #4127 );
#3180 = LINE( '', #4128, #4129 );
#3181 = VERTEX_POINT( '', #4130 );
#3182 = CIRCLE( '', #4131, 0.000711200000000000 );
#3183 = VERTEX_POINT( '', #4132 );
#3184 = LINE( '', #4133, #4134 );
#3185 = LINE( '', #4135, #4136 );
#3186 = VERTEX_POINT( '', #4137 );
#3187 = LINE( '', #4138, #4139 );
#3188 = VERTEX_POINT( '', #4140 );
#3189 = LINE( '', #4141, #4142 );
#3190 = VERTEX_POINT( '', #4143 );
#3191 = CIRCLE( '', #4144, 0.000711200000000000 );
#3192 = VERTEX_POINT( '', #4145 );
#3193 = LINE( '', #4146, #4147 );
#3194 = LINE( '', #4148, #4149 );
#3195 = VERTEX_POINT( '', #4150 );
#3196 = VERTEX_POINT( '', #4151 );
#3197 = LINE( '', #4152, #4153 );
#3198 = VERTEX_POINT( '', #4154 );
#3199 = LINE( '', #4155, #4156 );
#3200 = VERTEX_POINT( '', #4157 );
#3201 = LINE( '', #4158, #4159 );
#3202 = LINE( '', #4160, #4161 );
#3203 = VERTEX_POINT( '', #4162 );
#3204 = VERTEX_POINT( '', #4163 );
#3205 = LINE( '', #4164, #4165 );
#3206 = LINE( '', #4166, #4167 );
#3207 = LINE( '', #4168, #4169 );
#3208 = LINE( '', #4170, #4171 );
#3209 = LINE( '', #4172, #4173 );
#3210 = VERTEX_POINT( '', #4174 );
#3211 = LINE( '', #4175, #4176 );
#3212 = LINE( '', #4177, #4178 );
#3213 = LINE( '', #4179, #4180 );
#3214 = LINE( '', #4181, #4182 );
#3215 = VERTEX_POINT( '', #4183 );
#3216 = LINE( '', #4184, #4185 );
#3217 = LINE( '', #4186, #4187 );
#3218 = VERTEX_POINT( '', #4188 );
#3219 = VERTEX_POINT( '', #4189 );
#3220 = LINE( '', #4190, #4191 );
#3221 = LINE( '', #4192, #4193 );
#3222 = LINE( '', #4194, #4195 );
#3223 = VERTEX_POINT( '', #4196 );
#3224 = LINE( '', #4197, #4198 );
#3225 = LINE( '', #4199, #4200 );
#3226 = VERTEX_POINT( '', #4201 );
#3227 = LINE( '', #4202, #4203 );
#3228 = LINE( '', #4204, #4205 );
#3229 = VERTEX_POINT( '', #4206 );
#3230 = LINE( '', #4207, #4208 );
#3231 = LINE( '', #4209, #4210 );
#3232 = VERTEX_POINT( '', #4211 );
#3233 = LINE( '', #4212, #4213 );
#3234 = VERTEX_POINT( '', #4214 );
#3235 = LINE( '', #4215, #4216 );
#3236 = LINE( '', #4217, #4218 );
#3237 = CIRCLE( '', #4219, 0.000711200000000000 );
#3238 = LINE( '', #4220, #4221 );
#3239 = LINE( '', #4222, #4223 );
#3240 = LINE( '', #4224, #4225 );
#3241 = VERTEX_POINT( '', #4226 );
#3242 = LINE( '', #4227, #4228 );
#3243 = LINE( '', #4229, #4230 );
#3244 = LINE( '', #4231, #4232 );
#3245 = LINE( '', #4233, #4234 );
#3246 = LINE( '', #4235, #4236 );
#3247 = VERTEX_POINT( '', #4237 );
#3248 = VERTEX_POINT( '', #4238 );
#3249 = LINE( '', #4239, #4240 );
#3250 = VERTEX_POINT( '', #4241 );
#3251 = LINE( '', #4242, #4243 );
#3252 = VERTEX_POINT( '', #4244 );
#3253 = LINE( '', #4245, #4246 );
#3254 = LINE( '', #4247, #4248 );
#3255 = VERTEX_POINT( '', #4249 );
#3256 = VERTEX_POINT( '', #4250 );
#3257 = LINE( '', #4251, #4252 );
#3258 = VERTEX_POINT( '', #4253 );
#3259 = LINE( '', #4254, #4255 );
#3260 = VERTEX_POINT( '', #4256 );
#3261 = LINE( '', #4257, #4258 );
#3262 = LINE( '', #4259, #4260 );
#3263 = VERTEX_POINT( '', #4261 );
#3264 = LINE( '', #4262, #4263 );
#3265 = CIRCLE( '', #4264, 0.000711200000000000 );
#3266 = VERTEX_POINT( '', #4265 );
#3267 = LINE( '', #4266, #4267 );
#3268 = VERTEX_POINT( '', #4268 );
#3269 = LINE( '', #4269, #4270 );
#3270 = LINE( '', #4271, #4272 );
#3271 = LINE( '', #4273, #4274 );
#3272 = LINE( '', #4275, #4276 );
#3273 = LINE( '', #4277, #4278 );
#3274 = VERTEX_POINT( '', #4279 );
#3275 = LINE( '', #4280, #4281 );
#3276 = LINE( '', #4282, #4283 );
#3277 = LINE( '', #4284, #4285 );
#3278 = LINE( '', #4286, #4287 );
#3279 = VERTEX_POINT( '', #4288 );
#3280 = LINE( '', #4289, #4290 );
#3281 = LINE( '', #4291, #4292 );
#3282 = VERTEX_POINT( '', #4293 );
#3283 = LINE( '', #4294, #4295 );
#3284 = VERTEX_POINT( '', #4296 );
#3285 = LINE( '', #4297, #4298 );
#3286 = CIRCLE( '', #4299, 0.000711200000000000 );
#3287 = VERTEX_POINT( '', #4300 );
#3288 = LINE( '', #4301, #4302 );
#3289 = VERTEX_POINT( '', #4303 );
#3290 = LINE( '', #4304, #4305 );
#3291 = CIRCLE( '', #4306, 0.000711200000000000 );
#3292 = VERTEX_POINT( '', #4307 );
#3293 = LINE( '', #4308, #4309 );
#3294 = LINE( '', #4310, #4311 );
#3295 = LINE( '', #4312, #4313 );
#3296 = VERTEX_POINT( '', #4314 );
#3297 = LINE( '', #4315, #4316 );
#3298 = CIRCLE( '', #4317, 0.000711200000000000 );
#3299 = LINE( '', #4318, #4319 );
#3300 = LINE( '', #4320, #4321 );
#3301 = LINE( '', #4322, #4323 );
#3302 = LINE( '', #4324, #4325 );
#3303 = LINE( '', #4326, #4327 );
#3304 = LINE( '', #4328, #4329 );
#3305 = LINE( '', #4330, #4331 );
#3306 = LINE( '', #4332, #4333 );
#3307 = LINE( '', #4334, #4335 );
#3308 = VERTEX_POINT( '', #4336 );
#3309 = LINE( '', #4337, #4338 );
#3310 = VERTEX_POINT( '', #4339 );
#3311 = LINE( '', #4340, #4341 );
#3312 = CIRCLE( '', #4342, 0.000711200000000000 );
#3313 = VERTEX_POINT( '', #4343 );
#3314 = LINE( '', #4344, #4345 );
#3315 = LINE( '', #4346, #4347 );
#3316 = LINE( '', #4348, #4349 );
#3317 = LINE( '', #4350, #4351 );
#3318 = LINE( '', #4352, #4353 );
#3319 = VERTEX_POINT( '', #4354 );
#3320 = LINE( '', #4355, #4356 );
#3321 = VERTEX_POINT( '', #4357 );
#3322 = LINE( '', #4358, #4359 );
#3323 = LINE( '', #4360, #4361 );
#3324 = LINE( '', #4362, #4363 );
#3325 = LINE( '', #4364, #4365 );
#3326 = LINE( '', #4366, #4367 );
#3327 = VERTEX_POINT( '', #4368 );
#3328 = LINE( '', #4369, #4370 );
#3329 = LINE( '', #4371, #4372 );
#3330 = LINE( '', #4373, #4374 );
#3331 = LINE( '', #4375, #4376 );
#3332 = LINE( '', #4377, #4378 );
#3333 = LINE( '', #4379, #4380 );
#3334 = LINE( '', #4381, #4382 );
#3335 = LINE( '', #4383, #4384 );
#3336 = LINE( '', #4385, #4386 );
#3337 = LINE( '', #4387, #4388 );
#3338 = LINE( '', #4389, #4390 );
#3339 = VERTEX_POINT( '', #4391 );
#3340 = LINE( '', #4392, #4393 );
#3341 = LINE( '', #4394, #4395 );
#3342 = LINE( '', #4396, #4397 );
#3343 = LINE( '', #4398, #4399 );
#3344 = LINE( '', #4400, #4401 );
#3345 = LINE( '', #4402, #4403 );
#3346 = VERTEX_POINT( '', #4404 );
#3347 = LINE( '', #4405, #4406 );
#3348 = LINE( '', #4407, #4408 );
#3349 = LINE( '', #4409, #4410 );
#3350 = LINE( '', #4411, #4412 );
#3351 = LINE( '', #4413, #4414 );
#3352 = LINE( '', #4415, #4416 );
#3353 = LINE( '', #4417, #4418 );
#3354 = LINE( '', #4419, #4420 );
#3355 = LINE( '', #4421, #4422 );
#3356 = LINE( '', #4423, #4424 );
#3357 = LINE( '', #4425, #4426 );
#3358 = LINE( '', #4427, #4428 );
#3359 = LINE( '', #4429, #4430 );
#3360 = LINE( '', #4431, #4432 );
#3361 = LINE( '', #4433, #4434 );
#3362 = LINE( '', #4435, #4436 );
#3363 = LINE( '', #4437, #4438 );
#3364 = VERTEX_POINT( '', #4439 );
#3365 = LINE( '', #4440, #4441 );
#3366 = LINE( '', #4442, #4443 );
#3367 = VERTEX_POINT( '', #4444 );
#3368 = LINE( '', #4445, #4446 );
#3369 = LINE( '', #4447, #4448 );
#3370 = VERTEX_POINT( '', #4449 );
#3371 = LINE( '', #4450, #4451 );
#3372 = LINE( '', #4452, #4453 );
#3373 = LINE( '', #4454, #4455 );
#3374 = LINE( '', #4456, #4457 );
#3375 = LINE( '', #4458, #4459 );
#3376 = VERTEX_POINT( '', #4460 );
#3377 = LINE( '', #4461, #4462 );
#3378 = VERTEX_POINT( '', #4463 );
#3379 = LINE( '', #4464, #4465 );
#3380 = LINE( '', #4466, #4467 );
#3381 = LINE( '', #4468, #4469 );
#3382 = LINE( '', #4470, #4471 );
#3383 = LINE( '', #4472, #4473 );
#3384 = LINE( '', #4474, #4475 );
#3385 = LINE( '', #4476, #4477 );
#3386 = VERTEX_POINT( '', #4478 );
#3387 = LINE( '', #4479, #4480 );
#3388 = LINE( '', #4481, #4482 );
#3389 = VERTEX_POINT( '', #4483 );
#3390 = LINE( '', #4484, #4485 );
#3391 = LINE( '', #4486, #4487 );
#3392 = LINE( '', #4488, #4489 );
#3393 = LINE( '', #4490, #4491 );
#3394 = LINE( '', #4492, #4493 );
#3395 = VERTEX_POINT( '', #4494 );
#3396 = LINE( '', #4495, #4496 );
#3397 = VERTEX_POINT( '', #4497 );
#3398 = LINE( '', #4498, #4499 );
#3399 = LINE( '', #4500, #4501 );
#3400 = LINE( '', #4502, #4503 );
#3401 = CIRCLE( '', #4504, 0.000711200000000000 );
#3402 = LINE( '', #4505, #4506 );
#3403 = LINE( '', #4507, #4508 );
#3404 = LINE( '', #4509, #4510 );
#3405 = LINE( '', #4511, #4512 );
#3406 = LINE( '', #4513, #4514 );
#3407 = CARTESIAN_POINT( '', ( 0.00307340000000000, -0.00114300000000000, -0.000470414583107230 ) );
#3408 = CARTESIAN_POINT( '', ( 0.00307340000000000, -0.000939800000000000, -0.000470414583107230 ) );
#3409 = CARTESIAN_POINT( '', ( 0.00307340000025400, -0.00114300000025400, -0.000470414583361230 ) );
#3410 = VECTOR( '', #4515, 1.00000000000000 );
#3411 = CARTESIAN_POINT( '', ( 0.00254000000000000, -0.000939800000000000, -0.000711200000000000 ) );
#3412 = AXIS2_PLACEMENT_3D( '', #4516, #4517, #4518 );
#3413 = CARTESIAN_POINT( '', ( 0.00254000000000000, -0.00114300000000000, -0.000711200000000000 ) );
#3414 = CARTESIAN_POINT( '', ( 0.00254000000025400, -0.00114300000025400, -0.000711200000254000 ) );
#3415 = VECTOR( '', #4519, 1.00000000000000 );
#3416 = AXIS2_PLACEMENT_3D( '', #4520, #4521, #4522 );
#3417 = CARTESIAN_POINT( '', ( 0.00307340000000000, -0.00114300000000000, 0.00116840000000000 ) );
#3418 = CARTESIAN_POINT( '', ( 0.00307340000000000, -0.000939800000000000, 0.00116840000000000 ) );
#3419 = CARTESIAN_POINT( '', ( 0.00307340000025400, -0.00114300000025400, 0.00116840000025400 ) );
#3420 = VECTOR( '', #4523, 1.00000000000000 );
#3421 = CARTESIAN_POINT( '', ( 0.00307340000025400, -0.000939800000254000, -0.000470414583361230 ) );
#3422 = VECTOR( '', #4524, 1.00000000000000 );
#3423 = CARTESIAN_POINT( '', ( 0.00307340000025400, -0.00114300000025400, 0.00116840000025400 ) );
#3424 = VECTOR( '', #4525, 1.00000000000000 );
#3425 = CARTESIAN_POINT( '', ( 0.00254000000000000, -0.000939800000000000, -0.00116840000000000 ) );
#3426 = CARTESIAN_POINT( '', ( 0.00254000000025400, -0.000939800000254000, -0.00116840000025400 ) );
#3427 = VECTOR( '', #4526, 1.00000000000000 );
#3428 = CARTESIAN_POINT( '', ( 0.00254000000000000, -0.00114300000000000, -0.00116840000000000 ) );
#3429 = CARTESIAN_POINT( '', ( 0.00254000000025400, -0.000939800000254000, -0.00116840000025400 ) );
#3430 = VECTOR( '', #4527, 1.00000000000000 );
#3431 = CARTESIAN_POINT( '', ( 0.00254000000025400, -0.00114300000025400, -0.00116840000025400 ) );
#3432 = VECTOR( '', #4528, 1.00000000000000 );
#3433 = CARTESIAN_POINT( '', ( 0.00200660000000000, -0.00114300000000000, 0.000470414583107230 ) );
#3434 = CARTESIAN_POINT( '', ( 0.00200660000000000, -0.000939800000000000, 0.000470414583107230 ) );
#3435 = CARTESIAN_POINT( '', ( 0.00200660000025400, -0.00114300000025400, 0.000470414583361230 ) );
#3436 = VECTOR( '', #4529, 1.00000000000000 );
#3437 = CARTESIAN_POINT( '', ( 0.00254000000000000, -0.000939800000000000, 0.000711200000000000 ) );
#3438 = AXIS2_PLACEMENT_3D( '', #4530, #4531, #4532 );
#3439 = CARTESIAN_POINT( '', ( 0.00254000000000000, -0.00114300000000000, 0.000711200000000000 ) );
#3440 = CARTESIAN_POINT( '', ( 0.00254000000025400, -0.00114300000025400, 0.000711200000254000 ) );
#3441 = VECTOR( '', #4533, 1.00000000000000 );
#3442 = AXIS2_PLACEMENT_3D( '', #4534, #4535, #4536 );
#3443 = CARTESIAN_POINT( '', ( 0.00349250000000000, 0.00114300000000000, -0.00116840000000000 ) );
#3444 = CARTESIAN_POINT( '', ( 0.00349250000000000, 0.000939800000000000, -0.00116840000000000 ) );
#3445 = CARTESIAN_POINT( '', ( 0.00349250000025400, 0.00114300000025400, -0.00116840000025400 ) );
#3446 = VECTOR( '', #4537, 1.00000000000000 );
#3447 = CARTESIAN_POINT( '', ( 0.00349250000000000, 0.00114300000000000, 0.00116840000000000 ) );
#3448 = CARTESIAN_POINT( '', ( 0.00349250000025400, 0.00114300000025400, 0.00116840000025400 ) );
#3449 = VECTOR( '', #4538, 1.00000000000000 );
#3450 = CARTESIAN_POINT( '', ( 0.00349250000000000, 0.000939800000000000, 0.00116840000000000 ) );
#3451 = CARTESIAN_POINT( '', ( 0.00349250000025400, 0.000939800000254000, 0.00116840000025400 ) );
#3452 = VECTOR( '', #4539, 1.00000000000000 );
#3453 = CARTESIAN_POINT( '', ( 0.00349250000000000, 0.000939800000000000, 0.000914400000000000 ) );
#3454 = CARTESIAN_POINT( '', ( 0.00349250000025400, 0.000939800000254000, 0.000914400000254000 ) );
#3455 = VECTOR( '', #4540, 1.00000000000000 );
#3456 = CARTESIAN_POINT( '', ( 0.00349250000000000, 0.000939800000000000, -0.000914400000000000 ) );
#3457 = CARTESIAN_POINT( '', ( 0.00349250000025400, 0.000939800000254000, -0.000914400000254000 ) );
#3458 = VECTOR( '', #4541, 1.00000000000000 );
#3459 = CARTESIAN_POINT( '', ( 0.00349250000025400, 0.000939800000254000, -0.00116840000025400 ) );
#3460 = VECTOR( '', #4542, 1.00000000000000 );
#3461 = CARTESIAN_POINT( '', ( 0.00349250000000000, -0.000939800000000000, 0.000914400000000000 ) );
#3462 = CARTESIAN_POINT( '', ( 0.00349250000000000, -0.000939800000000000, -0.000914400000000000 ) );
#3463 = CARTESIAN_POINT( '', ( 0.00349250000025400, -0.000939800000254000, 0.000914400000254000 ) );
#3464 = VECTOR( '', #4543, 1.00000000000000 );
#3465 = CARTESIAN_POINT( '', ( 0.00349250000000000, -0.000939800000000000, 0.00116840000000000 ) );
#3466 = CARTESIAN_POINT( '', ( 0.00349250000025400, -0.000939800000254000, 0.000914400000254000 ) );
#3467 = VECTOR( '', #4544, 1.00000000000000 );
#3468 = CARTESIAN_POINT( '', ( 0.00349250000000000, -0.00114300000000000, 0.00116840000000000 ) );
#3469 = CARTESIAN_POINT( '', ( 0.00349250000025400, -0.00114300000025400, 0.00116840000025400 ) );
#3470 = VECTOR( '', #4545, 1.00000000000000 );
#3471 = CARTESIAN_POINT( '', ( 0.00349250000000000, -0.00114300000000000, -0.00116840000000000 ) );
#3472 = CARTESIAN_POINT( '', ( 0.00349250000025400, -0.00114300000025400, -0.00116840000025400 ) );
#3473 = VECTOR( '', #4546, 1.00000000000000 );
#3474 = CARTESIAN_POINT( '', ( 0.00349250000000000, -0.000939800000000000, -0.00116840000000000 ) );
#3475 = CARTESIAN_POINT( '', ( 0.00349250000025400, -0.000939800000254000, -0.00116840000025400 ) );
#3476 = VECTOR( '', #4547, 1.00000000000000 );
#3477 = CARTESIAN_POINT( '', ( 0.00349250000025400, -0.000939800000254000, -0.00116840000025400 ) );
#3478 = VECTOR( '', #4548, 1.00000000000000 );
#3479 = CARTESIAN_POINT( '', ( -0.00287020000000000, 0.00622300000000000, -0.000330200000000000 ) );
#3480 = CARTESIAN_POINT( '', ( -0.00267970000000000, 0.00723900000000000, -0.000139700000000000 ) );
#3481 = CARTESIAN_POINT( '', ( -0.00287020000025400, 0.00622300000025400, -0.000330200000254000 ) );
#3482 = VECTOR( '', #4549, 1.00000000000000 );
#3483 = CARTESIAN_POINT( '', ( -0.00287020000000000, 0.00622300000000000, 0.000330200000000000 ) );
#3484 = CARTESIAN_POINT( '', ( -0.00287020000025400, 0.00622300000025400, 0.000330200000254000 ) );
#3485 = VECTOR( '', #4550, 1.00000000000000 );
#3486 = CARTESIAN_POINT( '', ( -0.00267970000000000, 0.00723900000000000, 0.000139700000000000 ) );
#3487 = CARTESIAN_POINT( '', ( -0.00267970000025400, 0.00723900000025400, 0.000139700000254000 ) );
#3488 = VECTOR( '', #4551, 1.00000000000000 );
#3489 = CARTESIAN_POINT( '', ( -0.00267970000025400, 0.00723900000025400, 0.000139700000254000 ) );
#3490 = VECTOR( '', #4552, 1.00000000000000 );
#3491 = CARTESIAN_POINT( '', ( -0.00381000000000000, 0.000939800000000000, 0.000914400000000000 ) );
#3492 = CARTESIAN_POINT( '', ( -0.00381000000000000, -0.000939800000000000, 0.000914400000000000 ) );
#3493 = CARTESIAN_POINT( '', ( -0.00381000000025400, 0.000939800000254000, 0.000914400000254000 ) );
#3494 = VECTOR( '', #4553, 1.00000000000000 );
#3495 = CARTESIAN_POINT( '', ( -0.00381000000000000, -0.000939800000000000, 0.00100330000000000 ) );
#3496 = CARTESIAN_POINT( '', ( -0.00381000000025400, -0.000939800000254000, 0.00100330000025400 ) );
#3497 = VECTOR( '', #4554, 1.00000000000000 );
#3498 = CARTESIAN_POINT( '', ( -0.00381000000000000, 0.000939800000000000, 0.00100330000000000 ) );
#3499 = CARTESIAN_POINT( '', ( -0.00381000000025400, 0.000939800000254000, 0.00100330000025400 ) );
#3500 = VECTOR( '', #4555, 1.00000000000000 );
#3501 = CARTESIAN_POINT( '', ( -0.00381000000025400, 0.000939800000254000, 0.00100330000025400 ) );
#3502 = VECTOR( '', #4556, 1.00000000000000 );
#3503 = CARTESIAN_POINT( '', ( -0.00349250000000000, 0.000939800000000000, 0.00124460000000000 ) );
#3504 = CARTESIAN_POINT( '', ( -0.00349250000025400, 0.000939800000254000, 0.00124460000025400 ) );
#3505 = VECTOR( '', #4557, 1.00000000000000 );
#3506 = CARTESIAN_POINT( '', ( -0.00349250000000000, -0.000939800000000000, 0.00124460000000000 ) );
#3507 = CARTESIAN_POINT( '', ( -0.00349250000025400, -0.000939800000254000, 0.00124460000025400 ) );
#3508 = VECTOR( '', #4558, 1.00000000000000 );
#3509 = CARTESIAN_POINT( '', ( -0.00349250000025400, 0.000939800000254000, 0.00124460000025400 ) );
#3510 = VECTOR( '', #4559, 1.00000000000000 );
#3511 = CARTESIAN_POINT( '', ( -0.00349250000000000, 0.000939800000000000, 0.000914400000000000 ) );
#3512 = CARTESIAN_POINT( '', ( -0.00349250000000000, -0.000939800000000000, 0.000914400000000000 ) );
#3513 = CARTESIAN_POINT( '', ( -0.00349250000025400, 0.000939800000254000, 0.000914400000254000 ) );
#3514 = VECTOR( '', #4560, 1.00000000000000 );
#3515 = CARTESIAN_POINT( '', ( -0.00381000000025400, -0.000939800000254000, 0.000914400000254000 ) );
#3516 = VECTOR( '', #4561, 1.00000000000000 );
#3517 = CARTESIAN_POINT( '', ( -0.00381000000025400, 0.000939800000254000, 0.000914400000254000 ) );
#3518 = VECTOR( '', #4562, 1.00000000000000 );
#3519 = CARTESIAN_POINT( '', ( 0.00158750000000000, -0.00114300000000000, 0.00116840000000000 ) );
#3520 = CARTESIAN_POINT( '', ( 0.00158750000000000, -0.000939800000000000, 0.00116840000000000 ) );
#3521 = CARTESIAN_POINT( '', ( 0.00158750000025400, -0.00114300000025400, 0.00116840000025400 ) );
#3522 = VECTOR( '', #4563, 1.00000000000000 );
#3523 = CARTESIAN_POINT( '', ( 0.00254000000000000, -0.00114300000000000, 0.00116840000000000 ) );
#3524 = CARTESIAN_POINT( '', ( 0.00254000000025400, -0.00114300000025400, 0.00116840000025400 ) );
#3525 = VECTOR( '', #4564, 1.00000000000000 );
#3526 = CARTESIAN_POINT( '', ( 0.00254000000000000, -0.000939800000000000, 0.00116840000000000 ) );
#3527 = CARTESIAN_POINT( '', ( 0.00254000000025400, -0.00114300000025400, 0.00116840000025400 ) );
#3528 = VECTOR( '', #4565, 1.00000000000000 );
#3529 = CARTESIAN_POINT( '', ( 0.00254000000025400, -0.000939800000254000, 0.00116840000025400 ) );
#3530 = VECTOR( '', #4566, 1.00000000000000 );
#3531 = CARTESIAN_POINT( '', ( 0.000000000000000, -0.000939800000000000, 0.00116840000000000 ) );
#3532 = CARTESIAN_POINT( '', ( -0.000952500000000000, -0.000939800000000000, 0.00116840000000000 ) );
#3533 = CARTESIAN_POINT( '', ( 0.000000000000000, -0.000939800000254000, 0.00116840000025400 ) );
#3534 = VECTOR( '', #4567, 1.00000000000000 );
#3535 = CARTESIAN_POINT( '', ( -0.000952500000000000, -0.00114300000000000, 0.00116840000000000 ) );
#3536 = CARTESIAN_POINT( '', ( -0.000952500000254000, -0.00114300000025400, 0.00116840000025400 ) );
#3537 = VECTOR( '', #4568, 1.00000000000000 );
#3538 = CARTESIAN_POINT( '', ( 0.000000000000000, -0.00114300000000000, 0.00116840000000000 ) );
#3539 = CARTESIAN_POINT( '', ( 0.000000000000000, -0.00114300000025400, 0.00116840000025400 ) );
#3540 = VECTOR( '', #4569, 1.00000000000000 );
#3541 = CARTESIAN_POINT( '', ( 0.000000000000000, -0.00114300000025400, 0.00116840000025400 ) );
#3542 = VECTOR( '', #4570, 1.00000000000000 );
#3543 = CARTESIAN_POINT( '', ( 0.00349250000025400, -0.00114300000025400, 0.00116840000025400 ) );
#3544 = VECTOR( '', #4571, 1.00000000000000 );
#3545 = CARTESIAN_POINT( '', ( 0.00349250000025400, -0.000939800000254000, 0.00116840000025400 ) );
#3546 = VECTOR( '', #4572, 1.00000000000000 );
#3547 = CARTESIAN_POINT( '', ( -0.00158750000000000, -0.00114300000000000, 0.00116840000000000 ) );
#3548 = CARTESIAN_POINT( '', ( -0.00200660000000000, -0.00114300000000000, 0.00116840000000000 ) );
#3549 = CARTESIAN_POINT( '', ( -0.00158750000025400, -0.00114300000025400, 0.00116840000025400 ) );
#3550 = VECTOR( '', #4573, 1.00000000000000 );
#3551 = CARTESIAN_POINT( '', ( -0.00158750000000000, -0.000939800000000000, 0.00116840000000000 ) );
#3552 = CARTESIAN_POINT( '', ( -0.00158750000025400, -0.00114300000025400, 0.00116840000025400 ) );
#3553 = VECTOR( '', #4574, 1.00000000000000 );
#3554 = CARTESIAN_POINT( '', ( -0.00200660000000000, -0.000939800000000000, 0.00116840000000000 ) );
#3555 = CARTESIAN_POINT( '', ( -0.00158750000025400, -0.000939800000254000, 0.00116840000025400 ) );
#3556 = VECTOR( '', #4575, 1.00000000000000 );
#3557 = CARTESIAN_POINT( '', ( -0.00200660000025400, -0.00114300000025400, 0.00116840000025400 ) );
#3558 = VECTOR( '', #4576, 1.00000000000000 );
#3559 = CARTESIAN_POINT( '', ( 0.00349250000025400, -0.00114300000025400, -0.00116840000025400 ) );
#3560 = VECTOR( '', #4577, 1.00000000000000 );
#3561 = CARTESIAN_POINT( '', ( -0.00254000000000000, -0.000939800000000000, 0.00116840000000000 ) );
#3562 = CARTESIAN_POINT( '', ( -0.00349250000000000, -0.000939800000000000, 0.00116840000000000 ) );
#3563 = CARTESIAN_POINT( '', ( -0.00254000000025400, -0.000939800000254000, 0.00116840000025400 ) );
#3564 = VECTOR( '', #4578, 1.00000000000000 );
#3565 = CARTESIAN_POINT( '', ( -0.00349250000000000, -0.00114300000000000, 0.00116840000000000 ) );
#3566 = CARTESIAN_POINT( '', ( -0.00349250000025400, -0.00114300000025400, 0.00116840000025400 ) );
#3567 = VECTOR( '', #4579, 1.00000000000000 );
#3568 = CARTESIAN_POINT( '', ( -0.00254000000000000, -0.00114300000000000, 0.00116840000000000 ) );
#3569 = CARTESIAN_POINT( '', ( -0.00254000000025400, -0.00114300000025400, 0.00116840000025400 ) );
#3570 = VECTOR( '', #4580, 1.00000000000000 );
#3571 = CARTESIAN_POINT( '', ( -0.00254000000025400, -0.00114300000025400, 0.00116840000025400 ) );
#3572 = VECTOR( '', #4581, 1.00000000000000 );
#3573 = CARTESIAN_POINT( '', ( -0.00158750000000000, -0.000939800000000000, -0.00116840000000000 ) );
#3574 = CARTESIAN_POINT( '', ( -0.00254000000000000, -0.000939800000000000, -0.00116840000000000 ) );
#3575 = CARTESIAN_POINT( '', ( -0.00158750000025400, -0.000939800000254000, -0.00116840000025400 ) );
#3576 = VECTOR( '', #4582, 1.00000000000000 );
#3577 = CARTESIAN_POINT( '', ( -0.00158750000000000, -0.00114300000000000, -0.00116840000000000 ) );
#3578 = CARTESIAN_POINT( '', ( -0.00158750000025400, -0.000939800000254000, -0.00116840000025400 ) );
#3579 = VECTOR( '', #4583, 1.00000000000000 );
#3580 = CARTESIAN_POINT( '', ( -0.00254000000000000, -0.00114300000000000, -0.00116840000000000 ) );
#3581 = CARTESIAN_POINT( '', ( -0.00158750000025400, -0.00114300000025400, -0.00116840000025400 ) );
#3582 = VECTOR( '', #4584, 1.00000000000000 );
#3583 = CARTESIAN_POINT( '', ( -0.00254000000025400, -0.000939800000254000, -0.00116840000025400 ) );
#3584 = VECTOR( '', #4585, 1.00000000000000 );
#3585 = CARTESIAN_POINT( '', ( -0.00307340000000000, -0.00114300000000000, -0.00116840000000000 ) );
#3586 = CARTESIAN_POINT( '', ( -0.00349250000000000, -0.00114300000000000, -0.00116840000000000 ) );
#3587 = CARTESIAN_POINT( '', ( -0.00307340000025400, -0.00114300000025400, -0.00116840000025400 ) );
#3588 = VECTOR( '', #4586, 1.00000000000000 );
#3589 = CARTESIAN_POINT( '', ( -0.00349250000000000, -0.000939800000000000, -0.00116840000000000 ) );
#3590 = CARTESIAN_POINT( '', ( -0.00349250000025400, -0.000939800000254000, -0.00116840000025400 ) );
#3591 = VECTOR( '', #4587, 1.00000000000000 );
#3592 = CARTESIAN_POINT( '', ( -0.00307340000000000, -0.000939800000000000, -0.00116840000000000 ) );
#3593 = CARTESIAN_POINT( '', ( -0.00307340000025400, -0.000939800000254000, -0.00116840000025400 ) );
#3594 = VECTOR( '', #4588, 1.00000000000000 );
#3595 = CARTESIAN_POINT( '', ( -0.00307340000025400, -0.000939800000254000, -0.00116840000025400 ) );
#3596 = VECTOR( '', #4589, 1.00000000000000 );
#3597 = CARTESIAN_POINT( '', ( 0.00349250000025400, -0.000939800000254000, -0.00116840000025400 ) );
#3598 = VECTOR( '', #4590, 1.00000000000000 );
#3599 = CARTESIAN_POINT( '', ( -0.000533400000000000, -0.00114300000000000, -0.00116840000000000 ) );
#3600 = CARTESIAN_POINT( '', ( -0.000952500000000000, -0.00114300000000000, -0.00116840000000000 ) );
#3601 = CARTESIAN_POINT( '', ( -0.000533400000254000, -0.00114300000025400, -0.00116840000025400 ) );
#3602 = VECTOR( '', #4591, 1.00000000000000 );
#3603 = CARTESIAN_POINT( '', ( -0.000952500000000000, -0.000939800000000000, -0.00116840000000000 ) );
#3604 = CARTESIAN_POINT( '', ( -0.000952500000254000, -0.000939800000254000, -0.00116840000025400 ) );
#3605 = VECTOR( '', #4592, 1.00000000000000 );
#3606 = CARTESIAN_POINT( '', ( -0.000533400000000000, -0.000939800000000000, -0.00116840000000000 ) );
#3607 = CARTESIAN_POINT( '', ( -0.000533400000254000, -0.000939800000254000, -0.00116840000025400 ) );
#3608 = VECTOR( '', #4593, 1.00000000000000 );
#3609 = CARTESIAN_POINT( '', ( -0.000533400000254000, -0.000939800000254000, -0.00116840000025400 ) );
#3610 = VECTOR( '', #4594, 1.00000000000000 );
#3611 = CARTESIAN_POINT( '', ( 0.000952500000000000, -0.000939800000000000, -0.00116840000000000 ) );
#3612 = CARTESIAN_POINT( '', ( 0.000000000000000, -0.000939800000000000, -0.00116840000000000 ) );
#3613 = CARTESIAN_POINT( '', ( 0.000952500000254000, -0.000939800000254000, -0.00116840000025400 ) );
#3614 = VECTOR( '', #4595, 1.00000000000000 );
#3615 = CARTESIAN_POINT( '', ( 0.000952500000000000, -0.00114300000000000, -0.00116840000000000 ) );
#3616 = CARTESIAN_POINT( '', ( 0.000952500000254000, -0.000939800000254000, -0.00116840000025400 ) );
#3617 = VECTOR( '', #4596, 1.00000000000000 );
#3618 = CARTESIAN_POINT( '', ( 0.000000000000000, -0.00114300000000000, -0.00116840000000000 ) );
#3619 = CARTESIAN_POINT( '', ( 0.000952500000254000, -0.00114300000025400, -0.00116840000025400 ) );
#3620 = VECTOR( '', #4597, 1.00000000000000 );
#3621 = CARTESIAN_POINT( '', ( 0.000000000000000, -0.000939800000254000, -0.00116840000025400 ) );
#3622 = VECTOR( '', #4598, 1.00000000000000 );
#3623 = CARTESIAN_POINT( '', ( 0.00200660000000000, -0.000939800000000000, -0.00116840000000000 ) );
#3624 = CARTESIAN_POINT( '', ( 0.00200660000000000, -0.00114300000000000, -0.00116840000000000 ) );
#3625 = CARTESIAN_POINT( '', ( 0.00200660000025400, -0.000939800000254000, -0.00116840000025400 ) );
#3626 = VECTOR( '', #4599, 1.00000000000000 );
#3627 = CARTESIAN_POINT( '', ( 0.00158750000000000, -0.00114300000000000, -0.00116840000000000 ) );
#3628 = CARTESIAN_POINT( '', ( 0.00200660000025400, -0.00114300000025400, -0.00116840000025400 ) );
#3629 = VECTOR( '', #4600, 1.00000000000000 );
#3630 = CARTESIAN_POINT( '', ( 0.00158750000000000, -0.000939800000000000, -0.00116840000000000 ) );
#3631 = CARTESIAN_POINT( '', ( 0.00158750000025400, -0.000939800000254000, -0.00116840000025400 ) );
#3632 = VECTOR( '', #4601, 1.00000000000000 );
#3633 = CARTESIAN_POINT( '', ( 0.00200660000025400, -0.000939800000254000, -0.00116840000025400 ) );
#3634 = VECTOR( '', #4602, 1.00000000000000 );
#3635 = CARTESIAN_POINT( '', ( 0.000000000000000, -0.00114300000000000, 0.000711200000000000 ) );
#3636 = CARTESIAN_POINT( '', ( 0.000000000000000, -0.000939800000000000, 0.000711200000000000 ) );
#3637 = CARTESIAN_POINT( '', ( 0.000000000000000, -0.00114300000025400, 0.000711200000254000 ) );
#3638 = VECTOR( '', #4603, 1.00000000000000 );
#3639 = CARTESIAN_POINT( '', ( 0.000000000000000, -0.000939800000254000, 0.00116840000025400 ) );
#3640 = VECTOR( '', #4604, 1.00000000000000 );
#3641 = CARTESIAN_POINT( '', ( 0.000000000000000, -0.00114300000025400, 0.00116840000025400 ) );
#3642 = VECTOR( '', #4605, 1.00000000000000 );
#3643 = CARTESIAN_POINT( '', ( -0.000952500000254000, -0.000939800000254000, 0.00116840000025400 ) );
#3644 = VECTOR( '', #4606, 1.00000000000000 );
#3645 = CARTESIAN_POINT( '', ( -0.000952500000254000, -0.00114300000025400, -0.00116840000025400 ) );
#3646 = VECTOR( '', #4607, 1.00000000000000 );
#3647 = CARTESIAN_POINT( '', ( -0.000533400000000000, -0.00114300000000000, 0.000470414583107230 ) );
#3648 = CARTESIAN_POINT( '', ( -0.000533400000000000, -0.000939800000000000, 0.000470414583107230 ) );
#3649 = CARTESIAN_POINT( '', ( -0.000533400000254000, -0.00114300000025400, 0.000470414583361230 ) );
#3650 = VECTOR( '', #4608, 1.00000000000000 );
#3651 = AXIS2_PLACEMENT_3D( '', #4609, #4610, #4611 );
#3652 = AXIS2_PLACEMENT_3D( '', #4612, #4613, #4614 );
#3653 = CARTESIAN_POINT( '', ( -0.00287020000000000, 0.000939800000000000, -0.000330200000000000 ) );
#3654 = CARTESIAN_POINT( '', ( -0.00287020000025400, 0.000939800000254000, -0.000330200000254000 ) );
#3655 = VECTOR( '', #4615, 1.00000000000000 );
#3656 = CARTESIAN_POINT( '', ( -0.00287020000000000, 0.000939800000000000, 0.000330200000000000 ) );
#3657 = CARTESIAN_POINT( '', ( -0.00287020000025400, 0.000939800000254000, 0.000330200000254000 ) );
#3658 = VECTOR( '', #4616, 1.00000000000000 );
#3659 = CARTESIAN_POINT( '', ( -0.00287020000025400, 0.00622300000025400, 0.000330200000254000 ) );
#3660 = VECTOR( '', #4617, 1.00000000000000 );
#3661 = CARTESIAN_POINT( '', ( 0.00101600000000000, -0.000939800000000000, 0.00124460000000000 ) );
#3662 = CARTESIAN_POINT( '', ( 0.00101600000000000, 0.000939800000000000, 0.00124460000000000 ) );
#3663 = CARTESIAN_POINT( '', ( 0.00101600000025400, -0.000939800000254000, 0.00124460000025400 ) );
#3664 = VECTOR( '', #4618, 1.00000000000000 );
#3665 = CARTESIAN_POINT( '', ( 0.00127000000000000, -0.000939800000000000, 0.000990600000000000 ) );
#3666 = CARTESIAN_POINT( '', ( 0.00101600000025400, -0.000939800000254000, 0.00124460000025400 ) );
#3667 = VECTOR( '', #4619, 1.00000000000000 );
#3668 = CARTESIAN_POINT( '', ( 0.00127000000000000, 0.000939800000000000, 0.000990600000000000 ) );
#3669 = CARTESIAN_POINT( '', ( 0.00127000000025400, 0.000939800000254000, 0.000990600000254000 ) );
#3670 = VECTOR( '', #4620, 1.00000000000000 );
#3671 = CARTESIAN_POINT( '', ( 0.00127000000025400, 0.000939800000254000, 0.000990600000254000 ) );
#3672 = VECTOR( '', #4621, 1.00000000000000 );
#3673 = CARTESIAN_POINT( '', ( 0.000533400000000000, -0.00114300000000000, 0.00116840000000000 ) );
#3674 = CARTESIAN_POINT( '', ( 0.000533400000000000, -0.000939800000000000, 0.00116840000000000 ) );
#3675 = CARTESIAN_POINT( '', ( 0.000533400000254000, -0.00114300000025400, 0.00116840000025400 ) );
#3676 = VECTOR( '', #4622, 1.00000000000000 );
#3677 = CARTESIAN_POINT( '', ( 0.000533400000000000, -0.000939800000000000, -0.000470414583107230 ) );
#3678 = CARTESIAN_POINT( '', ( 0.000533400000254000, -0.000939800000254000, -0.000470414583361230 ) );
#3679 = VECTOR( '', #4623, 1.00000000000000 );
#3680 = CARTESIAN_POINT( '', ( 0.000533400000000000, -0.00114300000000000, -0.000470414583107230 ) );
#3681 = CARTESIAN_POINT( '', ( 0.000533400000254000, -0.00114300000025400, -0.000470414583361230 ) );
#3682 = VECTOR( '', #4624, 1.00000000000000 );
#3683 = CARTESIAN_POINT( '', ( 0.000533400000254000, -0.00114300000025400, 0.00116840000025400 ) );
#3684 = VECTOR( '', #4625, 1.00000000000000 );
#3685 = CARTESIAN_POINT( '', ( -0.00200660000000000, -0.00114300000000000, -0.000470414583107230 ) );
#3686 = CARTESIAN_POINT( '', ( -0.00200660000000000, -0.000939800000000000, -0.000470414583107230 ) );
#3687 = CARTESIAN_POINT( '', ( -0.00200660000025400, -0.00114300000025400, -0.000470414583361230 ) );
#3688 = VECTOR( '', #4626, 1.00000000000000 );
#3689 = CARTESIAN_POINT( '', ( -0.00254000000000000, -0.000939800000000000, -0.000711200000000000 ) );
#3690 = AXIS2_PLACEMENT_3D( '', #4627, #4628, #4629 );
#3691 = CARTESIAN_POINT( '', ( -0.00254000000000000, -0.00114300000000000, -0.000711200000000000 ) );
#3692 = CARTESIAN_POINT( '', ( -0.00254000000025400, -0.00114300000025400, -0.000711200000254000 ) );
#3693 = VECTOR( '', #4630, 1.00000000000000 );
#3694 = AXIS2_PLACEMENT_3D( '', #4631, #4632, #4633 );
#3695 = CARTESIAN_POINT( '', ( -0.00220980000000000, 0.00622300000000000, 0.000330200000000000 ) );
#3696 = CARTESIAN_POINT( '', ( -0.00220980000000000, 0.000939800000000000, 0.000330200000000000 ) );
#3697 = CARTESIAN_POINT( '', ( -0.00220980000025400, 0.00622300000025400, 0.000330200000254000 ) );
#3698 = VECTOR( '', #4634, 1.00000000000000 );
#3699 = CARTESIAN_POINT( '', ( -0.00220980000000000, 0.000939800000000000, -0.000330200000000000 ) );
#3700 = CARTESIAN_POINT( '', ( -0.00220980000025400, 0.000939800000254000, 0.000330200000254000 ) );
#3701 = VECTOR( '', #4635, 1.00000000000000 );
#3702 = CARTESIAN_POINT( '', ( -0.00220980000000000, 0.00622300000000000, -0.000330200000000000 ) );
#3703 = CARTESIAN_POINT( '', ( -0.00220980000025400, 0.000939800000254000, -0.000330200000254000 ) );
#3704 = VECTOR( '', #4636, 1.00000000000000 );
#3705 = CARTESIAN_POINT( '', ( -0.00220980000025400, 0.00622300000025400, -0.000330200000254000 ) );
#3706 = VECTOR( '', #4637, 1.00000000000000 );
#3707 = CARTESIAN_POINT( '', ( 0.00158750000000000, 0.00114300000000000, -0.00116840000000000 ) );
#3708 = CARTESIAN_POINT( '', ( 0.00158750000000000, 0.000939800000000000, -0.00116840000000000 ) );
#3709 = CARTESIAN_POINT( '', ( 0.00158750000025400, 0.00114300000025400, -0.00116840000025400 ) );
#3710 = VECTOR( '', #4638, 1.00000000000000 );
#3711 = CARTESIAN_POINT( '', ( 0.00158750000000000, 0.000939800000000000, 0.00116840000000000 ) );
#3712 = CARTESIAN_POINT( '', ( 0.00158750000025400, 0.000939800000254000, 0.00116840000025400 ) );
#3713 = VECTOR( '', #4639, 1.00000000000000 );
#3714 = CARTESIAN_POINT( '', ( 0.00158750000000000, 0.00114300000000000, 0.00116840000000000 ) );
#3715 = CARTESIAN_POINT( '', ( 0.00158750000025400, 0.000939800000254000, 0.00116840000025400 ) );
#3716 = VECTOR( '', #4640, 1.00000000000000 );
#3717 = CARTESIAN_POINT( '', ( 0.00158750000025400, 0.00114300000025400, 0.00116840000025400 ) );
#3718 = VECTOR( '', #4641, 1.00000000000000 );
#3719 = CARTESIAN_POINT( '', ( 0.000000000000000, 0.00114300000000000, -0.000711200000000000 ) );
#3720 = CARTESIAN_POINT( '', ( 0.000000000000000, 0.000939800000000000, -0.000711200000000000 ) );
#3721 = CARTESIAN_POINT( '', ( 0.000000000000000, 0.00114300000025400, -0.000711200000254000 ) );
#3722 = VECTOR( '', #4642, 1.00000000000000 );
#3723 = CARTESIAN_POINT( '', ( 0.000000000000000, 0.000939800000000000, -0.00116840000000000 ) );
#3724 = CARTESIAN_POINT( '', ( 0.000000000000000, 0.000939800000254000, -0.00116840000025400 ) );
#3725 = VECTOR( '', #4643, 1.00000000000000 );
#3726 = CARTESIAN_POINT( '', ( 0.000000000000000, 0.00114300000000000, -0.00116840000000000 ) );
#3727 = CARTESIAN_POINT( '', ( 0.000000000000000, 0.00114300000025400, -0.00116840000025400 ) );
#3728 = VECTOR( '', #4644, 1.00000000000000 );
#3729 = CARTESIAN_POINT( '', ( 0.000000000000000, 0.00114300000025400, -0.00116840000025400 ) );
#3730 = VECTOR( '', #4645, 1.00000000000000 );
#3731 = CARTESIAN_POINT( '', ( 0.000139700000000000, 0.00723900000000000, -0.000139700000000000 ) );
#3732 = CARTESIAN_POINT( '', ( 0.000330200000000000, 0.00622300000000000, -0.000330200000000000 ) );
#3733 = CARTESIAN_POINT( '', ( 0.000139700000254000, 0.00723900000025400, -0.000139700000254000 ) );
#3734 = VECTOR( '', #4646, 1.00000000000000 );
#3735 = CARTESIAN_POINT( '', ( -0.000330200000000000, 0.00622300000000000, -0.000330200000000000 ) );
#3736 = CARTESIAN_POINT( '', ( 0.000330200000254000, 0.00622300000025400, -0.000330200000254000 ) );
#3737 = VECTOR( '', #4647, 1.00000000000000 );
#3738 = CARTESIAN_POINT( '', ( -0.000139700000000000, 0.00723900000000000, -0.000139700000000000 ) );
#3739 = CARTESIAN_POINT( '', ( -0.000330200000254000, 0.00622300000025400, -0.000330200000254000 ) );
#3740 = VECTOR( '', #4648, 1.00000000000000 );
#3741 = CARTESIAN_POINT( '', ( 0.000139700000254000, 0.00723900000025400, -0.000139700000254000 ) );
#3742 = VECTOR( '', #4649, 1.00000000000000 );
#3743 = CARTESIAN_POINT( '', ( -0.000330200000000000, 0.00622300000000000, 0.000330200000000000 ) );
#3744 = CARTESIAN_POINT( '', ( -0.000330200000000000, 0.000939800000000000, 0.000330200000000000 ) );
#3745 = CARTESIAN_POINT( '', ( -0.000330200000254000, 0.00622300000025400, 0.000330200000254000 ) );
#3746 = VECTOR( '', #4650, 1.00000000000000 );
#3747 = CARTESIAN_POINT( '', ( 0.000330200000000000, 0.000939800000000000, 0.000330200000000000 ) );
#3748 = CARTESIAN_POINT( '', ( -0.000330200000254000, 0.000939800000254000, 0.000330200000254000 ) );
#3749 = VECTOR( '', #4651, 1.00000000000000 );
#3750 = CARTESIAN_POINT( '', ( 0.000330200000000000, 0.00622300000000000, 0.000330200000000000 ) );
#3751 = CARTESIAN_POINT( '', ( 0.000330200000254000, 0.00622300000025400, 0.000330200000254000 ) );
#3752 = VECTOR( '', #4652, 1.00000000000000 );
#3753 = CARTESIAN_POINT( '', ( 0.000330200000254000, 0.00622300000025400, 0.000330200000254000 ) );
#3754 = VECTOR( '', #4653, 1.00000000000000 );
#3755 = CARTESIAN_POINT( '', ( 0.00267970000000000, -0.00431800000000000, -0.000139700000000000 ) );
#3756 = CARTESIAN_POINT( '', ( 0.00287020000000000, -0.00330200000000000, -0.000330200000000000 ) );
#3757 = CARTESIAN_POINT( '', ( 0.00267970000025400, -0.00431800000025400, -0.000139700000254000 ) );
#3758 = VECTOR( '', #4654, 1.00000000000000 );
#3759 = CARTESIAN_POINT( '', ( 0.00287020000000000, -0.00330200000000000, 0.000330200000000000 ) );
#3760 = CARTESIAN_POINT( '', ( 0.00287020000025400, -0.00330200000025400, 0.000330200000254000 ) );
#3761 = VECTOR( '', #4655, 1.00000000000000 );
#3762 = CARTESIAN_POINT( '', ( 0.00267970000000000, -0.00431800000000000, 0.000139700000000000 ) );
#3763 = CARTESIAN_POINT( '', ( 0.00267970000025400, -0.00431800000025400, 0.000139700000254000 ) );
#3764 = VECTOR( '', #4656, 1.00000000000000 );
#3765 = CARTESIAN_POINT( '', ( 0.00267970000025400, -0.00431800000025400, 0.000139700000254000 ) );
#3766 = VECTOR( '', #4657, 1.00000000000000 );
#3767 = CARTESIAN_POINT( '', ( -0.000139700000000000, -0.00431800000000000, 0.000139700000000000 ) );
#3768 = CARTESIAN_POINT( '', ( -0.000330200000000000, -0.00330200000000000, 0.000330200000000000 ) );
#3769 = CARTESIAN_POINT( '', ( -0.000139700000254000, -0.00431800000025400, 0.000139700000254000 ) );
#3770 = VECTOR( '', #4658, 1.00000000000000 );
#3771 = CARTESIAN_POINT( '', ( 0.000139700000000000, -0.00431800000000000, 0.000139700000000000 ) );
#3772 = CARTESIAN_POINT( '', ( 0.000139700000254000, -0.00431800000025400, 0.000139700000254000 ) );
#3773 = VECTOR( '', #4659, 1.00000000000000 );
#3774 = CARTESIAN_POINT( '', ( 0.000330200000000000, -0.00330200000000000, 0.000330200000000000 ) );
#3775 = CARTESIAN_POINT( '', ( 0.000139700000254000, -0.00431800000025400, 0.000139700000254000 ) );
#3776 = VECTOR( '', #4660, 1.00000000000000 );
#3777 = CARTESIAN_POINT( '', ( 0.000330200000254000, -0.00330200000025400, 0.000330200000254000 ) );
#3778 = VECTOR( '', #4661, 1.00000000000000 );
#3779 = CARTESIAN_POINT( '', ( 0.00240030000000000, -0.00431800000000000, 0.000139700000000000 ) );
#3780 = CARTESIAN_POINT( '', ( 0.00267970000025400, -0.00431800000025400, 0.000139700000254000 ) );
#3781 = VECTOR( '', #4662, 1.00000000000000 );
#3782 = CARTESIAN_POINT( '', ( 0.00240030000000000, -0.00431800000000000, -0.000139700000000000 ) );
#3783 = CARTESIAN_POINT( '', ( 0.00240030000025400, -0.00431800000025400, -0.000139700000254000 ) );
#3784 = VECTOR( '', #4663, 1.00000000000000 );
#3785 = CARTESIAN_POINT( '', ( 0.00267970000025400, -0.00431800000025400, -0.000139700000254000 ) );
#3786 = VECTOR( '', #4664, 1.00000000000000 );
#3787 = CARTESIAN_POINT( '', ( -0.00287020000000000, -0.00330200000000000, -0.000330200000000000 ) );
#3788 = CARTESIAN_POINT( '', ( -0.00287020000000000, -0.000939800000000000, -0.000330200000000000 ) );
#3789 = CARTESIAN_POINT( '', ( -0.00287020000025400, -0.00330200000025400, -0.000330200000254000 ) );
#3790 = VECTOR( '', #4665, 1.00000000000000 );
#3791 = CARTESIAN_POINT( '', ( -0.00220980000000000, -0.000939800000000000, -0.000330200000000000 ) );
#3792 = CARTESIAN_POINT( '', ( -0.00287020000025400, -0.000939800000254000, -0.000330200000254000 ) );
#3793 = VECTOR( '', #4666, 1.00000000000000 );
#3794 = CARTESIAN_POINT( '', ( -0.00220980000000000, -0.00330200000000000, -0.000330200000000000 ) );
#3795 = CARTESIAN_POINT( '', ( -0.00220980000025400, -0.00330200000025400, -0.000330200000254000 ) );
#3796 = VECTOR( '', #4667, 1.00000000000000 );
#3797 = CARTESIAN_POINT( '', ( -0.00220980000025400, -0.00330200000025400, -0.000330200000254000 ) );
#3798 = VECTOR( '', #4668, 1.00000000000000 );
#3799 = CARTESIAN_POINT( '', ( -0.00158750000000000, 0.000939800000000000, 0.00116840000000000 ) );
#3800 = CARTESIAN_POINT( '', ( -0.00158750000000000, 0.00114300000000000, 0.00116840000000000 ) );
#3801 = CARTESIAN_POINT( '', ( -0.00158750000025400, 0.000939800000254000, 0.00116840000025400 ) );
#3802 = VECTOR( '', #4669, 1.00000000000000 );
#3803 = CARTESIAN_POINT( '', ( -0.00158750000000000, 0.000939800000000000, -0.00116840000000000 ) );
#3804 = CARTESIAN_POINT( '', ( -0.00158750000025400, 0.000939800000254000, 0.00116840000025400 ) );
#3805 = VECTOR( '', #4670, 1.00000000000000 );
#3806 = CARTESIAN_POINT( '', ( -0.00158750000000000, 0.00114300000000000, -0.00116840000000000 ) );
#3807 = CARTESIAN_POINT( '', ( -0.00158750000025400, 0.00114300000025400, -0.00116840000025400 ) );
#3808 = VECTOR( '', #4671, 1.00000000000000 );
#3809 = CARTESIAN_POINT( '', ( -0.00158750000025400, 0.00114300000025400, 0.00116840000025400 ) );
#3810 = VECTOR( '', #4672, 1.00000000000000 );
#3811 = CARTESIAN_POINT( '', ( -0.00254000000000000, 0.00114300000000000, -0.00116840000000000 ) );
#3812 = CARTESIAN_POINT( '', ( -0.00349250000000000, 0.00114300000000000, -0.00116840000000000 ) );
#3813 = CARTESIAN_POINT( '', ( -0.00254000000025400, 0.00114300000025400, -0.00116840000025400 ) );
#3814 = VECTOR( '', #4673, 1.00000000000000 );
#3815 = CARTESIAN_POINT( '', ( -0.00349250000000000, 0.00114300000000000, 0.00116840000000000 ) );
#3816 = CARTESIAN_POINT( '', ( -0.00349250000025400, 0.00114300000025400, 0.00116840000025400 ) );
#3817 = VECTOR( '', #4674, 1.00000000000000 );
#3818 = CARTESIAN_POINT( '', ( -0.00306070000000000, 0.00114300000000000, 0.00116840000000000 ) );
#3819 = CARTESIAN_POINT( '', ( -0.00306070000025400, 0.00114300000025400, 0.00116840000025400 ) );
#3820 = VECTOR( '', #4675, 1.00000000000000 );
#3821 = CARTESIAN_POINT( '', ( -0.00306070000000000, 0.00114300000000000, 0.000484434670518104 ) );
#3822 = CARTESIAN_POINT( '', ( -0.00306070000025400, 0.00114300000025400, 0.00116840000025400 ) );
#3823 = VECTOR( '', #4676, 1.00000000000000 );
#3824 = CARTESIAN_POINT( '', ( -0.00254000000000000, 0.00114300000000000, -0.000711200000000000 ) );
#3825 = AXIS2_PLACEMENT_3D( '', #4677, #4678, #4679 );
#3826 = CARTESIAN_POINT( '', ( -0.00254000000025400, 0.00114300000025400, -0.00116840000025400 ) );
#3827 = VECTOR( '', #4680, 1.00000000000000 );
#3828 = CARTESIAN_POINT( '', ( 0.00381000000000000, -0.000558800000000000, -0.000914400000000000 ) );
#3829 = CARTESIAN_POINT( '', ( 0.00381000000000000, -0.000939800000000000, -0.000914400000000000 ) );
#3830 = CARTESIAN_POINT( '', ( 0.00381000000025400, -0.000558800000254000, -0.000914400000254000 ) );
#3831 = VECTOR( '', #4681, 1.00000000000000 );
#3832 = CARTESIAN_POINT( '', ( 0.00381000000000000, -0.000939800000000000, -0.00100330000000000 ) );
#3833 = CARTESIAN_POINT( '', ( 0.00381000000025400, -0.000939800000254000, -0.00100330000025400 ) );
#3834 = VECTOR( '', #4682, 1.00000000000000 );
#3835 = CARTESIAN_POINT( '', ( 0.00381000000000000, 0.000939800000000000, -0.00100330000000000 ) );
#3836 = CARTESIAN_POINT( '', ( 0.00381000000025400, 0.000939800000254000, -0.00100330000025400 ) );
#3837 = VECTOR( '', #4683, 1.00000000000000 );
#3838 = CARTESIAN_POINT( '', ( 0.00381000000000000, 0.000939800000000000, -0.000914400000000000 ) );
#3839 = CARTESIAN_POINT( '', ( 0.00381000000025400, 0.000939800000254000, -0.00100330000025400 ) );
#3840 = VECTOR( '', #4684, 1.00000000000000 );
#3841 = CARTESIAN_POINT( '', ( 0.00381000000000000, 0.000558800000000000, -0.000914400000000000 ) );
#3842 = CARTESIAN_POINT( '', ( 0.00381000000025400, 0.000939800000254000, -0.000914400000254000 ) );
#3843 = VECTOR( '', #4685, 1.00000000000000 );
#3844 = CARTESIAN_POINT( '', ( 0.00381000000000000, 0.000558800000000000, 0.000914400000000000 ) );
#3845 = CARTESIAN_POINT( '', ( 0.00381000000025400, 0.000558800000254000, -0.000914400000254000 ) );
#3846 = VECTOR( '', #4686, 1.00000000000000 );
#3847 = CARTESIAN_POINT( '', ( 0.00381000000000000, 0.000939800000000000, 0.000914400000000000 ) );
#3848 = CARTESIAN_POINT( '', ( 0.00381000000025400, 0.000939800000254000, 0.000914400000254000 ) );
#3849 = VECTOR( '', #4687, 1.00000000000000 );
#3850 = CARTESIAN_POINT( '', ( 0.00381000000000000, 0.000939800000000000, 0.00100330000000000 ) );
#3851 = CARTESIAN_POINT( '', ( 0.00381000000025400, 0.000939800000254000, 0.000914400000254000 ) );
#3852 = VECTOR( '', #4688, 1.00000000000000 );
#3853 = CARTESIAN_POINT( '', ( 0.00381000000000000, -0.000939800000000000, 0.00100330000000000 ) );
#3854 = CARTESIAN_POINT( '', ( 0.00381000000025400, 0.000939800000254000, 0.00100330000025400 ) );
#3855 = VECTOR( '', #4689, 1.00000000000000 );
#3856 = CARTESIAN_POINT( '', ( 0.00381000000000000, -0.000939800000000000, 0.000914400000000000 ) );
#3857 = CARTESIAN_POINT( '', ( 0.00381000000025400, -0.000939800000254000, 0.000914400000254000 ) );
#3858 = VECTOR( '', #4690, 1.00000000000000 );
#3859 = CARTESIAN_POINT( '', ( 0.00381000000000000, -0.000558800000000000, 0.000914400000000000 ) );
#3860 = CARTESIAN_POINT( '', ( 0.00381000000025400, -0.000558800000254000, 0.000914400000254000 ) );
#3861 = VECTOR( '', #4691, 1.00000000000000 );
#3862 = CARTESIAN_POINT( '', ( 0.00381000000025400, -0.000558800000254000, 0.000914400000254000 ) );
#3863 = VECTOR( '', #4692, 1.00000000000000 );
#3864 = CARTESIAN_POINT( '', ( -0.00381000000000000, 0.000939800000000000, -0.00100330000000000 ) );
#3865 = CARTESIAN_POINT( '', ( -0.00381000000000000, -0.000939800000000000, -0.00100330000000000 ) );
#3866 = CARTESIAN_POINT( '', ( -0.00381000000025400, 0.000939800000254000, -0.00100330000025400 ) );
#3867 = VECTOR( '', #4693, 1.00000000000000 );
#3868 = CARTESIAN_POINT( '', ( -0.00381000000000000, -0.000939800000000000, -0.000914400000000000 ) );
#3869 = CARTESIAN_POINT( '', ( -0.00381000000025400, -0.000939800000254000, -0.000914400000254000 ) );
#3870 = VECTOR( '', #4694, 1.00000000000000 );
#3871 = CARTESIAN_POINT( '', ( -0.00381000000000000, 0.000939800000000000, -0.000914400000000000 ) );
#3872 = CARTESIAN_POINT( '', ( -0.00381000000025400, 0.000939800000254000, -0.000914400000254000 ) );
#3873 = VECTOR( '', #4695, 1.00000000000000 );
#3874 = CARTESIAN_POINT( '', ( -0.00381000000025400, 0.000939800000254000, -0.000914400000254000 ) );
#3875 = VECTOR( '', #4696, 1.00000000000000 );
#3876 = CARTESIAN_POINT( '', ( -0.00349250000000000, -0.000939800000000000, -0.000914400000000000 ) );
#3877 = CARTESIAN_POINT( '', ( -0.00349250000025400, -0.000939800000254000, -0.00116840000025400 ) );
#3878 = VECTOR( '', #4697, 1.00000000000000 );
#3879 = CARTESIAN_POINT( '', ( -0.00349250000025400, -0.000939800000254000, -0.000914400000254000 ) );
#3880 = VECTOR( '', #4698, 1.00000000000000 );
#3881 = CARTESIAN_POINT( '', ( -0.00349250000000000, -0.000939800000000000, -0.00124460000000000 ) );
#3882 = CARTESIAN_POINT( '', ( -0.00381000000025400, -0.000939800000254000, -0.00100330000025400 ) );
#3883 = VECTOR( '', #4699, 1.00000000000000 );
#3884 = CARTESIAN_POINT( '', ( -0.00152400000000000, -0.000939800000000000, -0.00124460000000000 ) );
#3885 = CARTESIAN_POINT( '', ( -0.00152400000025400, -0.000939800000254000, -0.00124460000025400 ) );
#3886 = VECTOR( '', #4700, 1.00000000000000 );
#3887 = CARTESIAN_POINT( '', ( -0.00127000000000000, -0.000939800000000000, -0.000990600000000000 ) );
#3888 = CARTESIAN_POINT( '', ( -0.00127000000025400, -0.000939800000254000, -0.000990600000254000 ) );
#3889 = VECTOR( '', #4701, 1.00000000000000 );
#3890 = CARTESIAN_POINT( '', ( -0.00101600000000000, -0.000939800000000000, -0.00124460000000000 ) );
#3891 = CARTESIAN_POINT( '', ( -0.00101600000025400, -0.000939800000254000, -0.00124460000025400 ) );
#3892 = VECTOR( '', #4702, 1.00000000000000 );
#3893 = CARTESIAN_POINT( '', ( 0.00101600000000000, -0.000939800000000000, -0.00124460000000000 ) );
#3894 = CARTESIAN_POINT( '', ( 0.00101600000025400, -0.000939800000254000, -0.00124460000025400 ) );
#3895 = VECTOR( '', #4703, 1.00000000000000 );
#3896 = CARTESIAN_POINT( '', ( 0.00127000000000000, -0.000939800000000000, -0.000990600000000000 ) );
#3897 = CARTESIAN_POINT( '', ( 0.00127000000025400, -0.000939800000254000, -0.000990600000254000 ) );
#3898 = VECTOR( '', #4704, 1.00000000000000 );
#3899 = CARTESIAN_POINT( '', ( 0.00152400000000000, -0.000939800000000000, -0.00124460000000000 ) );
#3900 = CARTESIAN_POINT( '', ( 0.00152400000025400, -0.000939800000254000, -0.00124460000025400 ) );
#3901 = VECTOR( '', #4705, 1.00000000000000 );
#3902 = CARTESIAN_POINT( '', ( 0.00349250000000000, -0.000939800000000000, -0.00124460000000000 ) );
#3903 = CARTESIAN_POINT( '', ( 0.00349250000025400, -0.000939800000254000, -0.00124460000025400 ) );
#3904 = VECTOR( '', #4706, 1.00000000000000 );
#3905 = CARTESIAN_POINT( '', ( 0.00349250000025400, -0.000939800000254000, -0.00124460000025400 ) );
#3906 = VECTOR( '', #4707, 1.00000000000000 );
#3907 = CARTESIAN_POINT( '', ( 0.00381000000025400, -0.000939800000254000, -0.000914400000254000 ) );
#3908 = VECTOR( '', #4708, 1.00000000000000 );
#3909 = CARTESIAN_POINT( '', ( 0.00349250000025400, -0.000939800000254000, 0.000914400000254000 ) );
#3910 = VECTOR( '', #4709, 1.00000000000000 );
#3911 = CARTESIAN_POINT( '', ( 0.00349250000000000, -0.000939800000000000, 0.00124460000000000 ) );
#3912 = CARTESIAN_POINT( '', ( 0.00381000000025400, -0.000939800000254000, 0.00100330000025400 ) );
#3913 = VECTOR( '', #4710, 1.00000000000000 );
#3914 = CARTESIAN_POINT( '', ( 0.00152400000000000, -0.000939800000000000, 0.00124460000000000 ) );
#3915 = CARTESIAN_POINT( '', ( 0.00349250000025400, -0.000939800000254000, 0.00124460000025400 ) );
#3916 = VECTOR( '', #4711, 1.00000000000000 );
#3917 = CARTESIAN_POINT( '', ( 0.00127000000025400, -0.000939800000254000, 0.000990600000254000 ) );
#3918 = VECTOR( '', #4712, 1.00000000000000 );
#3919 = CARTESIAN_POINT( '', ( -0.00101600000000000, -0.000939800000000000, 0.00124460000000000 ) );
#3920 = CARTESIAN_POINT( '', ( 0.00101600000025400, -0.000939800000254000, 0.00124460000025400 ) );
#3921 = VECTOR( '', #4713, 1.00000000000000 );
#3922 = CARTESIAN_POINT( '', ( -0.00127000000000000, -0.000939800000000000, 0.000990600000000000 ) );
#3923 = CARTESIAN_POINT( '', ( -0.00127000000025400, -0.000939800000254000, 0.000990600000254000 ) );
#3924 = VECTOR( '', #4714, 1.00000000000000 );
#3925 = CARTESIAN_POINT( '', ( -0.00152400000000000, -0.000939800000000000, 0.00124460000000000 ) );
#3926 = CARTESIAN_POINT( '', ( -0.00152400000025400, -0.000939800000254000, 0.00124460000025400 ) );
#3927 = VECTOR( '', #4715, 1.00000000000000 );
#3928 = CARTESIAN_POINT( '', ( -0.00152400000025400, -0.000939800000254000, 0.00124460000025400 ) );
#3929 = VECTOR( '', #4716, 1.00000000000000 );
#3930 = CARTESIAN_POINT( '', ( -0.00349250000025400, -0.000939800000254000, 0.000914400000254000 ) );
#3931 = VECTOR( '', #4717, 1.00000000000000 );
#3932 = CARTESIAN_POINT( '', ( -0.00254000000000000, -0.000939800000000000, 0.000711200000000000 ) );
#3933 = CARTESIAN_POINT( '', ( -0.00254000000025400, -0.000939800000254000, 0.00116840000025400 ) );
#3934 = VECTOR( '', #4718, 1.00000000000000 );
#3935 = CARTESIAN_POINT( '', ( -0.00307340000000000, -0.000939800000000000, 0.000470414583107230 ) );
#3936 = AXIS2_PLACEMENT_3D( '', #4719, #4720, #4721 );
#3937 = CARTESIAN_POINT( '', ( -0.00307340000025400, -0.000939800000254000, 0.000470414583361230 ) );
#3938 = VECTOR( '', #4722, 1.00000000000000 );
#3939 = CARTESIAN_POINT( '', ( 0.000952500000000000, -0.000939800000000000, 0.00116840000000000 ) );
#3940 = CARTESIAN_POINT( '', ( 0.000952500000254000, -0.000939800000254000, 0.00116840000025400 ) );
#3941 = VECTOR( '', #4723, 1.00000000000000 );
#3942 = CARTESIAN_POINT( '', ( 0.000000000000000, -0.000939800000000000, -0.000711200000000000 ) );
#3943 = CARTESIAN_POINT( '', ( 0.000000000000000, -0.000939800000254000, -0.00116840000025400 ) );
#3944 = VECTOR( '', #4724, 1.00000000000000 );
#3945 = AXIS2_PLACEMENT_3D( '', #4725, #4726, #4727 );
#3946 = CARTESIAN_POINT( '', ( 0.000952500000254000, -0.000939800000254000, 0.00116840000025400 ) );
#3947 = VECTOR( '', #4728, 1.00000000000000 );
#3948 = CARTESIAN_POINT( '', ( 0.00158750000025400, -0.000939800000254000, 0.00116840000025400 ) );
#3949 = VECTOR( '', #4729, 1.00000000000000 );
#3950 = CARTESIAN_POINT( '', ( 0.00254000000025400, -0.000939800000254000, 0.00116840000025400 ) );
#3951 = VECTOR( '', #4730, 1.00000000000000 );
#3952 = CARTESIAN_POINT( '', ( 0.00200660000025400, -0.000939800000254000, 0.000470414583361230 ) );
#3953 = VECTOR( '', #4731, 1.00000000000000 );
#3954 = CARTESIAN_POINT( '', ( -0.000533400000254000, -0.000939800000254000, 0.000470414583361230 ) );
#3955 = VECTOR( '', #4732, 1.00000000000000 );
#3956 = CARTESIAN_POINT( '', ( -0.00158750000025400, -0.000939800000254000, 0.00116840000025400 ) );
#3957 = VECTOR( '', #4733, 1.00000000000000 );
#3958 = CARTESIAN_POINT( '', ( -0.00254000000025400, -0.000939800000254000, -0.00116840000025400 ) );
#3959 = VECTOR( '', #4734, 1.00000000000000 );
#3960 = CARTESIAN_POINT( '', ( -0.00200660000025400, -0.000939800000254000, -0.000470414583361230 ) );
#3961 = VECTOR( '', #4735, 1.00000000000000 );
#3962 = CARTESIAN_POINT( '', ( 0.00220980000000000, -0.000939800000000000, 0.000330200000000000 ) );
#3963 = CARTESIAN_POINT( '', ( 0.00287020000000000, -0.000939800000000000, 0.000330200000000000 ) );
#3964 = CARTESIAN_POINT( '', ( 0.00220980000025400, -0.000939800000254000, 0.000330200000254000 ) );
#3965 = VECTOR( '', #4736, 1.00000000000000 );
#3966 = CARTESIAN_POINT( '', ( 0.00287020000000000, -0.000939800000000000, -0.000330200000000000 ) );
#3967 = CARTESIAN_POINT( '', ( 0.00287020000025400, -0.000939800000254000, 0.000330200000254000 ) );
#3968 = VECTOR( '', #4737, 1.00000000000000 );
#3969 = CARTESIAN_POINT( '', ( 0.00220980000000000, -0.000939800000000000, -0.000330200000000000 ) );
#3970 = CARTESIAN_POINT( '', ( 0.00220980000025400, -0.000939800000254000, -0.000330200000254000 ) );
#3971 = VECTOR( '', #4738, 1.00000000000000 );
#3972 = CARTESIAN_POINT( '', ( 0.00220980000025400, -0.000939800000254000, 0.000330200000254000 ) );
#3973 = VECTOR( '', #4739, 1.00000000000000 );
#3974 = CARTESIAN_POINT( '', ( -0.000330200000000000, -0.000939800000000000, 0.000330200000000000 ) );
#3975 = CARTESIAN_POINT( '', ( 0.000330200000000000, -0.000939800000000000, 0.000330200000000000 ) );
#3976 = CARTESIAN_POINT( '', ( -0.000330200000254000, -0.000939800000254000, 0.000330200000254000 ) );
#3977 = VECTOR( '', #4740, 1.00000000000000 );
#3978 = CARTESIAN_POINT( '', ( 0.000330200000000000, -0.000939800000000000, -0.000330200000000000 ) );
#3979 = CARTESIAN_POINT( '', ( 0.000330200000254000, -0.000939800000254000, 0.000330200000254000 ) );
#3980 = VECTOR( '', #4741, 1.00000000000000 );
#3981 = CARTESIAN_POINT( '', ( -0.000330200000000000, -0.000939800000000000, -0.000330200000000000 ) );
#3982 = CARTESIAN_POINT( '', ( -0.000330200000254000, -0.000939800000254000, -0.000330200000254000 ) );
#3983 = VECTOR( '', #4742, 1.00000000000000 );
#3984 = CARTESIAN_POINT( '', ( -0.000330200000254000, -0.000939800000254000, 0.000330200000254000 ) );
#3985 = VECTOR( '', #4743, 1.00000000000000 );
#3986 = CARTESIAN_POINT( '', ( -0.00287020000000000, -0.000939800000000000, 0.000330200000000000 ) );
#3987 = CARTESIAN_POINT( '', ( -0.00220980000000000, -0.000939800000000000, 0.000330200000000000 ) );
#3988 = CARTESIAN_POINT( '', ( -0.00287020000025400, -0.000939800000254000, 0.000330200000254000 ) );
#3989 = VECTOR( '', #4744, 1.00000000000000 );
#3990 = CARTESIAN_POINT( '', ( -0.00220980000025400, -0.000939800000254000, 0.000330200000254000 ) );
#3991 = VECTOR( '', #4745, 1.00000000000000 );
#3992 = CARTESIAN_POINT( '', ( -0.00287020000025400, -0.000939800000254000, 0.000330200000254000 ) );
#3993 = VECTOR( '', #4746, 1.00000000000000 );
#3994 = CARTESIAN_POINT( '', ( -0.000139700000000000, -0.00431800000000000, -0.000139700000000000 ) );
#3995 = CARTESIAN_POINT( '', ( -0.000330200000000000, -0.00330200000000000, -0.000330200000000000 ) );
#3996 = CARTESIAN_POINT( '', ( -0.000139700000254000, -0.00431800000025400, -0.000139700000254000 ) );
#3997 = VECTOR( '', #4747, 1.00000000000000 );
#3998 = CARTESIAN_POINT( '', ( -0.000139700000254000, -0.00431800000025400, -0.000139700000254000 ) );
#3999 = VECTOR( '', #4748, 1.00000000000000 );
#4000 = CARTESIAN_POINT( '', ( -0.000330200000254000, -0.00330200000025400, -0.000330200000254000 ) );
#4001 = VECTOR( '', #4749, 1.00000000000000 );
#4002 = CARTESIAN_POINT( '', ( 0.000330200000000000, -0.00330200000000000, -0.000330200000000000 ) );
#4003 = CARTESIAN_POINT( '', ( 0.000139700000000000, -0.00431800000000000, -0.000139700000000000 ) );
#4004 = CARTESIAN_POINT( '', ( 0.000330200000254000, -0.00330200000025400, -0.000330200000254000 ) );
#4005 = VECTOR( '', #4750, 1.00000000000000 );
#4006 = CARTESIAN_POINT( '', ( 0.000139700000254000, -0.00431800000025400, -0.000139700000254000 ) );
#4007 = VECTOR( '', #4751, 1.00000000000000 );
#4008 = CARTESIAN_POINT( '', ( 0.000330200000254000, -0.00330200000025400, -0.000330200000254000 ) );
#4009 = VECTOR( '', #4752, 1.00000000000000 );
#4010 = CARTESIAN_POINT( '', ( -0.00349250000000000, 0.000939800000000000, 0.00116840000000000 ) );
#4011 = CARTESIAN_POINT( '', ( -0.00349250000025400, 0.000939800000254000, 0.000914400000254000 ) );
#4012 = VECTOR( '', #4753, 1.00000000000000 );
#4013 = CARTESIAN_POINT( '', ( -0.00152400000000000, 0.000939800000000000, 0.00124460000000000 ) );
#4014 = CARTESIAN_POINT( '', ( -0.00152400000025400, 0.000939800000254000, 0.00124460000025400 ) );
#4015 = VECTOR( '', #4754, 1.00000000000000 );
#4016 = CARTESIAN_POINT( '', ( -0.00127000000000000, 0.000939800000000000, 0.000990600000000000 ) );
#4017 = CARTESIAN_POINT( '', ( -0.00127000000025400, 0.000939800000254000, 0.000990600000254000 ) );
#4018 = VECTOR( '', #4755, 1.00000000000000 );
#4019 = CARTESIAN_POINT( '', ( -0.00101600000000000, 0.000939800000000000, 0.00124460000000000 ) );
#4020 = CARTESIAN_POINT( '', ( -0.00101600000025400, 0.000939800000254000, 0.00124460000025400 ) );
#4021 = VECTOR( '', #4756, 1.00000000000000 );
#4022 = CARTESIAN_POINT( '', ( 0.00101600000025400, 0.000939800000254000, 0.00124460000025400 ) );
#4023 = VECTOR( '', #4757, 1.00000000000000 );
#4024 = CARTESIAN_POINT( '', ( 0.00152400000000000, 0.000939800000000000, 0.00124460000000000 ) );
#4025 = CARTESIAN_POINT( '', ( 0.00152400000025400, 0.000939800000254000, 0.00124460000025400 ) );
#4026 = VECTOR( '', #4758, 1.00000000000000 );
#4027 = CARTESIAN_POINT( '', ( 0.00349250000000000, 0.000939800000000000, 0.00124460000000000 ) );
#4028 = CARTESIAN_POINT( '', ( 0.00349250000025400, 0.000939800000254000, 0.00124460000025400 ) );
#4029 = VECTOR( '', #4759, 1.00000000000000 );
#4030 = CARTESIAN_POINT( '', ( 0.00381000000025400, 0.000939800000254000, 0.00100330000025400 ) );
#4031 = VECTOR( '', #4760, 1.00000000000000 );
#4032 = CARTESIAN_POINT( '', ( 0.00349250000025400, 0.000939800000254000, 0.000914400000254000 ) );
#4033 = VECTOR( '', #4761, 1.00000000000000 );
#4034 = CARTESIAN_POINT( '', ( 0.00254000000000000, 0.000939800000000000, 0.00116840000000000 ) );
#4035 = CARTESIAN_POINT( '', ( 0.00349250000025400, 0.000939800000254000, 0.00116840000025400 ) );
#4036 = VECTOR( '', #4762, 1.00000000000000 );
#4037 = CARTESIAN_POINT( '', ( 0.00254000000000000, 0.000939800000000000, 0.000711200000000000 ) );
#4038 = CARTESIAN_POINT( '', ( 0.00254000000025400, 0.000939800000254000, 0.00116840000025400 ) );
#4039 = VECTOR( '', #4763, 1.00000000000000 );
#4040 = CARTESIAN_POINT( '', ( 0.00306070000000000, 0.000939800000000000, -0.000484434670518104 ) );
#4041 = AXIS2_PLACEMENT_3D( '', #4764, #4765, #4766 );
#4042 = CARTESIAN_POINT( '', ( 0.00306070000000000, 0.000939800000000000, -0.00116840000000000 ) );
#4043 = CARTESIAN_POINT( '', ( 0.00306070000025400, 0.000939800000254000, -0.000484434670772104 ) );
#4044 = VECTOR( '', #4767, 1.00000000000000 );
#4045 = CARTESIAN_POINT( '', ( 0.00349250000025400, 0.000939800000254000, -0.00116840000025400 ) );
#4046 = VECTOR( '', #4768, 1.00000000000000 );
#4047 = CARTESIAN_POINT( '', ( 0.00381000000025400, 0.000939800000254000, -0.000914400000254000 ) );
#4048 = VECTOR( '', #4769, 1.00000000000000 );
#4049 = CARTESIAN_POINT( '', ( 0.00349250000000000, 0.000939800000000000, -0.00124460000000000 ) );
#4050 = CARTESIAN_POINT( '', ( 0.00349250000025400, 0.000939800000254000, -0.00124460000025400 ) );
#4051 = VECTOR( '', #4770, 1.00000000000000 );
#4052 = CARTESIAN_POINT( '', ( 0.00152400000000000, 0.000939800000000000, -0.00124460000000000 ) );
#4053 = CARTESIAN_POINT( '', ( 0.00349250000025400, 0.000939800000254000, -0.00124460000025400 ) );
#4054 = VECTOR( '', #4771, 1.00000000000000 );
#4055 = CARTESIAN_POINT( '', ( 0.00127000000000000, 0.000939800000000000, -0.000990600000000000 ) );
#4056 = CARTESIAN_POINT( '', ( 0.00127000000025400, 0.000939800000254000, -0.000990600000254000 ) );
#4057 = VECTOR( '', #4772, 1.00000000000000 );
#4058 = CARTESIAN_POINT( '', ( 0.00101600000000000, 0.000939800000000000, -0.00124460000000000 ) );
#4059 = CARTESIAN_POINT( '', ( 0.00101600000025400, 0.000939800000254000, -0.00124460000025400 ) );
#4060 = VECTOR( '', #4773, 1.00000000000000 );
#4061 = CARTESIAN_POINT( '', ( -0.00101600000000000, 0.000939800000000000, -0.00124460000000000 ) );
#4062 = CARTESIAN_POINT( '', ( 0.00101600000025400, 0.000939800000254000, -0.00124460000025400 ) );
#4063 = VECTOR( '', #4774, 1.00000000000000 );
#4064 = CARTESIAN_POINT( '', ( -0.00127000000000000, 0.000939800000000000, -0.000990600000000000 ) );
#4065 = CARTESIAN_POINT( '', ( -0.00127000000025400, 0.000939800000254000, -0.000990600000254000 ) );
#4066 = VECTOR( '', #4775, 1.00000000000000 );
#4067 = CARTESIAN_POINT( '', ( -0.00152400000000000, 0.000939800000000000, -0.00124460000000000 ) );
#4068 = CARTESIAN_POINT( '', ( -0.00152400000025400, 0.000939800000254000, -0.00124460000025400 ) );
#4069 = VECTOR( '', #4776, 1.00000000000000 );
#4070 = CARTESIAN_POINT( '', ( -0.00349250000000000, 0.000939800000000000, -0.00124460000000000 ) );
#4071 = CARTESIAN_POINT( '', ( -0.00152400000025400, 0.000939800000254000, -0.00124460000025400 ) );
#4072 = VECTOR( '', #4777, 1.00000000000000 );
#4073 = CARTESIAN_POINT( '', ( -0.00381000000025400, 0.000939800000254000, -0.00100330000025400 ) );
#4074 = VECTOR( '', #4778, 1.00000000000000 );
#4075 = CARTESIAN_POINT( '', ( -0.00349250000000000, 0.000939800000000000, -0.000914400000000000 ) );
#4076 = CARTESIAN_POINT( '', ( -0.00349250000025400, 0.000939800000254000, -0.000914400000254000 ) );
#4077 = VECTOR( '', #4779, 1.00000000000000 );
#4078 = CARTESIAN_POINT( '', ( -0.00349250000000000, 0.000939800000000000, -0.00116840000000000 ) );
#4079 = CARTESIAN_POINT( '', ( -0.00349250000025400, 0.000939800000254000, -0.00116840000025400 ) );
#4080 = VECTOR( '', #4780, 1.00000000000000 );
#4081 = CARTESIAN_POINT( '', ( -0.00254000000000000, 0.000939800000000000, -0.00116840000000000 ) );
#4082 = CARTESIAN_POINT( '', ( -0.00254000000025400, 0.000939800000254000, -0.00116840000025400 ) );
#4083 = VECTOR( '', #4781, 1.00000000000000 );
#4084 = CARTESIAN_POINT( '', ( -0.00254000000000000, 0.000939800000000000, -0.000711200000000000 ) );
#4085 = CARTESIAN_POINT( '', ( -0.00254000000025400, 0.000939800000254000, -0.00116840000025400 ) );
#4086 = VECTOR( '', #4782, 1.00000000000000 );
#4087 = CARTESIAN_POINT( '', ( -0.00306070000000000, 0.000939800000000000, 0.000484434670518104 ) );
#4088 = AXIS2_PLACEMENT_3D( '', #4783, #4784, #4785 );
#4089 = CARTESIAN_POINT( '', ( -0.00306070000000000, 0.000939800000000000, 0.00116840000000000 ) );
#4090 = CARTESIAN_POINT( '', ( -0.00306070000025400, 0.000939800000254000, 0.000484434670772104 ) );
#4091 = VECTOR( '', #4786, 1.00000000000000 );
#4092 = CARTESIAN_POINT( '', ( -0.00306070000025400, 0.000939800000254000, 0.00116840000025400 ) );
#4093 = VECTOR( '', #4787, 1.00000000000000 );
#4094 = CARTESIAN_POINT( '', ( -0.000952500000000000, 0.000939800000000000, 0.00116840000000000 ) );
#4095 = CARTESIAN_POINT( '', ( -0.000952500000000000, 0.000939800000000000, -0.00116840000000000 ) );
#4096 = CARTESIAN_POINT( '', ( -0.000952500000254000, 0.000939800000254000, 0.00116840000025400 ) );
#4097 = VECTOR( '', #4788, 1.00000000000000 );
#4098 = CARTESIAN_POINT( '', ( 0.000000000000000, 0.000939800000254000, -0.00116840000025400 ) );
#4099 = VECTOR( '', #4789, 1.00000000000000 );
#4100 = CARTESIAN_POINT( '', ( -0.000520700000000000, 0.000939800000000000, 0.000484434670518104 ) );
#4101 = AXIS2_PLACEMENT_3D( '', #4790, #4791, #4792 );
#4102 = CARTESIAN_POINT( '', ( -0.000520700000000000, 0.000939800000000000, 0.00116840000000000 ) );
#4103 = CARTESIAN_POINT( '', ( -0.000520700000254000, 0.000939800000254000, 0.000484434670772104 ) );
#4104 = VECTOR( '', #4793, 1.00000000000000 );
#4105 = CARTESIAN_POINT( '', ( -0.000520700000254000, 0.000939800000254000, 0.00116840000025400 ) );
#4106 = VECTOR( '', #4794, 1.00000000000000 );
#4107 = CARTESIAN_POINT( '', ( 0.00254000000000000, 0.000939800000000000, -0.00116840000000000 ) );
#4108 = CARTESIAN_POINT( '', ( 0.00254000000025400, 0.000939800000254000, -0.00116840000025400 ) );
#4109 = VECTOR( '', #4795, 1.00000000000000 );
#4110 = CARTESIAN_POINT( '', ( 0.00254000000000000, 0.000939800000000000, -0.000711200000000000 ) );
#4111 = CARTESIAN_POINT( '', ( 0.00254000000025400, 0.000939800000254000, -0.00116840000025400 ) );
#4112 = VECTOR( '', #4796, 1.00000000000000 );
#4113 = CARTESIAN_POINT( '', ( 0.00201930000000000, 0.000939800000000000, 0.000484434670518104 ) );
#4114 = AXIS2_PLACEMENT_3D( '', #4797, #4798, #4799 );
#4115 = CARTESIAN_POINT( '', ( 0.00201930000000000, 0.000939800000000000, 0.00116840000000000 ) );
#4116 = CARTESIAN_POINT( '', ( 0.00201930000025400, 0.000939800000254000, 0.000484434670772104 ) );
#4117 = VECTOR( '', #4800, 1.00000000000000 );
#4118 = CARTESIAN_POINT( '', ( 0.00201930000025400, 0.000939800000254000, 0.00116840000025400 ) );
#4119 = VECTOR( '', #4801, 1.00000000000000 );
#4120 = CARTESIAN_POINT( '', ( 0.000952500000000000, 0.000939800000000000, 0.00116840000000000 ) );
#4121 = CARTESIAN_POINT( '', ( 0.000952500000000000, 0.000939800000000000, -0.00116840000000000 ) );
#4122 = CARTESIAN_POINT( '', ( 0.000952500000254000, 0.000939800000254000, 0.00116840000025400 ) );
#4123 = VECTOR( '', #4802, 1.00000000000000 );
#4124 = CARTESIAN_POINT( '', ( 0.000000000000000, 0.000939800000000000, 0.00116840000000000 ) );
#4125 = CARTESIAN_POINT( '', ( 0.000952500000254000, 0.000939800000254000, 0.00116840000025400 ) );
#4126 = VECTOR( '', #4803, 1.00000000000000 );
#4127 = CARTESIAN_POINT( '', ( 0.000000000000000, 0.000939800000000000, 0.000711200000000000 ) );
#4128 = CARTESIAN_POINT( '', ( 0.000000000000000, 0.000939800000254000, 0.00116840000025400 ) );
#4129 = VECTOR( '', #4804, 1.00000000000000 );
#4130 = CARTESIAN_POINT( '', ( 0.000520700000000000, 0.000939800000000000, -0.000484434670518104 ) );
#4131 = AXIS2_PLACEMENT_3D( '', #4805, #4806, #4807 );
#4132 = CARTESIAN_POINT( '', ( 0.000520700000000000, 0.000939800000000000, -0.00116840000000000 ) );
#4133 = CARTESIAN_POINT( '', ( 0.000520700000254000, 0.000939800000254000, -0.000484434670772104 ) );
#4134 = VECTOR( '', #4808, 1.00000000000000 );
#4135 = CARTESIAN_POINT( '', ( 0.000952500000254000, 0.000939800000254000, -0.00116840000025400 ) );
#4136 = VECTOR( '', #4809, 1.00000000000000 );
#4137 = CARTESIAN_POINT( '', ( -0.00254000000000000, 0.000939800000000000, 0.00116840000000000 ) );
#4138 = CARTESIAN_POINT( '', ( -0.00158750000025400, 0.000939800000254000, 0.00116840000025400 ) );
#4139 = VECTOR( '', #4810, 1.00000000000000 );
#4140 = CARTESIAN_POINT( '', ( -0.00254000000000000, 0.000939800000000000, 0.000711200000000000 ) );
#4141 = CARTESIAN_POINT( '', ( -0.00254000000025400, 0.000939800000254000, 0.00116840000025400 ) );
#4142 = VECTOR( '', #4811, 1.00000000000000 );
#4143 = CARTESIAN_POINT( '', ( -0.00201930000000000, 0.000939800000000000, -0.000484434670518104 ) );
#4144 = AXIS2_PLACEMENT_3D( '', #4812, #4813, #4814 );
#4145 = CARTESIAN_POINT( '', ( -0.00201930000000000, 0.000939800000000000, -0.00116840000000000 ) );
#4146 = CARTESIAN_POINT( '', ( -0.00201930000025400, 0.000939800000254000, -0.000484434670772104 ) );
#4147 = VECTOR( '', #4815, 1.00000000000000 );
#4148 = CARTESIAN_POINT( '', ( -0.00158750000025400, 0.000939800000254000, -0.00116840000025400 ) );
#4149 = VECTOR( '', #4816, 1.00000000000000 );
#4150 = CARTESIAN_POINT( '', ( 0.00220980000000000, 0.000939800000000000, -0.000330200000000000 ) );
#4151 = CARTESIAN_POINT( '', ( 0.00287020000000000, 0.000939800000000000, -0.000330200000000000 ) );
#4152 = CARTESIAN_POINT( '', ( 0.00220980000025400, 0.000939800000254000, -0.000330200000254000 ) );
#4153 = VECTOR( '', #4817, 1.00000000000000 );
#4154 = CARTESIAN_POINT( '', ( 0.00287020000000000, 0.000939800000000000, 0.000330200000000000 ) );
#4155 = CARTESIAN_POINT( '', ( 0.00287020000025400, 0.000939800000254000, 0.000330200000254000 ) );
#4156 = VECTOR( '', #4818, 1.00000000000000 );
#4157 = CARTESIAN_POINT( '', ( 0.00220980000000000, 0.000939800000000000, 0.000330200000000000 ) );
#4158 = CARTESIAN_POINT( '', ( 0.00220980000025400, 0.000939800000254000, 0.000330200000254000 ) );
#4159 = VECTOR( '', #4819, 1.00000000000000 );
#4160 = CARTESIAN_POINT( '', ( 0.00220980000025400, 0.000939800000254000, 0.000330200000254000 ) );
#4161 = VECTOR( '', #4820, 1.00000000000000 );
#4162 = CARTESIAN_POINT( '', ( -0.000330200000000000, 0.000939800000000000, -0.000330200000000000 ) );
#4163 = CARTESIAN_POINT( '', ( 0.000330200000000000, 0.000939800000000000, -0.000330200000000000 ) );
#4164 = CARTESIAN_POINT( '', ( -0.000330200000254000, 0.000939800000254000, -0.000330200000254000 ) );
#4165 = VECTOR( '', #4821, 1.00000000000000 );
#4166 = CARTESIAN_POINT( '', ( 0.000330200000254000, 0.000939800000254000, 0.000330200000254000 ) );
#4167 = VECTOR( '', #4822, 1.00000000000000 );
#4168 = CARTESIAN_POINT( '', ( -0.000330200000254000, 0.000939800000254000, 0.000330200000254000 ) );
#4169 = VECTOR( '', #4823, 1.00000000000000 );
#4170 = CARTESIAN_POINT( '', ( -0.00287020000025400, 0.000939800000254000, -0.000330200000254000 ) );
#4171 = VECTOR( '', #4824, 1.00000000000000 );
#4172 = CARTESIAN_POINT( '', ( -0.00287020000025400, 0.000939800000254000, 0.000330200000254000 ) );
#4173 = VECTOR( '', #4825, 1.00000000000000 );
#4174 = CARTESIAN_POINT( '', ( -0.00201930000000000, 0.00114300000000000, -0.00116840000000000 ) );
#4175 = CARTESIAN_POINT( '', ( -0.00158750000025400, 0.00114300000025400, -0.00116840000025400 ) );
#4176 = VECTOR( '', #4826, 1.00000000000000 );
#4177 = CARTESIAN_POINT( '', ( -0.00201930000025400, 0.00114300000025400, -0.00116840000025400 ) );
#4178 = VECTOR( '', #4827, 1.00000000000000 );
#4179 = CARTESIAN_POINT( '', ( -0.00349250000025400, 0.00114300000025400, -0.00116840000025400 ) );
#4180 = VECTOR( '', #4828, 1.00000000000000 );
#4181 = CARTESIAN_POINT( '', ( -0.00254000000025400, 0.00114300000025400, -0.00116840000025400 ) );
#4182 = VECTOR( '', #4829, 1.00000000000000 );
#4183 = CARTESIAN_POINT( '', ( -0.000952500000000000, 0.00114300000000000, -0.00116840000000000 ) );
#4184 = CARTESIAN_POINT( '', ( -0.000952500000254000, 0.00114300000025400, -0.00116840000025400 ) );
#4185 = VECTOR( '', #4830, 1.00000000000000 );
#4186 = CARTESIAN_POINT( '', ( 0.000000000000000, 0.00114300000025400, -0.00116840000025400 ) );
#4187 = VECTOR( '', #4831, 1.00000000000000 );
#4188 = CARTESIAN_POINT( '', ( 0.000952500000000000, 0.00114300000000000, -0.00116840000000000 ) );
#4189 = CARTESIAN_POINT( '', ( 0.000520700000000000, 0.00114300000000000, -0.00116840000000000 ) );
#4190 = CARTESIAN_POINT( '', ( 0.000952500000254000, 0.00114300000025400, -0.00116840000025400 ) );
#4191 = VECTOR( '', #4832, 1.00000000000000 );
#4192 = CARTESIAN_POINT( '', ( 0.000952500000254000, 0.00114300000025400, -0.00116840000025400 ) );
#4193 = VECTOR( '', #4833, 1.00000000000000 );
#4194 = CARTESIAN_POINT( '', ( 0.000520700000254000, 0.00114300000025400, -0.00116840000025400 ) );
#4195 = VECTOR( '', #4834, 1.00000000000000 );
#4196 = CARTESIAN_POINT( '', ( 0.00254000000000000, 0.00114300000000000, -0.00116840000000000 ) );
#4197 = CARTESIAN_POINT( '', ( 0.00254000000025400, 0.00114300000025400, -0.00116840000025400 ) );
#4198 = VECTOR( '', #4835, 1.00000000000000 );
#4199 = CARTESIAN_POINT( '', ( 0.00254000000025400, 0.00114300000025400, -0.00116840000025400 ) );
#4200 = VECTOR( '', #4836, 1.00000000000000 );
#4201 = CARTESIAN_POINT( '', ( 0.00306070000000000, 0.00114300000000000, -0.00116840000000000 ) );
#4202 = CARTESIAN_POINT( '', ( 0.00349250000025400, 0.00114300000025400, -0.00116840000025400 ) );
#4203 = VECTOR( '', #4837, 1.00000000000000 );
#4204 = CARTESIAN_POINT( '', ( 0.00306070000025400, 0.00114300000025400, -0.00116840000025400 ) );
#4205 = VECTOR( '', #4838, 1.00000000000000 );
#4206 = CARTESIAN_POINT( '', ( 0.00306070000000000, 0.00114300000000000, -0.000484434670518104 ) );
#4207 = CARTESIAN_POINT( '', ( 0.00306070000025400, 0.00114300000025400, -0.000484434670772104 ) );
#4208 = VECTOR( '', #4839, 1.00000000000000 );
#4209 = CARTESIAN_POINT( '', ( 0.00306070000025400, 0.00114300000025400, -0.00116840000025400 ) );
#4210 = VECTOR( '', #4840, 1.00000000000000 );
#4211 = CARTESIAN_POINT( '', ( 0.00254000000000000, 0.00114300000000000, 0.000711200000000000 ) );
#4212 = CARTESIAN_POINT( '', ( 0.00254000000025400, 0.00114300000025400, 0.000711200000254000 ) );
#4213 = VECTOR( '', #4841, 1.00000000000000 );
#4214 = CARTESIAN_POINT( '', ( 0.00254000000000000, 0.00114300000000000, 0.00116840000000000 ) );
#4215 = CARTESIAN_POINT( '', ( 0.00254000000025400, 0.000939800000254000, 0.00116840000025400 ) );
#4216 = VECTOR( '', #4842, 1.00000000000000 );
#4217 = CARTESIAN_POINT( '', ( 0.00254000000025400, 0.00114300000025400, 0.00116840000025400 ) );
#4218 = VECTOR( '', #4843, 1.00000000000000 );
#4219 = AXIS2_PLACEMENT_3D( '', #4844, #4845, #4846 );
#4220 = CARTESIAN_POINT( '', ( 0.000330200000254000, 0.000939800000254000, -0.000330200000254000 ) );
#4221 = VECTOR( '', #4847, 1.00000000000000 );
#4222 = CARTESIAN_POINT( '', ( 0.000330200000254000, 0.00622300000025400, -0.000330200000254000 ) );
#4223 = VECTOR( '', #4848, 1.00000000000000 );
#4224 = CARTESIAN_POINT( '', ( -0.000533400000254000, -0.00114300000025400, -0.00116840000025400 ) );
#4225 = VECTOR( '', #4849, 1.00000000000000 );
#4226 = CARTESIAN_POINT( '', ( 0.000520700000000000, 0.00114300000000000, -0.000484434670518104 ) );
#4227 = CARTESIAN_POINT( '', ( 0.000520700000254000, 0.00114300000025400, -0.000484434670772104 ) );
#4228 = VECTOR( '', #4850, 1.00000000000000 );
#4229 = CARTESIAN_POINT( '', ( 0.000520700000254000, 0.00114300000025400, -0.00116840000025400 ) );
#4230 = VECTOR( '', #4851, 1.00000000000000 );
#4231 = CARTESIAN_POINT( '', ( -0.00349250000025400, 0.000939800000254000, -0.00124460000025400 ) );
#4232 = VECTOR( '', #4852, 1.00000000000000 );
#4233 = CARTESIAN_POINT( '', ( 0.00101600000025400, 0.000939800000254000, -0.00124460000025400 ) );
#4234 = VECTOR( '', #4853, 1.00000000000000 );
#4235 = CARTESIAN_POINT( '', ( -0.00101600000025400, 0.000939800000254000, -0.00124460000025400 ) );
#4236 = VECTOR( '', #4854, 1.00000000000000 );
#4237 = CARTESIAN_POINT( '', ( -0.00240030000000000, -0.00431800000000000, 0.000139700000000000 ) );
#4238 = CARTESIAN_POINT( '', ( -0.00240030000000000, -0.00431800000000000, -0.000139700000000000 ) );
#4239 = CARTESIAN_POINT( '', ( -0.00240030000025400, -0.00431800000025400, 0.000139700000254000 ) );
#4240 = VECTOR( '', #4855, 1.00000000000000 );
#4241 = CARTESIAN_POINT( '', ( -0.00267970000000000, -0.00431800000000000, 0.000139700000000000 ) );
#4242 = CARTESIAN_POINT( '', ( -0.00240030000025400, -0.00431800000025400, 0.000139700000254000 ) );
#4243 = VECTOR( '', #4856, 1.00000000000000 );
#4244 = CARTESIAN_POINT( '', ( -0.00267970000000000, -0.00431800000000000, -0.000139700000000000 ) );
#4245 = CARTESIAN_POINT( '', ( -0.00267970000025400, -0.00431800000025400, -0.000139700000254000 ) );
#4246 = VECTOR( '', #4857, 1.00000000000000 );
#4247 = CARTESIAN_POINT( '', ( -0.00240030000025400, -0.00431800000025400, -0.000139700000254000 ) );
#4248 = VECTOR( '', #4858, 1.00000000000000 );
#4249 = CARTESIAN_POINT( '', ( 0.00287020000000000, 0.00622300000000000, 0.000330200000000000 ) );
#4250 = CARTESIAN_POINT( '', ( 0.00267970000000000, 0.00723900000000000, 0.000139700000000000 ) );
#4251 = CARTESIAN_POINT( '', ( 0.00287020000025400, 0.00622300000025400, 0.000330200000254000 ) );
#4252 = VECTOR( '', #4859, 1.00000000000000 );
#4253 = CARTESIAN_POINT( '', ( 0.00240030000000000, 0.00723900000000000, 0.000139700000000000 ) );
#4254 = CARTESIAN_POINT( '', ( 0.00267970000025400, 0.00723900000025400, 0.000139700000254000 ) );
#4255 = VECTOR( '', #4860, 1.00000000000000 );
#4256 = CARTESIAN_POINT( '', ( 0.00220980000000000, 0.00622300000000000, 0.000330200000000000 ) );
#4257 = CARTESIAN_POINT( '', ( 0.00240030000025400, 0.00723900000025400, 0.000139700000254000 ) );
#4258 = VECTOR( '', #4861, 1.00000000000000 );
#4259 = CARTESIAN_POINT( '', ( 0.00287020000025400, 0.00622300000025400, 0.000330200000254000 ) );
#4260 = VECTOR( '', #4862, 1.00000000000000 );
#4261 = CARTESIAN_POINT( '', ( 0.000000000000000, -0.00114300000000000, -0.000711200000000000 ) );
#4262 = CARTESIAN_POINT( '', ( 0.000000000000000, -0.00114300000025400, -0.000711200000254000 ) );
#4263 = VECTOR( '', #4863, 1.00000000000000 );
#4264 = AXIS2_PLACEMENT_3D( '', #4864, #4865, #4866 );
#4265 = CARTESIAN_POINT( '', ( -0.00240030000000000, 0.00723900000000000, 0.000139700000000000 ) );
#4266 = CARTESIAN_POINT( '', ( -0.00240030000025400, 0.00723900000025400, 0.000139700000254000 ) );
#4267 = VECTOR( '', #4867, 1.00000000000000 );
#4268 = CARTESIAN_POINT( '', ( -0.00240030000000000, 0.00723900000000000, -0.000139700000000000 ) );
#4269 = CARTESIAN_POINT( '', ( -0.00240030000025400, 0.00723900000025400, -0.000139700000254000 ) );
#4270 = VECTOR( '', #4868, 1.00000000000000 );
#4271 = CARTESIAN_POINT( '', ( -0.00240030000025400, 0.00723900000025400, -0.000139700000254000 ) );
#4272 = VECTOR( '', #4869, 1.00000000000000 );
#4273 = CARTESIAN_POINT( '', ( -0.00240030000025400, 0.00723900000025400, -0.000139700000254000 ) );
#4274 = VECTOR( '', #4870, 1.00000000000000 );
#4275 = CARTESIAN_POINT( '', ( -0.00220980000025400, 0.00622300000025400, -0.000330200000254000 ) );
#4276 = VECTOR( '', #4871, 1.00000000000000 );
#4277 = CARTESIAN_POINT( '', ( -0.00267970000025400, -0.00431800000025400, -0.000139700000254000 ) );
#4278 = VECTOR( '', #4872, 1.00000000000000 );
#4279 = CARTESIAN_POINT( '', ( -0.00287020000000000, -0.00330200000000000, 0.000330200000000000 ) );
#4280 = CARTESIAN_POINT( '', ( -0.00267970000025400, -0.00431800000025400, 0.000139700000254000 ) );
#4281 = VECTOR( '', #4873, 1.00000000000000 );
#4282 = CARTESIAN_POINT( '', ( -0.00287020000025400, -0.00330200000025400, -0.000330200000254000 ) );
#4283 = VECTOR( '', #4874, 1.00000000000000 );
#4284 = CARTESIAN_POINT( '', ( 0.00349250000025400, -0.000939800000254000, 0.000914400000254000 ) );
#4285 = VECTOR( '', #4875, 1.00000000000000 );
#4286 = CARTESIAN_POINT( '', ( 0.00349250000025400, -0.000939800000254000, -0.000914400000254000 ) );
#4287 = VECTOR( '', #4876, 1.00000000000000 );
#4288 = CARTESIAN_POINT( '', ( 0.00201930000000000, 0.00114300000000000, 0.00116840000000000 ) );
#4289 = CARTESIAN_POINT( '', ( 0.00201930000025400, 0.00114300000025400, 0.00116840000025400 ) );
#4290 = VECTOR( '', #4877, 1.00000000000000 );
#4291 = CARTESIAN_POINT( '', ( 0.00201930000025400, 0.000939800000254000, 0.00116840000025400 ) );
#4292 = VECTOR( '', #4878, 1.00000000000000 );
#4293 = CARTESIAN_POINT( '', ( -0.00307340000000000, -0.00114300000000000, 0.000470414583107230 ) );
#4294 = CARTESIAN_POINT( '', ( -0.00307340000025400, -0.00114300000025400, 0.000470414583361230 ) );
#4295 = VECTOR( '', #4879, 1.00000000000000 );
#4296 = CARTESIAN_POINT( '', ( -0.00254000000000000, -0.00114300000000000, 0.000711200000000000 ) );
#4297 = CARTESIAN_POINT( '', ( -0.00254000000025400, -0.00114300000025400, 0.000711200000254000 ) );
#4298 = VECTOR( '', #4880, 1.00000000000000 );
#4299 = AXIS2_PLACEMENT_3D( '', #4881, #4882, #4883 );
#4300 = CARTESIAN_POINT( '', ( 0.00201930000000000, 0.00114300000000000, 0.000484434670518104 ) );
#4301 = CARTESIAN_POINT( '', ( 0.00201930000025400, 0.00114300000025400, 0.000484434670772104 ) );
#4302 = VECTOR( '', #4884, 1.00000000000000 );
#4303 = CARTESIAN_POINT( '', ( 0.00254000000000000, 0.00114300000000000, -0.000711200000000000 ) );
#4304 = CARTESIAN_POINT( '', ( 0.00254000000025400, 0.00114300000025400, -0.000711200000254000 ) );
#4305 = VECTOR( '', #4885, 1.00000000000000 );
#4306 = AXIS2_PLACEMENT_3D( '', #4886, #4887, #4888 );
#4307 = CARTESIAN_POINT( '', ( -0.000952500000000000, 0.00114300000000000, 0.00116840000000000 ) );
#4308 = CARTESIAN_POINT( '', ( -0.000952500000254000, 0.000939800000254000, 0.00116840000025400 ) );
#4309 = VECTOR( '', #4889, 1.00000000000000 );
#4310 = CARTESIAN_POINT( '', ( -0.000952500000254000, 0.00114300000025400, 0.00116840000025400 ) );
#4311 = VECTOR( '', #4890, 1.00000000000000 );
#4312 = CARTESIAN_POINT( '', ( -0.00152400000025400, -0.000939800000254000, 0.00124460000025400 ) );
#4313 = VECTOR( '', #4891, 1.00000000000000 );
#4314 = CARTESIAN_POINT( '', ( -0.000520700000000000, 0.00114300000000000, 0.000484434670518104 ) );
#4315 = CARTESIAN_POINT( '', ( -0.000520700000254000, 0.00114300000025400, 0.000484434670772104 ) );
#4316 = VECTOR( '', #4892, 1.00000000000000 );
#4317 = AXIS2_PLACEMENT_3D( '', #4893, #4894, #4895 );
#4318 = CARTESIAN_POINT( '', ( 0.00127000000025400, 0.000939800000254000, -0.000990600000254000 ) );
#4319 = VECTOR( '', #4896, 1.00000000000000 );
#4320 = CARTESIAN_POINT( '', ( -0.00349250000025400, 0.000939800000254000, -0.000914400000254000 ) );
#4321 = VECTOR( '', #4897, 1.00000000000000 );
#4322 = CARTESIAN_POINT( '', ( -0.00254000000025400, -0.00114300000025400, 0.00116840000025400 ) );
#4323 = VECTOR( '', #4898, 1.00000000000000 );
#4324 = CARTESIAN_POINT( '', ( -0.00254000000025400, 0.00114300000025400, -0.000711200000254000 ) );
#4325 = VECTOR( '', #4899, 1.00000000000000 );
#4326 = CARTESIAN_POINT( '', ( 0.000330200000254000, -0.00330200000025400, -0.000330200000254000 ) );
#4327 = VECTOR( '', #4900, 1.00000000000000 );
#4328 = CARTESIAN_POINT( '', ( 0.000330200000254000, -0.000939800000254000, 0.000330200000254000 ) );
#4329 = VECTOR( '', #4901, 1.00000000000000 );
#4330 = CARTESIAN_POINT( '', ( 0.000330200000254000, -0.00330200000025400, 0.000330200000254000 ) );
#4331 = VECTOR( '', #4902, 1.00000000000000 );
#4332 = CARTESIAN_POINT( '', ( -0.00306070000025400, 0.00114300000025400, 0.000484434670772104 ) );
#4333 = VECTOR( '', #4903, 1.00000000000000 );
#4334 = CARTESIAN_POINT( '', ( -0.00306070000025400, 0.000939800000254000, 0.00116840000025400 ) );
#4335 = VECTOR( '', #4904, 1.00000000000000 );
#4336 = CARTESIAN_POINT( '', ( -0.00201930000000000, 0.00114300000000000, -0.000484434670518104 ) );
#4337 = CARTESIAN_POINT( '', ( -0.00201930000025400, 0.00114300000025400, -0.000484434670772104 ) );
#4338 = VECTOR( '', #4905, 1.00000000000000 );
#4339 = CARTESIAN_POINT( '', ( -0.00254000000000000, 0.00114300000000000, 0.000711200000000000 ) );
#4340 = CARTESIAN_POINT( '', ( -0.00254000000025400, 0.00114300000025400, 0.000711200000254000 ) );
#4341 = VECTOR( '', #4906, 1.00000000000000 );
#4342 = AXIS2_PLACEMENT_3D( '', #4907, #4908, #4909 );
#4343 = CARTESIAN_POINT( '', ( -0.00254000000000000, 0.00114300000000000, 0.00116840000000000 ) );
#4344 = CARTESIAN_POINT( '', ( -0.00254000000025400, 0.000939800000254000, 0.00116840000025400 ) );
#4345 = VECTOR( '', #4910, 1.00000000000000 );
#4346 = CARTESIAN_POINT( '', ( -0.00254000000025400, 0.00114300000025400, 0.00116840000025400 ) );
#4347 = VECTOR( '', #4911, 1.00000000000000 );
#4348 = CARTESIAN_POINT( '', ( -0.00201930000025400, 0.00114300000025400, -0.00116840000025400 ) );
#4349 = VECTOR( '', #4912, 1.00000000000000 );
#4350 = CARTESIAN_POINT( '', ( -0.000330200000254000, -0.00330200000025400, -0.000330200000254000 ) );
#4351 = VECTOR( '', #4913, 1.00000000000000 );
#4352 = CARTESIAN_POINT( '', ( -0.000330200000254000, 0.000939800000254000, -0.000330200000254000 ) );
#4353 = VECTOR( '', #4914, 1.00000000000000 );
#4354 = CARTESIAN_POINT( '', ( -0.000139700000000000, 0.00723900000000000, 0.000139700000000000 ) );
#4355 = CARTESIAN_POINT( '', ( -0.000139700000254000, 0.00723900000025400, 0.000139700000254000 ) );
#4356 = VECTOR( '', #4915, 1.00000000000000 );
#4357 = CARTESIAN_POINT( '', ( 0.000139700000000000, 0.00723900000000000, 0.000139700000000000 ) );
#4358 = CARTESIAN_POINT( '', ( 0.000139700000254000, 0.00723900000025400, 0.000139700000254000 ) );
#4359 = VECTOR( '', #4916, 1.00000000000000 );
#4360 = CARTESIAN_POINT( '', ( 0.000139700000254000, 0.00723900000025400, -0.000139700000254000 ) );
#4361 = VECTOR( '', #4917, 1.00000000000000 );
#4362 = CARTESIAN_POINT( '', ( -0.000330200000254000, 0.00622300000025400, 0.000330200000254000 ) );
#4363 = VECTOR( '', #4918, 1.00000000000000 );
#4364 = CARTESIAN_POINT( '', ( -0.000139700000254000, 0.00723900000025400, 0.000139700000254000 ) );
#4365 = VECTOR( '', #4919, 1.00000000000000 );
#4366 = CARTESIAN_POINT( '', ( -0.00220980000025400, -0.00330200000025400, -0.000330200000254000 ) );
#4367 = VECTOR( '', #4920, 1.00000000000000 );
#4368 = CARTESIAN_POINT( '', ( -0.00220980000000000, -0.00330200000000000, 0.000330200000000000 ) );
#4369 = CARTESIAN_POINT( '', ( -0.00220980000025400, -0.00330200000025400, 0.000330200000254000 ) );
#4370 = VECTOR( '', #4921, 1.00000000000000 );
#4371 = CARTESIAN_POINT( '', ( -0.00240030000025400, -0.00431800000025400, 0.000139700000254000 ) );
#4372 = VECTOR( '', #4922, 1.00000000000000 );
#4373 = CARTESIAN_POINT( '', ( 0.00349250000025400, 0.000939800000254000, 0.000914400000254000 ) );
#4374 = VECTOR( '', #4923, 1.00000000000000 );
#4375 = CARTESIAN_POINT( '', ( 0.00201930000025400, 0.00114300000025400, 0.00116840000025400 ) );
#4376 = VECTOR( '', #4924, 1.00000000000000 );
#4377 = CARTESIAN_POINT( '', ( -0.00127000000025400, 0.000939800000254000, 0.000990600000254000 ) );
#4378 = VECTOR( '', #4925, 1.00000000000000 );
#4379 = CARTESIAN_POINT( '', ( -0.00101600000025400, -0.000939800000254000, 0.00124460000025400 ) );
#4380 = VECTOR( '', #4926, 1.00000000000000 );
#4381 = CARTESIAN_POINT( '', ( -0.00158750000025400, -0.00114300000025400, -0.00116840000025400 ) );
#4382 = VECTOR( '', #4927, 1.00000000000000 );
#4383 = CARTESIAN_POINT( '', ( 0.00349250000025400, 0.000939800000254000, 0.00124460000025400 ) );
#4384 = VECTOR( '', #4928, 1.00000000000000 );
#4385 = CARTESIAN_POINT( '', ( 0.00152400000025400, -0.000939800000254000, 0.00124460000025400 ) );
#4386 = VECTOR( '', #4929, 1.00000000000000 );
#4387 = CARTESIAN_POINT( '', ( -0.00220980000025400, 0.00622300000025400, 0.000330200000254000 ) );
#4388 = VECTOR( '', #4930, 1.00000000000000 );
#4389 = CARTESIAN_POINT( '', ( -0.00220980000025400, -0.00330200000025400, 0.000330200000254000 ) );
#4390 = VECTOR( '', #4931, 1.00000000000000 );
#4391 = CARTESIAN_POINT( '', ( 0.000952500000000000, 0.00114300000000000, 0.00116840000000000 ) );
#4392 = CARTESIAN_POINT( '', ( 0.000952500000254000, 0.000939800000254000, 0.00116840000025400 ) );
#4393 = VECTOR( '', #4932, 1.00000000000000 );
#4394 = CARTESIAN_POINT( '', ( 0.000952500000254000, 0.00114300000025400, 0.00116840000025400 ) );
#4395 = VECTOR( '', #4933, 1.00000000000000 );
#4396 = CARTESIAN_POINT( '', ( -0.00220980000025400, 0.00622300000025400, 0.000330200000254000 ) );
#4397 = VECTOR( '', #4934, 1.00000000000000 );
#4398 = CARTESIAN_POINT( '', ( -0.00158750000025400, 0.00114300000025400, 0.00116840000025400 ) );
#4399 = VECTOR( '', #4935, 1.00000000000000 );
#4400 = CARTESIAN_POINT( '', ( -0.00349250000025400, 0.000939800000254000, 0.00116840000025400 ) );
#4401 = VECTOR( '', #4936, 1.00000000000000 );
#4402 = CARTESIAN_POINT( '', ( 0.00254000000025400, 0.00114300000025400, -0.00116840000025400 ) );
#4403 = VECTOR( '', #4937, 1.00000000000000 );
#4404 = CARTESIAN_POINT( '', ( 0.000952500000000000, -0.00114300000000000, 0.00116840000000000 ) );
#4405 = CARTESIAN_POINT( '', ( 0.000952500000254000, -0.00114300000025400, -0.00116840000025400 ) );
#4406 = VECTOR( '', #4938, 1.00000000000000 );
#4407 = CARTESIAN_POINT( '', ( 0.000952500000254000, -0.00114300000025400, 0.00116840000025400 ) );
#4408 = VECTOR( '', #4939, 1.00000000000000 );
#4409 = CARTESIAN_POINT( '', ( 0.000000000000000, -0.00114300000025400, -0.00116840000025400 ) );
#4410 = VECTOR( '', #4940, 1.00000000000000 );
#4411 = CARTESIAN_POINT( '', ( -0.00349250000025400, -0.00114300000025400, -0.00116840000025400 ) );
#4412 = VECTOR( '', #4941, 1.00000000000000 );
#4413 = CARTESIAN_POINT( '', ( -0.00307340000025400, -0.00114300000025400, -0.00116840000025400 ) );
#4414 = VECTOR( '', #4942, 1.00000000000000 );
#4415 = CARTESIAN_POINT( '', ( 0.00200660000025400, -0.00114300000025400, -0.00116840000025400 ) );
#4416 = VECTOR( '', #4943, 1.00000000000000 );
#4417 = CARTESIAN_POINT( '', ( 0.00254000000025400, -0.00114300000025400, 0.00116840000025400 ) );
#4418 = VECTOR( '', #4944, 1.00000000000000 );
#4419 = CARTESIAN_POINT( '', ( 0.00158750000025400, -0.00114300000025400, -0.00116840000025400 ) );
#4420 = VECTOR( '', #4945, 1.00000000000000 );
#4421 = CARTESIAN_POINT( '', ( -0.00200660000025400, -0.00114300000025400, 0.00116840000025400 ) );
#4422 = VECTOR( '', #4946, 1.00000000000000 );
#4423 = CARTESIAN_POINT( '', ( -0.00254000000025400, -0.00114300000025400, -0.00116840000025400 ) );
#4424 = VECTOR( '', #4947, 1.00000000000000 );
#4425 = CARTESIAN_POINT( '', ( 0.00349250000025400, 0.00114300000025400, 0.00116840000025400 ) );
#4426 = VECTOR( '', #4948, 1.00000000000000 );
#4427 = CARTESIAN_POINT( '', ( -0.00152400000025400, 0.000939800000254000, -0.00124460000025400 ) );
#4428 = VECTOR( '', #4949, 1.00000000000000 );
#4429 = CARTESIAN_POINT( '', ( 0.00349250000025400, 0.000939800000254000, -0.00124460000025400 ) );
#4430 = VECTOR( '', #4950, 1.00000000000000 );
#4431 = CARTESIAN_POINT( '', ( 0.00152400000025400, 0.000939800000254000, -0.00124460000025400 ) );
#4432 = VECTOR( '', #4951, 1.00000000000000 );
#4433 = CARTESIAN_POINT( '', ( -0.00127000000025400, 0.000939800000254000, -0.000990600000254000 ) );
#4434 = VECTOR( '', #4952, 1.00000000000000 );
#4435 = CARTESIAN_POINT( '', ( 0.00349250000025400, 0.000939800000254000, -0.000914400000254000 ) );
#4436 = VECTOR( '', #4953, 1.00000000000000 );
#4437 = CARTESIAN_POINT( '', ( 0.00287020000025400, 0.00622300000025400, 0.000330200000254000 ) );
#4438 = VECTOR( '', #4954, 1.00000000000000 );
#4439 = CARTESIAN_POINT( '', ( 0.00287020000000000, 0.00622300000000000, -0.000330200000000000 ) );
#4440 = CARTESIAN_POINT( '', ( 0.00287020000025400, 0.000939800000254000, -0.000330200000254000 ) );
#4441 = VECTOR( '', #4955, 1.00000000000000 );
#4442 = CARTESIAN_POINT( '', ( 0.00287020000025400, 0.00622300000025400, -0.000330200000254000 ) );
#4443 = VECTOR( '', #4956, 1.00000000000000 );
#4444 = CARTESIAN_POINT( '', ( 0.00220980000000000, -0.00330200000000000, -0.000330200000000000 ) );
#4445 = CARTESIAN_POINT( '', ( 0.00240030000025400, -0.00431800000025400, -0.000139700000254000 ) );
#4446 = VECTOR( '', #4957, 1.00000000000000 );
#4447 = CARTESIAN_POINT( '', ( 0.00287020000025400, -0.00330200000025400, -0.000330200000254000 ) );
#4448 = VECTOR( '', #4958, 1.00000000000000 );
#4449 = CARTESIAN_POINT( '', ( -0.000520700000000000, 0.00114300000000000, 0.00116840000000000 ) );
#4450 = CARTESIAN_POINT( '', ( -0.000520700000254000, 0.000939800000254000, 0.00116840000025400 ) );
#4451 = VECTOR( '', #4959, 1.00000000000000 );
#4452 = CARTESIAN_POINT( '', ( -0.000520700000254000, 0.00114300000025400, 0.00116840000025400 ) );
#4453 = VECTOR( '', #4960, 1.00000000000000 );
#4454 = CARTESIAN_POINT( '', ( 0.000330200000254000, 0.00622300000025400, 0.000330200000254000 ) );
#4455 = VECTOR( '', #4961, 1.00000000000000 );
#4456 = CARTESIAN_POINT( '', ( 0.000139700000254000, -0.00431800000025400, 0.000139700000254000 ) );
#4457 = VECTOR( '', #4962, 1.00000000000000 );
#4458 = CARTESIAN_POINT( '', ( 0.000952500000254000, -0.00114300000025400, 0.00116840000025400 ) );
#4459 = VECTOR( '', #4963, 1.00000000000000 );
#4460 = CARTESIAN_POINT( '', ( 0.00240030000000000, 0.00723900000000000, -0.000139700000000000 ) );
#4461 = CARTESIAN_POINT( '', ( 0.00240030000025400, 0.00723900000025400, 0.000139700000254000 ) );
#4462 = VECTOR( '', #4964, 1.00000000000000 );
#4463 = CARTESIAN_POINT( '', ( 0.00267970000000000, 0.00723900000000000, -0.000139700000000000 ) );
#4464 = CARTESIAN_POINT( '', ( 0.00267970000025400, 0.00723900000025400, -0.000139700000254000 ) );
#4465 = VECTOR( '', #4965, 1.00000000000000 );
#4466 = CARTESIAN_POINT( '', ( 0.00267970000025400, 0.00723900000025400, -0.000139700000254000 ) );
#4467 = VECTOR( '', #4966, 1.00000000000000 );
#4468 = CARTESIAN_POINT( '', ( -0.000520700000254000, 0.00114300000025400, 0.00116840000025400 ) );
#4469 = VECTOR( '', #4967, 1.00000000000000 );
#4470 = CARTESIAN_POINT( '', ( -0.00220980000025400, -0.000939800000254000, 0.000330200000254000 ) );
#4471 = VECTOR( '', #4968, 1.00000000000000 );
#4472 = CARTESIAN_POINT( '', ( -0.00287020000025400, -0.000939800000254000, 0.000330200000254000 ) );
#4473 = VECTOR( '', #4969, 1.00000000000000 );
#4474 = CARTESIAN_POINT( '', ( -0.000330200000254000, -0.000939800000254000, 0.000330200000254000 ) );
#4475 = VECTOR( '', #4970, 1.00000000000000 );
#4476 = CARTESIAN_POINT( '', ( 0.00287020000025400, -0.000939800000254000, 0.000330200000254000 ) );
#4477 = VECTOR( '', #4971, 1.00000000000000 );
#4478 = CARTESIAN_POINT( '', ( 0.00220980000000000, -0.00330200000000000, 0.000330200000000000 ) );
#4479 = CARTESIAN_POINT( '', ( 0.00220980000025400, -0.000939800000254000, 0.000330200000254000 ) );
#4480 = VECTOR( '', #4972, 1.00000000000000 );
#4481 = CARTESIAN_POINT( '', ( 0.00287020000025400, -0.00330200000025400, 0.000330200000254000 ) );
#4482 = VECTOR( '', #4973, 1.00000000000000 );
#4483 = CARTESIAN_POINT( '', ( 0.00220980000000000, 0.00622300000000000, -0.000330200000000000 ) );
#4484 = CARTESIAN_POINT( '', ( 0.00220980000025400, 0.00622300000025400, -0.000330200000254000 ) );
#4485 = VECTOR( '', #4974, 1.00000000000000 );
#4486 = CARTESIAN_POINT( '', ( 0.00220980000025400, 0.00622300000025400, 0.000330200000254000 ) );
#4487 = VECTOR( '', #4975, 1.00000000000000 );
#4488 = CARTESIAN_POINT( '', ( 0.00240030000025400, -0.00431800000025400, 0.000139700000254000 ) );
#4489 = VECTOR( '', #4976, 1.00000000000000 );
#4490 = CARTESIAN_POINT( '', ( 0.00220980000025400, -0.00330200000025400, -0.000330200000254000 ) );
#4491 = VECTOR( '', #4977, 1.00000000000000 );
#4492 = CARTESIAN_POINT( '', ( 0.00267970000025400, 0.00723900000025400, -0.000139700000254000 ) );
#4493 = VECTOR( '', #4978, 1.00000000000000 );
#4494 = CARTESIAN_POINT( '', ( 0.000000000000000, 0.00114300000000000, 0.000711200000000000 ) );
#4495 = CARTESIAN_POINT( '', ( 0.000000000000000, 0.00114300000025400, 0.000711200000254000 ) );
#4496 = VECTOR( '', #4979, 1.00000000000000 );
#4497 = CARTESIAN_POINT( '', ( 0.000000000000000, 0.00114300000000000, 0.00116840000000000 ) );
#4498 = CARTESIAN_POINT( '', ( 0.000000000000000, 0.000939800000254000, 0.00116840000025400 ) );
#4499 = VECTOR( '', #4980, 1.00000000000000 );
#4500 = CARTESIAN_POINT( '', ( 0.000000000000000, 0.00114300000025400, 0.00116840000025400 ) );
#4501 = VECTOR( '', #4981, 1.00000000000000 );
#4502 = CARTESIAN_POINT( '', ( 0.00220980000025400, -0.00330200000025400, -0.000330200000254000 ) );
#4503 = VECTOR( '', #4982, 1.00000000000000 );
#4504 = AXIS2_PLACEMENT_3D( '', #4983, #4984, #4985 );
#4505 = CARTESIAN_POINT( '', ( 0.00287020000025400, -0.00330200000025400, -0.000330200000254000 ) );
#4506 = VECTOR( '', #4986, 1.00000000000000 );
#4507 = CARTESIAN_POINT( '', ( 0.00220980000025400, 0.000939800000254000, -0.000330200000254000 ) );
#4508 = VECTOR( '', #4987, 1.00000000000000 );
#4509 = CARTESIAN_POINT( '', ( 0.00287020000025400, 0.00622300000025400, -0.000330200000254000 ) );
#4510 = VECTOR( '', #4988, 1.00000000000000 );
#4511 = CARTESIAN_POINT( '', ( 0.000952500000254000, 0.00114300000025400, 0.00116840000025400 ) );
#4512 = VECTOR( '', #4989, 1.00000000000000 );
#4513 = CARTESIAN_POINT( '', ( 0.00220980000025400, 0.00622300000025400, 0.000330200000254000 ) );
#4514 = VECTOR( '', #4990, 1.00000000000000 );
#4515 = DIRECTION( '', ( 0.000000000000000, 1.00000000000000, 0.000000000000000 ) );
#4516 = CARTESIAN_POINT( '', ( 0.00254000000025400, -0.000939800000254000, 0.000000000000000 ) );
#4517 = DIRECTION( '', ( 0.000000000000000, -1.00000000000000, 0.000000000000000 ) );
#4518 = DIRECTION( '', ( 0.000000000000000, 0.000000000000000, -1.00000000000000 ) );
#4519 = DIRECTION( '', ( 0.000000000000000, 1.00000000000000, 0.000000000000000 ) );
#4520 = CARTESIAN_POINT( '', ( 0.00254000000025400, -0.00114300000025400, 0.000000000000000 ) );
#4521 = DIRECTION( '', ( 0.000000000000000, -1.00000000000000, 0.000000000000000 ) );
#4522 = DIRECTION( '', ( 0.000000000000000, 0.000000000000000, -1.00000000000000 ) );
#4523 = DIRECTION( '', ( 0.000000000000000, 1.00000000000000, 0.000000000000000 ) );
#4524 = DIRECTION( '', ( 0.000000000000000, 0.000000000000000, 1.00000000000000 ) );
#4525 = DIRECTION( '', ( 0.000000000000000, 0.000000000000000, -1.00000000000000 ) );
#4526 = DIRECTION( '', ( 0.000000000000000, 0.000000000000000, 1.00000000000000 ) );
#4527 = DIRECTION( '', ( 0.000000000000000, -1.00000000000000, 0.000000000000000 ) );
#4528 = DIRECTION( '', ( 0.000000000000000, 0.000000000000000, 1.00000000000000 ) );
#4529 = DIRECTION( '', ( 0.000000000000000, 1.00000000000000, 0.000000000000000 ) );
#4530 = CARTESIAN_POINT( '', ( 0.00254000000025400, -0.000939800000254000, 0.000000000000000 ) );
#4531 = DIRECTION( '', ( 0.000000000000000, -1.00000000000000, 0.000000000000000 ) );
#4532 = DIRECTION( '', ( 0.000000000000000, 0.000000000000000, 1.00000000000000 ) );
#4533 = DIRECTION( '', ( 0.000000000000000, 1.00000000000000, 0.000000000000000 ) );
#4534 = CARTESIAN_POINT( '', ( 0.00254000000025400, -0.00114300000025400, 0.000000000000000 ) );
#4535 = DIRECTION( '', ( 0.000000000000000, -1.00000000000000, 0.000000000000000 ) );
#4536 = DIRECTION( '', ( 0.000000000000000, 0.000000000000000, 1.00000000000000 ) );
#4537 = DIRECTION( '', ( 0.000000000000000, -1.00000000000000, 0.000000000000000 ) );
#4538 = DIRECTION( '', ( 0.000000000000000, 0.000000000000000, -1.00000000000000 ) );
#4539 = DIRECTION( '', ( 0.000000000000000, 1.00000000000000, 0.000000000000000 ) );
#4540 = DIRECTION( '', ( 0.000000000000000, 0.000000000000000, 1.00000000000000 ) );
#4541 = DIRECTION( '', ( 0.000000000000000, 0.000000000000000, 1.00000000000000 ) );
#4542 = DIRECTION( '', ( 0.000000000000000, 0.000000000000000, 1.00000000000000 ) );
#4543 = DIRECTION( '', ( 0.000000000000000, 0.000000000000000, -1.00000000000000 ) );
#4544 = DIRECTION( '', ( 0.000000000000000, 0.000000000000000, 1.00000000000000 ) );
#4545 = DIRECTION( '', ( 0.000000000000000, 1.00000000000000, 0.000000000000000 ) );
#4546 = DIRECTION( '', ( 0.000000000000000, 0.000000000000000, 1.00000000000000 ) );
#4547 = DIRECTION( '', ( 0.000000000000000, -1.00000000000000, 0.000000000000000 ) );
#4548 = DIRECTION( '', ( 0.000000000000000, 0.000000000000000, 1.00000000000000 ) );
#4549 = DIRECTION( '', ( 0.181236628182535, 0.966595349259477, 0.181236628182535 ) );
#4550 = DIRECTION( '', ( 0.000000000000000, 0.000000000000000, -1.00000000000000 ) );
#4551 = DIRECTION( '', ( -0.181236628182535, -0.966595349259477, 0.181236628182535 ) );
#4552 = DIRECTION( '', ( 0.000000000000000, 0.000000000000000, -1.00000000000000 ) );
#4553 = DIRECTION( '', ( 0.000000000000000, -1.00000000000000, 0.000000000000000 ) );
#4554 = DIRECTION( '', ( 0.000000000000000, 0.000000000000000, -1.00000000000000 ) );
#4555 = DIRECTION( '', ( 0.000000000000000, -1.00000000000000, 0.000000000000000 ) );
#4556 = DIRECTION( '', ( 0.000000000000000, 0.000000000000000, -1.00000000000000 ) );
#4557 = DIRECTION( '', ( -0.796162194049440, 0.000000000000000, -0.605083267630482 ) );
#4558 = DIRECTION( '', ( -0.796162194049440, 0.000000000000000, -0.605083267630482 ) );
#4559 = DIRECTION( '', ( 0.000000000000000, -1.00000000000000, 0.000000000000000 ) );
#4560 = DIRECTION( '', ( 0.000000000000000, -1.00000000000000, 0.000000000000000 ) );
#4561 = DIRECTION( '', ( 1.00000000000000, 0.000000000000000, 0.000000000000000 ) );
#4562 = DIRECTION( '', ( 1.00000000000000, 0.000000000000000, 0.000000000000000 ) );
#4563 = DIRECTION( '', ( 0.000000000000000, 1.00000000000000, 0.000000000000000 ) );
#4564 = DIRECTION( '', ( -1.00000000000000, 0.000000000000000, 0.000000000000000 ) );
#4565 = DIRECTION( '', ( 0.000000000000000, 1.00000000000000, 0.000000000000000 ) );
#4566 = DIRECTION( '', ( -1.00000000000000, 0.000000000000000, 0.000000000000000 ) );
#4567 = DIRECTION( '', ( -1.00000000000000, 0.000000000000000, 0.000000000000000 ) );
#4568 = DIRECTION( '', ( 0.000000000000000, 1.00000000000000, 0.000000000000000 ) );
#4569 = DIRECTION( '', ( -1.00000000000000, 0.000000000000000, 0.000000000000000 ) );
#4570 = DIRECTION( '', ( 0.000000000000000, 1.00000000000000, 0.000000000000000 ) );
#4571 = DIRECTION( '', ( -1.00000000000000, 0.000000000000000, 0.000000000000000 ) );
#4572 = DIRECTION( '', ( -1.00000000000000, 0.000000000000000, 0.000000000000000 ) );
#4573 = DIRECTION( '', ( -1.00000000000000, 0.000000000000000, 0.000000000000000 ) );
#4574 = DIRECTION( '', ( 0.000000000000000, 1.00000000000000, 0.000000000000000 ) );
#4575 = DIRECTION( '', ( -1.00000000000000, 0.000000000000000, 0.000000000000000 ) );
#4576 = DIRECTION( '', ( 0.000000000000000, 1.00000000000000, 0.000000000000000 ) );
#4577 = DIRECTION( '', ( -1.00000000000000, 0.000000000000000, 0.000000000000000 ) );
#4578 = DIRECTION( '', ( -1.00000000000000, 0.000000000000000, 0.000000000000000 ) );
#4579 = DIRECTION( '', ( 0.000000000000000, 1.00000000000000, 0.000000000000000 ) );
#4580 = DIRECTION( '', ( -1.00000000000000, 0.000000000000000, 0.000000000000000 ) );
#4581 = DIRECTION( '', ( 0.000000000000000, 1.00000000000000, 0.000000000000000 ) );
#4582 = DIRECTION( '', ( -1.00000000000000, 0.000000000000000, 0.000000000000000 ) );
#4583 = DIRECTION( '', ( 0.000000000000000, -1.00000000000000, 0.000000000000000 ) );
#4584 = DIRECTION( '', ( -1.00000000000000, 0.000000000000000, 0.000000000000000 ) );
#4585 = DIRECTION( '', ( 0.000000000000000, -1.00000000000000, 0.000000000000000 ) );
#4586 = DIRECTION( '', ( -1.00000000000000, 0.000000000000000, 0.000000000000000 ) );
#4587 = DIRECTION( '', ( 0.000000000000000, -1.00000000000000, 0.000000000000000 ) );
#4588 = DIRECTION( '', ( -1.00000000000000, 0.000000000000000, 0.000000000000000 ) );
#4589 = DIRECTION( '', ( 0.000000000000000, -1.00000000000000, 0.000000000000000 ) );
#4590 = DIRECTION( '', ( -1.00000000000000, 0.000000000000000, 0.000000000000000 ) );
#4591 = DIRECTION( '', ( -1.00000000000000, 0.000000000000000, 0.000000000000000 ) );
#4592 = DIRECTION( '', ( 0.000000000000000, -1.00000000000000, 0.000000000000000 ) );
#4593 = DIRECTION( '', ( -1.00000000000000, 0.000000000000000, 0.000000000000000 ) );
#4594 = DIRECTION( '', ( 0.000000000000000, -1.00000000000000, 0.000000000000000 ) );
#4595 = DIRECTION( '', ( -1.00000000000000, 0.000000000000000, 0.000000000000000 ) );
#4596 = DIRECTION( '', ( 0.000000000000000, -1.00000000000000, 0.000000000000000 ) );
#4597 = DIRECTION( '', ( -1.00000000000000, 0.000000000000000, 0.000000000000000 ) );
#4598 = DIRECTION( '', ( 0.000000000000000, -1.00000000000000, 0.000000000000000 ) );
#4599 = DIRECTION( '', ( 0.000000000000000, -1.00000000000000, 0.000000000000000 ) );
#4600 = DIRECTION( '', ( -1.00000000000000, 0.000000000000000, 0.000000000000000 ) );
#4601 = DIRECTION( '', ( 0.000000000000000, -1.00000000000000, 0.000000000000000 ) );
#4602 = DIRECTION( '', ( -1.00000000000000, 0.000000000000000, 0.000000000000000 ) );
#4603 = DIRECTION( '', ( 0.000000000000000, 1.00000000000000, 0.000000000000000 ) );
#4604 = DIRECTION( '', ( 0.000000000000000, 0.000000000000000, -1.00000000000000 ) );
#4605 = DIRECTION( '', ( 0.000000000000000, 0.000000000000000, -1.00000000000000 ) );
#4606 = DIRECTION( '', ( 0.000000000000000, 0.000000000000000, -1.00000000000000 ) );
#4607 = DIRECTION( '', ( 0.000000000000000, 0.000000000000000, 1.00000000000000 ) );
#4608 = DIRECTION( '', ( 0.000000000000000, 1.00000000000000, 0.000000000000000 ) );
#4609 = CARTESIAN_POINT( '', ( 0.000000000000000, -0.000939800000254000, 0.000000000000000 ) );
#4610 = DIRECTION( '', ( 0.000000000000000, -1.00000000000000, 0.000000000000000 ) );
#4611 = DIRECTION( '', ( 0.000000000000000, 0.000000000000000, 1.00000000000000 ) );
#4612 = CARTESIAN_POINT( '', ( 0.000000000000000, -0.00114300000025400, 0.000000000000000 ) );
#4613 = DIRECTION( '', ( 0.000000000000000, -1.00000000000000, 0.000000000000000 ) );
#4614 = DIRECTION( '', ( 0.000000000000000, 0.000000000000000, 1.00000000000000 ) );
#4615 = DIRECTION( '', ( 0.000000000000000, 1.00000000000000, 0.000000000000000 ) );
#4616 = DIRECTION( '', ( 0.000000000000000, 0.000000000000000, -1.00000000000000 ) );
#4617 = DIRECTION( '', ( 0.000000000000000, -1.00000000000000, 0.000000000000000 ) );
#4618 = DIRECTION( '', ( 0.000000000000000, 1.00000000000000, 0.000000000000000 ) );
#4619 = DIRECTION( '', ( 0.707106781186548, 0.000000000000000, -0.707106781186548 ) );
#4620 = DIRECTION( '', ( 0.000000000000000, -1.00000000000000, 0.000000000000000 ) );
#4621 = DIRECTION( '', ( -0.707106781186548, 0.000000000000000, 0.707106781186548 ) );
#4622 = DIRECTION( '', ( 0.000000000000000, 1.00000000000000, 0.000000000000000 ) );
#4623 = DIRECTION( '', ( 0.000000000000000, 0.000000000000000, 1.00000000000000 ) );
#4624 = DIRECTION( '', ( 0.000000000000000, 1.00000000000000, 0.000000000000000 ) );
#4625 = DIRECTION( '', ( 0.000000000000000, 0.000000000000000, -1.00000000000000 ) );
#4626 = DIRECTION( '', ( 0.000000000000000, 1.00000000000000, 0.000000000000000 ) );
#4627 = CARTESIAN_POINT( '', ( -0.00254000000025400, -0.000939800000254000, 0.000000000000000 ) );
#4628 = DIRECTION( '', ( 0.000000000000000, -1.00000000000000, 0.000000000000000 ) );
#4629 = DIRECTION( '', ( 0.000000000000000, 0.000000000000000, -1.00000000000000 ) );
#4630 = DIRECTION( '', ( 0.000000000000000, 1.00000000000000, 0.000000000000000 ) );
#4631 = CARTESIAN_POINT( '', ( -0.00254000000025400, -0.00114300000025400, 0.000000000000000 ) );
#4632 = DIRECTION( '', ( 0.000000000000000, -1.00000000000000, 0.000000000000000 ) );
#4633 = DIRECTION( '', ( 0.000000000000000, 0.000000000000000, -1.00000000000000 ) );
#4634 = DIRECTION( '', ( 0.000000000000000, -1.00000000000000, 0.000000000000000 ) );
#4635 = DIRECTION( '', ( 0.000000000000000, 0.000000000000000, -1.00000000000000 ) );
#4636 = DIRECTION( '', ( 0.000000000000000, 1.00000000000000, 0.000000000000000 ) );
#4637 = DIRECTION( '', ( 0.000000000000000, 0.000000000000000, 1.00000000000000 ) );
#4638 = DIRECTION( '', ( 0.000000000000000, -1.00000000000000, 0.000000000000000 ) );
#4639 = DIRECTION( '', ( 0.000000000000000, 0.000000000000000, -1.00000000000000 ) );
#4640 = DIRECTION( '', ( 0.000000000000000, 1.00000000000000, 0.000000000000000 ) );
#4641 = DIRECTION( '', ( 0.000000000000000, 0.000000000000000, -1.00000000000000 ) );
#4642 = DIRECTION( '', ( 0.000000000000000, -1.00000000000000, 0.000000000000000 ) );
#4643 = DIRECTION( '', ( 0.000000000000000, 0.000000000000000, 1.00000000000000 ) );
#4644 = DIRECTION( '', ( 0.000000000000000, -1.00000000000000, 0.000000000000000 ) );
#4645 = DIRECTION( '', ( 0.000000000000000, 0.000000000000000, 1.00000000000000 ) );
#4646 = DIRECTION( '', ( 0.181236628182535, -0.966595349259477, -0.181236628182535 ) );
#4647 = DIRECTION( '', ( -1.00000000000000, 0.000000000000000, 0.000000000000000 ) );
#4648 = DIRECTION( '', ( 0.181236628182535, 0.966595349259477, 0.181236628182535 ) );
#4649 = DIRECTION( '', ( -1.00000000000000, 0.000000000000000, 0.000000000000000 ) );
#4650 = DIRECTION( '', ( 0.000000000000000, -1.00000000000000, 0.000000000000000 ) );
#4651 = DIRECTION( '', ( 1.00000000000000, 0.000000000000000, 0.000000000000000 ) );
#4652 = DIRECTION( '', ( 0.000000000000000, -1.00000000000000, 0.000000000000000 ) );
#4653 = DIRECTION( '', ( -1.00000000000000, 0.000000000000000, 0.000000000000000 ) );
#4654 = DIRECTION( '', ( 0.181236628182535, 0.966595349259477, -0.181236628182535 ) );
#4655 = DIRECTION( '', ( 0.000000000000000, 0.000000000000000, -1.00000000000000 ) );
#4656 = DIRECTION( '', ( 0.181236628182535, 0.966595349259477, 0.181236628182535 ) );
#4657 = DIRECTION( '', ( 0.000000000000000, 0.000000000000000, -1.00000000000000 ) );
#4658 = DIRECTION( '', ( -0.181236628182535, 0.966595349259477, 0.181236628182535 ) );
#4659 = DIRECTION( '', ( -1.00000000000000, 0.000000000000000, 0.000000000000000 ) );
#4660 = DIRECTION( '', ( 0.181236628182535, 0.966595349259477, 0.181236628182535 ) );
#4661 = DIRECTION( '', ( -1.00000000000000, 0.000000000000000, 0.000000000000000 ) );
#4662 = DIRECTION( '', ( -1.00000000000000, 0.000000000000000, 0.000000000000000 ) );
#4663 = DIRECTION( '', ( 0.000000000000000, 0.000000000000000, 1.00000000000000 ) );
#4664 = DIRECTION( '', ( -1.00000000000000, 0.000000000000000, 0.000000000000000 ) );
#4665 = DIRECTION( '', ( 0.000000000000000, 1.00000000000000, 0.000000000000000 ) );
#4666 = DIRECTION( '', ( 1.00000000000000, 0.000000000000000, 0.000000000000000 ) );
#4667 = DIRECTION( '', ( 0.000000000000000, 1.00000000000000, 0.000000000000000 ) );
#4668 = DIRECTION( '', ( -1.00000000000000, 0.000000000000000, 0.000000000000000 ) );
#4669 = DIRECTION( '', ( 0.000000000000000, 1.00000000000000, 0.000000000000000 ) );
#4670 = DIRECTION( '', ( 0.000000000000000, 0.000000000000000, -1.00000000000000 ) );
#4671 = DIRECTION( '', ( 0.000000000000000, -1.00000000000000, 0.000000000000000 ) );
#4672 = DIRECTION( '', ( 0.000000000000000, 0.000000000000000, -1.00000000000000 ) );
#4673 = DIRECTION( '', ( -1.00000000000000, 0.000000000000000, 0.000000000000000 ) );
#4674 = DIRECTION( '', ( 0.000000000000000, 0.000000000000000, -1.00000000000000 ) );
#4675 = DIRECTION( '', ( -1.00000000000000, 0.000000000000000, 0.000000000000000 ) );
#4676 = DIRECTION( '', ( 0.000000000000000, 0.000000000000000, -1.00000000000000 ) );
#4677 = CARTESIAN_POINT( '', ( -0.00254000000025400, 0.00114300000025400, 0.000000000000000 ) );
#4678 = DIRECTION( '', ( 0.000000000000000, 1.00000000000000, 0.000000000000000 ) );
#4679 = DIRECTION( '', ( 0.000000000000000, 0.000000000000000, -1.00000000000000 ) );
#4680 = DIRECTION( '', ( 0.000000000000000, 0.000000000000000, 1.00000000000000 ) );
#4681 = DIRECTION( '', ( 0.000000000000000, -1.00000000000000, 0.000000000000000 ) );
#4682 = DIRECTION( '', ( 0.000000000000000, 0.000000000000000, 1.00000000000000 ) );
#4683 = DIRECTION( '', ( 0.000000000000000, -1.00000000000000, 0.000000000000000 ) );
#4684 = DIRECTION( '', ( 0.000000000000000, 0.000000000000000, 1.00000000000000 ) );
#4685 = DIRECTION( '', ( 0.000000000000000, -1.00000000000000, 0.000000000000000 ) );
#4686 = DIRECTION( '', ( 0.000000000000000, 0.000000000000000, 1.00000000000000 ) );
#4687 = DIRECTION( '', ( 0.000000000000000, -1.00000000000000, 0.000000000000000 ) );
#4688 = DIRECTION( '', ( 0.000000000000000, 0.000000000000000, 1.00000000000000 ) );
#4689 = DIRECTION( '', ( 0.000000000000000, -1.00000000000000, 0.000000000000000 ) );
#4690 = DIRECTION( '', ( 0.000000000000000, 0.000000000000000, 1.00000000000000 ) );
#4691 = DIRECTION( '', ( 0.000000000000000, -1.00000000000000, 0.000000000000000 ) );
#4692 = DIRECTION( '', ( 0.000000000000000, 0.000000000000000, -1.00000000000000 ) );
#4693 = DIRECTION( '', ( 0.000000000000000, -1.00000000000000, 0.000000000000000 ) );
#4694 = DIRECTION( '', ( 0.000000000000000, 0.000000000000000, -1.00000000000000 ) );
#4695 = DIRECTION( '', ( 0.000000000000000, -1.00000000000000, 0.000000000000000 ) );
#4696 = DIRECTION( '', ( 0.000000000000000, 0.000000000000000, -1.00000000000000 ) );
#4697 = DIRECTION( '', ( 0.000000000000000, 0.000000000000000, 1.00000000000000 ) );
#4698 = DIRECTION( '', ( -1.00000000000000, 0.000000000000000, 0.000000000000000 ) );
#4699 = DIRECTION( '', ( 0.796162194049440, 0.000000000000000, -0.605083267630482 ) );
#4700 = DIRECTION( '', ( -1.00000000000000, 0.000000000000000, 0.000000000000000 ) );
#4701 = DIRECTION( '', ( -0.707106781186548, 0.000000000000000, -0.707106781186548 ) );
#4702 = DIRECTION( '', ( -0.707106781186548, 0.000000000000000, 0.707106781186548 ) );
#4703 = DIRECTION( '', ( -1.00000000000000, 0.000000000000000, 0.000000000000000 ) );
#4704 = DIRECTION( '', ( -0.707106781186548, 0.000000000000000, -0.707106781186548 ) );
#4705 = DIRECTION( '', ( -0.707106781186548, 0.000000000000000, 0.707106781186548 ) );
#4706 = DIRECTION( '', ( -1.00000000000000, 0.000000000000000, 0.000000000000000 ) );
#4707 = DIRECTION( '', ( 0.796162194049440, 0.000000000000000, 0.605083267630482 ) );
#4708 = DIRECTION( '', ( -1.00000000000000, 0.000000000000000, 0.000000000000000 ) );
#4709 = DIRECTION( '', ( 1.00000000000000, 0.000000000000000, 0.000000000000000 ) );
#4710 = DIRECTION( '', ( -0.796162194049440, 0.000000000000000, 0.605083267630482 ) );
#4711 = DIRECTION( '', ( -1.00000000000000, 0.000000000000000, 0.000000000000000 ) );
#4712 = DIRECTION( '', ( 0.707106781186548, 0.000000000000000, 0.707106781186548 ) );
#4713 = DIRECTION( '', ( -1.00000000000000, 0.000000000000000, 0.000000000000000 ) );
#4714 = DIRECTION( '', ( 0.707106781186548, 0.000000000000000, 0.707106781186548 ) );
#4715 = DIRECTION( '', ( 0.707106781186548, 0.000000000000000, -0.707106781186548 ) );
#4716 = DIRECTION( '', ( -1.00000000000000, 0.000000000000000, 0.000000000000000 ) );
#4717 = DIRECTION( '', ( 0.000000000000000, 0.000000000000000, 1.00000000000000 ) );
#4718 = DIRECTION( '', ( 0.000000000000000, 0.000000000000000, -1.00000000000000 ) );
#4719 = CARTESIAN_POINT( '', ( -0.00254000000025400, -0.000939800000254000, 0.000000000000000 ) );
#4720 = DIRECTION( '', ( 0.000000000000000, -1.00000000000000, 0.000000000000000 ) );
#4721 = DIRECTION( '', ( 0.000000000000000, 0.000000000000000, 1.00000000000000 ) );
#4722 = DIRECTION( '', ( 0.000000000000000, 0.000000000000000, -1.00000000000000 ) );
#4723 = DIRECTION( '', ( 0.000000000000000, 0.000000000000000, -1.00000000000000 ) );
#4724 = DIRECTION( '', ( 0.000000000000000, 0.000000000000000, 1.00000000000000 ) );
#4725 = CARTESIAN_POINT( '', ( 0.000000000000000, -0.000939800000254000, 0.000000000000000 ) );
#4726 = DIRECTION( '', ( 0.000000000000000, -1.00000000000000, 0.000000000000000 ) );
#4727 = DIRECTION( '', ( 0.000000000000000, 0.000000000000000, -1.00000000000000 ) );
#4728 = DIRECTION( '', ( -1.00000000000000, 0.000000000000000, 0.000000000000000 ) );
#4729 = DIRECTION( '', ( 0.000000000000000, 0.000000000000000, -1.00000000000000 ) );
#4730 = DIRECTION( '', ( 0.000000000000000, 0.000000000000000, -1.00000000000000 ) );
#4731 = DIRECTION( '', ( 0.000000000000000, 0.000000000000000, -1.00000000000000 ) );
#4732 = DIRECTION( '', ( 0.000000000000000, 0.000000000000000, -1.00000000000000 ) );
#4733 = DIRECTION( '', ( 0.000000000000000, 0.000000000000000, -1.00000000000000 ) );
#4734 = DIRECTION( '', ( 0.000000000000000, 0.000000000000000, 1.00000000000000 ) );
#4735 = DIRECTION( '', ( 0.000000000000000, 0.000000000000000, 1.00000000000000 ) );
#4736 = DIRECTION( '', ( 1.00000000000000, 0.000000000000000, 0.000000000000000 ) );
#4737 = DIRECTION( '', ( 0.000000000000000, 0.000000000000000, -1.00000000000000 ) );
#4738 = DIRECTION( '', ( 1.00000000000000, 0.000000000000000, 0.000000000000000 ) );
#4739 = DIRECTION( '', ( 0.000000000000000, 0.000000000000000, -1.00000000000000 ) );
#4740 = DIRECTION( '', ( 1.00000000000000, 0.000000000000000, 0.000000000000000 ) );
#4741 = DIRECTION( '', ( 0.000000000000000, 0.000000000000000, -1.00000000000000 ) );
#4742 = DIRECTION( '', ( 1.00000000000000, 0.000000000000000, 0.000000000000000 ) );
#4743 = DIRECTION( '', ( 0.000000000000000, 0.000000000000000, -1.00000000000000 ) );
#4744 = DIRECTION( '', ( 1.00000000000000, 0.000000000000000, 0.000000000000000 ) );
#4745 = DIRECTION( '', ( 0.000000000000000, 0.000000000000000, -1.00000000000000 ) );
#4746 = DIRECTION( '', ( 0.000000000000000, 0.000000000000000, -1.00000000000000 ) );
#4747 = DIRECTION( '', ( -0.181236628182535, 0.966595349259477, -0.181236628182535 ) );
#4748 = DIRECTION( '', ( 0.000000000000000, 0.000000000000000, 1.00000000000000 ) );
#4749 = DIRECTION( '', ( 0.000000000000000, 0.000000000000000, 1.00000000000000 ) );
#4750 = DIRECTION( '', ( -0.181236628182535, -0.966595349259477, 0.181236628182535 ) );
#4751 = DIRECTION( '', ( -1.00000000000000, 0.000000000000000, 0.000000000000000 ) );
#4752 = DIRECTION( '', ( -1.00000000000000, 0.000000000000000, 0.000000000000000 ) );
#4753 = DIRECTION( '', ( 0.000000000000000, 0.000000000000000, 1.00000000000000 ) );
#4754 = DIRECTION( '', ( -1.00000000000000, 0.000000000000000, 0.000000000000000 ) );
#4755 = DIRECTION( '', ( -0.707106781186548, 0.000000000000000, 0.707106781186548 ) );
#4756 = DIRECTION( '', ( -0.707106781186548, 0.000000000000000, -0.707106781186548 ) );
#4757 = DIRECTION( '', ( -1.00000000000000, 0.000000000000000, 0.000000000000000 ) );
#4758 = DIRECTION( '', ( -0.707106781186548, 0.000000000000000, -0.707106781186548 ) );
#4759 = DIRECTION( '', ( -1.00000000000000, 0.000000000000000, 0.000000000000000 ) );
#4760 = DIRECTION( '', ( -0.796162194049440, 0.000000000000000, 0.605083267630482 ) );
#4761 = DIRECTION( '', ( 1.00000000000000, 0.000000000000000, 0.000000000000000 ) );
#4762 = DIRECTION( '', ( -1.00000000000000, 0.000000000000000, 0.000000000000000 ) );
#4763 = DIRECTION( '', ( 0.000000000000000, 0.000000000000000, -1.00000000000000 ) );
#4764 = CARTESIAN_POINT( '', ( 0.00254000000025400, 0.000939800000254000, 0.000000000000000 ) );
#4765 = DIRECTION( '', ( 0.000000000000000, 1.00000000000000, 0.000000000000000 ) );
#4766 = DIRECTION( '', ( 0.000000000000000, 0.000000000000000, 1.00000000000000 ) );
#4767 = DIRECTION( '', ( 0.000000000000000, 0.000000000000000, -1.00000000000000 ) );
#4768 = DIRECTION( '', ( -1.00000000000000, 0.000000000000000, 0.000000000000000 ) );
#4769 = DIRECTION( '', ( -1.00000000000000, 0.000000000000000, 0.000000000000000 ) );
#4770 = DIRECTION( '', ( 0.796162194049440, 0.000000000000000, 0.605083267630482 ) );
#4771 = DIRECTION( '', ( -1.00000000000000, 0.000000000000000, 0.000000000000000 ) );
#4772 = DIRECTION( '', ( 0.707106781186548, 0.000000000000000, -0.707106781186548 ) );
#4773 = DIRECTION( '', ( 0.707106781186548, 0.000000000000000, 0.707106781186548 ) );
#4774 = DIRECTION( '', ( -1.00000000000000, 0.000000000000000, 0.000000000000000 ) );
#4775 = DIRECTION( '', ( 0.707106781186548, 0.000000000000000, -0.707106781186548 ) );
#4776 = DIRECTION( '', ( 0.707106781186548, 0.000000000000000, 0.707106781186548 ) );
#4777 = DIRECTION( '', ( -1.00000000000000, 0.000000000000000, 0.000000000000000 ) );
#4778 = DIRECTION( '', ( 0.796162194049440, 0.000000000000000, -0.605083267630482 ) );
#4779 = DIRECTION( '', ( -1.00000000000000, 0.000000000000000, 0.000000000000000 ) );
#4780 = DIRECTION( '', ( 0.000000000000000, 0.000000000000000, 1.00000000000000 ) );
#4781 = DIRECTION( '', ( -1.00000000000000, 0.000000000000000, 0.000000000000000 ) );
#4782 = DIRECTION( '', ( 0.000000000000000, 0.000000000000000, 1.00000000000000 ) );
#4783 = CARTESIAN_POINT( '', ( -0.00254000000025400, 0.000939800000254000, 0.000000000000000 ) );
#4784 = DIRECTION( '', ( 0.000000000000000, 1.00000000000000, 0.000000000000000 ) );
#4785 = DIRECTION( '', ( 0.000000000000000, 0.000000000000000, -1.00000000000000 ) );
#4786 = DIRECTION( '', ( 0.000000000000000, 0.000000000000000, 1.00000000000000 ) );
#4787 = DIRECTION( '', ( -1.00000000000000, 0.000000000000000, 0.000000000000000 ) );
#4788 = DIRECTION( '', ( 0.000000000000000, 0.000000000000000, -1.00000000000000 ) );
#4789 = DIRECTION( '', ( -1.00000000000000, 0.000000000000000, 0.000000000000000 ) );
#4790 = CARTESIAN_POINT( '', ( 0.000000000000000, 0.000939800000254000, 0.000000000000000 ) );
#4791 = DIRECTION( '', ( 0.000000000000000, 1.00000000000000, 0.000000000000000 ) );
#4792 = DIRECTION( '', ( 0.000000000000000, 0.000000000000000, -1.00000000000000 ) );
#4793 = DIRECTION( '', ( 0.000000000000000, 0.000000000000000, 1.00000000000000 ) );
#4794 = DIRECTION( '', ( -1.00000000000000, 0.000000000000000, 0.000000000000000 ) );
#4795 = DIRECTION( '', ( -1.00000000000000, 0.000000000000000, 0.000000000000000 ) );
#4796 = DIRECTION( '', ( 0.000000000000000, 0.000000000000000, 1.00000000000000 ) );
#4797 = CARTESIAN_POINT( '', ( 0.00254000000025400, 0.000939800000254000, 0.000000000000000 ) );
#4798 = DIRECTION( '', ( 0.000000000000000, 1.00000000000000, 0.000000000000000 ) );
#4799 = DIRECTION( '', ( 0.000000000000000, 0.000000000000000, -1.00000000000000 ) );
#4800 = DIRECTION( '', ( 0.000000000000000, 0.000000000000000, 1.00000000000000 ) );
#4801 = DIRECTION( '', ( -1.00000000000000, 0.000000000000000, 0.000000000000000 ) );
#4802 = DIRECTION( '', ( 0.000000000000000, 0.000000000000000, -1.00000000000000 ) );
#4803 = DIRECTION( '', ( -1.00000000000000, 0.000000000000000, 0.000000000000000 ) );
#4804 = DIRECTION( '', ( 0.000000000000000, 0.000000000000000, -1.00000000000000 ) );
#4805 = CARTESIAN_POINT( '', ( 0.000000000000000, 0.000939800000254000, 0.000000000000000 ) );
#4806 = DIRECTION( '', ( 0.000000000000000, 1.00000000000000, 0.000000000000000 ) );
#4807 = DIRECTION( '', ( 0.000000000000000, 0.000000000000000, 1.00000000000000 ) );
#4808 = DIRECTION( '', ( 0.000000000000000, 0.000000000000000, -1.00000000000000 ) );
#4809 = DIRECTION( '', ( -1.00000000000000, 0.000000000000000, 0.000000000000000 ) );
#4810 = DIRECTION( '', ( -1.00000000000000, 0.000000000000000, 0.000000000000000 ) );
#4811 = DIRECTION( '', ( 0.000000000000000, 0.000000000000000, -1.00000000000000 ) );
#4812 = CARTESIAN_POINT( '', ( -0.00254000000025400, 0.000939800000254000, 0.000000000000000 ) );
#4813 = DIRECTION( '', ( 0.000000000000000, 1.00000000000000, 0.000000000000000 ) );
#4814 = DIRECTION( '', ( 0.000000000000000, 0.000000000000000, 1.00000000000000 ) );
#4815 = DIRECTION( '', ( 0.000000000000000, 0.000000000000000, -1.00000000000000 ) );
#4816 = DIRECTION( '', ( -1.00000000000000, 0.000000000000000, 0.000000000000000 ) );
#4817 = DIRECTION( '', ( 1.00000000000000, 0.000000000000000, 0.000000000000000 ) );
#4818 = DIRECTION( '', ( 0.000000000000000, 0.000000000000000, -1.00000000000000 ) );
#4819 = DIRECTION( '', ( 1.00000000000000, 0.000000000000000, 0.000000000000000 ) );
#4820 = DIRECTION( '', ( 0.000000000000000, 0.000000000000000, -1.00000000000000 ) );
#4821 = DIRECTION( '', ( 1.00000000000000, 0.000000000000000, 0.000000000000000 ) );
#4822 = DIRECTION( '', ( 0.000000000000000, 0.000000000000000, -1.00000000000000 ) );
#4823 = DIRECTION( '', ( 0.000000000000000, 0.000000000000000, -1.00000000000000 ) );
#4824 = DIRECTION( '', ( 1.00000000000000, 0.000000000000000, 0.000000000000000 ) );
#4825 = DIRECTION( '', ( 1.00000000000000, 0.000000000000000, 0.000000000000000 ) );
#4826 = DIRECTION( '', ( -1.00000000000000, 0.000000000000000, 0.000000000000000 ) );
#4827 = DIRECTION( '', ( 0.000000000000000, -1.00000000000000, 0.000000000000000 ) );
#4828 = DIRECTION( '', ( 0.000000000000000, -1.00000000000000, 0.000000000000000 ) );
#4829 = DIRECTION( '', ( 0.000000000000000, -1.00000000000000, 0.000000000000000 ) );
#4830 = DIRECTION( '', ( 0.000000000000000, -1.00000000000000, 0.000000000000000 ) );
#4831 = DIRECTION( '', ( -1.00000000000000, 0.000000000000000, 0.000000000000000 ) );
#4832 = DIRECTION( '', ( -1.00000000000000, 0.000000000000000, 0.000000000000000 ) );
#4833 = DIRECTION( '', ( 0.000000000000000, -1.00000000000000, 0.000000000000000 ) );
#4834 = DIRECTION( '', ( 0.000000000000000, -1.00000000000000, 0.000000000000000 ) );
#4835 = DIRECTION( '', ( -1.00000000000000, 0.000000000000000, 0.000000000000000 ) );
#4836 = DIRECTION( '', ( 0.000000000000000, -1.00000000000000, 0.000000000000000 ) );
#4837 = DIRECTION( '', ( -1.00000000000000, 0.000000000000000, 0.000000000000000 ) );
#4838 = DIRECTION( '', ( 0.000000000000000, -1.00000000000000, 0.000000000000000 ) );
#4839 = DIRECTION( '', ( 0.000000000000000, -1.00000000000000, 0.000000000000000 ) );
#4840 = DIRECTION( '', ( 0.000000000000000, 0.000000000000000, 1.00000000000000 ) );
#4841 = DIRECTION( '', ( 0.000000000000000, -1.00000000000000, 0.000000000000000 ) );
#4842 = DIRECTION( '', ( 0.000000000000000, 1.00000000000000, 0.000000000000000 ) );
#4843 = DIRECTION( '', ( 0.000000000000000, 0.000000000000000, -1.00000000000000 ) );
#4844 = CARTESIAN_POINT( '', ( 0.00254000000025400, 0.00114300000025400, 0.000000000000000 ) );
#4845 = DIRECTION( '', ( 0.000000000000000, 1.00000000000000, 0.000000000000000 ) );
#4846 = DIRECTION( '', ( 0.000000000000000, 0.000000000000000, 1.00000000000000 ) );
#4847 = DIRECTION( '', ( 0.000000000000000, 1.00000000000000, 0.000000000000000 ) );
#4848 = DIRECTION( '', ( 0.000000000000000, 0.000000000000000, 1.00000000000000 ) );
#4849 = DIRECTION( '', ( 0.000000000000000, 0.000000000000000, 1.00000000000000 ) );
#4850 = DIRECTION( '', ( 0.000000000000000, -1.00000000000000, 0.000000000000000 ) );
#4851 = DIRECTION( '', ( 0.000000000000000, 0.000000000000000, 1.00000000000000 ) );
#4852 = DIRECTION( '', ( 0.000000000000000, -1.00000000000000, 0.000000000000000 ) );
#4853 = DIRECTION( '', ( 0.000000000000000, -1.00000000000000, 0.000000000000000 ) );
#4854 = DIRECTION( '', ( 0.000000000000000, -1.00000000000000, 0.000000000000000 ) );
#4855 = DIRECTION( '', ( 0.000000000000000, 0.000000000000000, -1.00000000000000 ) );
#4856 = DIRECTION( '', ( -1.00000000000000, 0.000000000000000, 0.000000000000000 ) );
#4857 = DIRECTION( '', ( 0.000000000000000, 0.000000000000000, 1.00000000000000 ) );
#4858 = DIRECTION( '', ( -1.00000000000000, 0.000000000000000, 0.000000000000000 ) );
#4859 = DIRECTION( '', ( -0.181236628182535, 0.966595349259477, -0.181236628182535 ) );
#4860 = DIRECTION( '', ( -1.00000000000000, 0.000000000000000, 0.000000000000000 ) );
#4861 = DIRECTION( '', ( -0.181236628182535, -0.966595349259477, 0.181236628182535 ) );
#4862 = DIRECTION( '', ( -1.00000000000000, 0.000000000000000, 0.000000000000000 ) );
#4863 = DIRECTION( '', ( 0.000000000000000, 1.00000000000000, 0.000000000000000 ) );
#4864 = CARTESIAN_POINT( '', ( 0.000000000000000, -0.00114300000025400, 0.000000000000000 ) );
#4865 = DIRECTION( '', ( 0.000000000000000, -1.00000000000000, 0.000000000000000 ) );
#4866 = DIRECTION( '', ( 0.000000000000000, 0.000000000000000, -1.00000000000000 ) );
#4867 = DIRECTION( '', ( -1.00000000000000, 0.000000000000000, 0.000000000000000 ) );
#4868 = DIRECTION( '', ( 0.000000000000000, 0.000000000000000, 1.00000000000000 ) );
#4869 = DIRECTION( '', ( -1.00000000000000, 0.000000000000000, 0.000000000000000 ) );
#4870 = DIRECTION( '', ( 0.181236628182535, -0.966595349259477, -0.181236628182535 ) );
#4871 = DIRECTION( '', ( -1.00000000000000, 0.000000000000000, 0.000000000000000 ) );
#4872 = DIRECTION( '', ( -0.181236628182535, 0.966595349259477, -0.181236628182535 ) );
#4873 = DIRECTION( '', ( -0.181236628182535, 0.966595349259477, 0.181236628182535 ) );
#4874 = DIRECTION( '', ( 0.000000000000000, 0.000000000000000, 1.00000000000000 ) );
#4875 = DIRECTION( '', ( 0.640184399714855, 0.768221279555397, 0.000000000000000 ) );
#4876 = DIRECTION( '', ( 0.640184399714855, 0.768221279555397, 0.000000000000000 ) );
#4877 = DIRECTION( '', ( -1.00000000000000, 0.000000000000000, 0.000000000000000 ) );
#4878 = DIRECTION( '', ( 0.000000000000000, 1.00000000000000, 0.000000000000000 ) );
#4879 = DIRECTION( '', ( 0.000000000000000, 1.00000000000000, 0.000000000000000 ) );
#4880 = DIRECTION( '', ( 0.000000000000000, 1.00000000000000, 0.000000000000000 ) );
#4881 = CARTESIAN_POINT( '', ( -0.00254000000025400, -0.00114300000025400, 0.000000000000000 ) );
#4882 = DIRECTION( '', ( 0.000000000000000, -1.00000000000000, 0.000000000000000 ) );
#4883 = DIRECTION( '', ( 0.000000000000000, 0.000000000000000, 1.00000000000000 ) );
#4884 = DIRECTION( '', ( 0.000000000000000, -1.00000000000000, 0.000000000000000 ) );
#4885 = DIRECTION( '', ( 0.000000000000000, -1.00000000000000, 0.000000000000000 ) );
#4886 = CARTESIAN_POINT( '', ( 0.00254000000025400, 0.00114300000025400, 0.000000000000000 ) );
#4887 = DIRECTION( '', ( 0.000000000000000, 1.00000000000000, 0.000000000000000 ) );
#4888 = DIRECTION( '', ( 0.000000000000000, 0.000000000000000, -1.00000000000000 ) );
#4889 = DIRECTION( '', ( 0.000000000000000, 1.00000000000000, 0.000000000000000 ) );
#4890 = DIRECTION( '', ( 0.000000000000000, 0.000000000000000, -1.00000000000000 ) );
#4891 = DIRECTION( '', ( 0.000000000000000, 1.00000000000000, 0.000000000000000 ) );
#4892 = DIRECTION( '', ( 0.000000000000000, -1.00000000000000, 0.000000000000000 ) );
#4893 = CARTESIAN_POINT( '', ( 0.000000000000000, 0.00114300000025400, 0.000000000000000 ) );
#4894 = DIRECTION( '', ( 0.000000000000000, 1.00000000000000, 0.000000000000000 ) );
#4895 = DIRECTION( '', ( 0.000000000000000, 0.000000000000000, -1.00000000000000 ) );
#4896 = DIRECTION( '', ( 0.000000000000000, -1.00000000000000, 0.000000000000000 ) );
#4897 = DIRECTION( '', ( 0.000000000000000, -1.00000000000000, 0.000000000000000 ) );
#4898 = DIRECTION( '', ( 0.000000000000000, 0.000000000000000, -1.00000000000000 ) );
#4899 = DIRECTION( '', ( 0.000000000000000, -1.00000000000000, 0.000000000000000 ) );
#4900 = DIRECTION( '', ( 0.000000000000000, 1.00000000000000, 0.000000000000000 ) );
#4901 = DIRECTION( '', ( 0.000000000000000, -1.00000000000000, 0.000000000000000 ) );
#4902 = DIRECTION( '', ( 0.000000000000000, 0.000000000000000, -1.00000000000000 ) );
#4903 = DIRECTION( '', ( 0.000000000000000, -1.00000000000000, 0.000000000000000 ) );
#4904 = DIRECTION( '', ( 0.000000000000000, 1.00000000000000, 0.000000000000000 ) );
#4905 = DIRECTION( '', ( 0.000000000000000, -1.00000000000000, 0.000000000000000 ) );
#4906 = DIRECTION( '', ( 0.000000000000000, -1.00000000000000, 0.000000000000000 ) );
#4907 = CARTESIAN_POINT( '', ( -0.00254000000025400, 0.00114300000025400, 0.000000000000000 ) );
#4908 = DIRECTION( '', ( 0.000000000000000, 1.00000000000000, 0.000000000000000 ) );
#4909 = DIRECTION( '', ( 0.000000000000000, 0.000000000000000, 1.00000000000000 ) );
#4910 = DIRECTION( '', ( 0.000000000000000, 1.00000000000000, 0.000000000000000 ) );
#4911 = DIRECTION( '', ( 0.000000000000000, 0.000000000000000, -1.00000000000000 ) );
#4912 = DIRECTION( '', ( 0.000000000000000, 0.000000000000000, 1.00000000000000 ) );
#4913 = DIRECTION( '', ( 0.000000000000000, 1.00000000000000, 0.000000000000000 ) );
#4914 = DIRECTION( '', ( 0.000000000000000, 1.00000000000000, 0.000000000000000 ) );
#4915 = DIRECTION( '', ( 0.000000000000000, 0.000000000000000, -1.00000000000000 ) );
#4916 = DIRECTION( '', ( -1.00000000000000, 0.000000000000000, 0.000000000000000 ) );
#4917 = DIRECTION( '', ( 0.000000000000000, 0.000000000000000, 1.00000000000000 ) );
#4918 = DIRECTION( '', ( 0.000000000000000, 0.000000000000000, -1.00000000000000 ) );
#4919 = DIRECTION( '', ( -0.181236628182535, -0.966595349259477, 0.181236628182535 ) );
#4920 = DIRECTION( '', ( -0.181236628182535, -0.966595349259477, 0.181236628182535 ) );
#4921 = DIRECTION( '', ( 0.000000000000000, 0.000000000000000, -1.00000000000000 ) );
#4922 = DIRECTION( '', ( 0.181236628182535, 0.966595349259477, 0.181236628182535 ) );
#4923 = DIRECTION( '', ( 0.640184399714855, -0.768221279555397, 0.000000000000000 ) );
#4924 = DIRECTION( '', ( 0.000000000000000, 0.000000000000000, -1.00000000000000 ) );
#4925 = DIRECTION( '', ( 0.000000000000000, -1.00000000000000, 0.000000000000000 ) );
#4926 = DIRECTION( '', ( 0.000000000000000, 1.00000000000000, 0.000000000000000 ) );
#4927 = DIRECTION( '', ( 0.000000000000000, 0.000000000000000, 1.00000000000000 ) );
#4928 = DIRECTION( '', ( 0.000000000000000, -1.00000000000000, 0.000000000000000 ) );
#4929 = DIRECTION( '', ( 0.000000000000000, 1.00000000000000, 0.000000000000000 ) );
#4930 = DIRECTION( '', ( -1.00000000000000, 0.000000000000000, 0.000000000000000 ) );
#4931 = DIRECTION( '', ( -1.00000000000000, 0.000000000000000, 0.000000000000000 ) );
#4932 = DIRECTION( '', ( 0.000000000000000, 1.00000000000000, 0.000000000000000 ) );
#4933 = DIRECTION( '', ( 0.000000000000000, 0.000000000000000, -1.00000000000000 ) );
#4934 = DIRECTION( '', ( -0.181236628182535, 0.966595349259477, -0.181236628182535 ) );
#4935 = DIRECTION( '', ( -1.00000000000000, 0.000000000000000, 0.000000000000000 ) );
#4936 = DIRECTION( '', ( 0.000000000000000, 1.00000000000000, 0.000000000000000 ) );
#4937 = DIRECTION( '', ( 0.000000000000000, 0.000000000000000, 1.00000000000000 ) );
#4938 = DIRECTION( '', ( 0.000000000000000, 0.000000000000000, 1.00000000000000 ) );
#4939 = DIRECTION( '', ( -1.00000000000000, 0.000000000000000, 0.000000000000000 ) );
#4940 = DIRECTION( '', ( 0.000000000000000, 0.000000000000000, 1.00000000000000 ) );
#4941 = DIRECTION( '', ( 0.000000000000000, 0.000000000000000, 1.00000000000000 ) );
#4942 = DIRECTION( '', ( 0.000000000000000, 0.000000000000000, 1.00000000000000 ) );
#4943 = DIRECTION( '', ( 0.000000000000000, 0.000000000000000, 1.00000000000000 ) );
#4944 = DIRECTION( '', ( 0.000000000000000, 0.000000000000000, -1.00000000000000 ) );
#4945 = DIRECTION( '', ( 0.000000000000000, 0.000000000000000, 1.00000000000000 ) );
#4946 = DIRECTION( '', ( 0.000000000000000, 0.000000000000000, -1.00000000000000 ) );
#4947 = DIRECTION( '', ( 0.000000000000000, 0.000000000000000, 1.00000000000000 ) );
#4948 = DIRECTION( '', ( -1.00000000000000, 0.000000000000000, 0.000000000000000 ) );
#4949 = DIRECTION( '', ( 0.000000000000000, -1.00000000000000, 0.000000000000000 ) );
#4950 = DIRECTION( '', ( 0.000000000000000, -1.00000000000000, 0.000000000000000 ) );
#4951 = DIRECTION( '', ( 0.000000000000000, -1.00000000000000, 0.000000000000000 ) );
#4952 = DIRECTION( '', ( 0.000000000000000, -1.00000000000000, 0.000000000000000 ) );
#4953 = DIRECTION( '', ( 0.640184399714855, -0.768221279555397, 0.000000000000000 ) );
#4954 = DIRECTION( '', ( 0.000000000000000, -1.00000000000000, 0.000000000000000 ) );
#4955 = DIRECTION( '', ( 0.000000000000000, 1.00000000000000, 0.000000000000000 ) );
#4956 = DIRECTION( '', ( 0.000000000000000, 0.000000000000000, 1.00000000000000 ) );
#4957 = DIRECTION( '', ( -0.181236628182535, 0.966595349259477, -0.181236628182535 ) );
#4958 = DIRECTION( '', ( -1.00000000000000, 0.000000000000000, 0.000000000000000 ) );
#4959 = DIRECTION( '', ( 0.000000000000000, 1.00000000000000, 0.000000000000000 ) );
#4960 = DIRECTION( '', ( 0.000000000000000, 0.000000000000000, -1.00000000000000 ) );
#4961 = DIRECTION( '', ( -0.181236628182535, 0.966595349259477, -0.181236628182535 ) );
#4962 = DIRECTION( '', ( 0.000000000000000, 0.000000000000000, -1.00000000000000 ) );
#4963 = DIRECTION( '', ( 0.000000000000000, 1.00000000000000, 0.000000000000000 ) );
#4964 = DIRECTION( '', ( 0.000000000000000, 0.000000000000000, -1.00000000000000 ) );
#4965 = DIRECTION( '', ( 0.000000000000000, 0.000000000000000, 1.00000000000000 ) );
#4966 = DIRECTION( '', ( -1.00000000000000, 0.000000000000000, 0.000000000000000 ) );
#4967 = DIRECTION( '', ( -1.00000000000000, 0.000000000000000, 0.000000000000000 ) );
#4968 = DIRECTION( '', ( 0.000000000000000, -1.00000000000000, 0.000000000000000 ) );
#4969 = DIRECTION( '', ( 0.000000000000000, -1.00000000000000, 0.000000000000000 ) );
#4970 = DIRECTION( '', ( 0.000000000000000, -1.00000000000000, 0.000000000000000 ) );
#4971 = DIRECTION( '', ( 0.000000000000000, -1.00000000000000, 0.000000000000000 ) );
#4972 = DIRECTION( '', ( 0.000000000000000, -1.00000000000000, 0.000000000000000 ) );
#4973 = DIRECTION( '', ( -1.00000000000000, 0.000000000000000, 0.000000000000000 ) );
#4974 = DIRECTION( '', ( 0.181236628182535, 0.966595349259477, 0.181236628182535 ) );
#4975 = DIRECTION( '', ( 0.000000000000000, 0.000000000000000, -1.00000000000000 ) );
#4976 = DIRECTION( '', ( -0.181236628182535, 0.966595349259477, 0.181236628182535 ) );
#4977 = DIRECTION( '', ( 0.000000000000000, 0.000000000000000, 1.00000000000000 ) );
#4978 = DIRECTION( '', ( 0.181236628182535, -0.966595349259477, -0.181236628182535 ) );
#4979 = DIRECTION( '', ( 0.000000000000000, -1.00000000000000, 0.000000000000000 ) );
#4980 = DIRECTION( '', ( 0.000000000000000, 1.00000000000000, 0.000000000000000 ) );
#4981 = DIRECTION( '', ( 0.000000000000000, 0.000000000000000, -1.00000000000000 ) );
#4982 = DIRECTION( '', ( 0.000000000000000, 1.00000000000000, 0.000000000000000 ) );
#4983 = CARTESIAN_POINT( '', ( 0.000000000000000, 0.00114300000025400, 0.000000000000000 ) );
#4984 = DIRECTION( '', ( 0.000000000000000, 1.00000000000000, 0.000000000000000 ) );
#4985 = DIRECTION( '', ( 0.000000000000000, 0.000000000000000, 1.00000000000000 ) );
#4986 = DIRECTION( '', ( 0.000000000000000, 1.00000000000000, 0.000000000000000 ) );
#4987 = DIRECTION( '', ( 0.000000000000000, 1.00000000000000, 0.000000000000000 ) );
#4988 = DIRECTION( '', ( -1.00000000000000, 0.000000000000000, 0.000000000000000 ) );
#4989 = DIRECTION( '', ( -1.00000000000000, 0.000000000000000, 0.000000000000000 ) );
#4990 = DIRECTION( '', ( 0.000000000000000, -1.00000000000000, 0.000000000000000 ) );
ENDSEC;
END-ISO-10303-21;
