ISO-10303-21;
HEADER;
FILE_DESCRIPTION (( 'STEP AP214' ),
    '1' );
FILE_NAME ('BQ2002GPN.STEP',
    '2025-08-11T22:20:30',
    ( '' ),
    ( '' ),
    'SwSTEP 2.0',
    'SolidWorks 2021',
    '' );
FILE_SCHEMA (( 'AUTOMOTIVE_DESIGN' ));
ENDSEC;

DATA;
#1 =( NAMED_UNIT ( * ) SI_UNIT ( $, .STERADIAN. ) SOLID_ANGLE_UNIT ( ) );
#2 = LINE ( 'NONE', #1876, #2195 ) ;
#3 = LINE ( 'NONE', #1248, #3752 ) ;
#4 = EDGE_CURVE ( 'NONE', #908, #1932, #3169, .T. ) ;
#5 = VECTOR ( 'NONE', #2043, 1000.000000000000000 ) ;
#6 = CARTESIAN_POINT ( 'NONE',  ( 3.637499999999999734, 2.462500000000064304, -0.5074999999999992850 ) ) ;
#7 = ORIENTED_EDGE ( 'NONE', *, *, #2145, .T. ) ;
#8 = VECTOR ( 'NONE', #9, 1000.000000000000000 ) ;
#9 = DIRECTION ( 'NONE',  ( 0.000000000000000000, -0.000000000000000000, 1.000000000000000000 ) ) ;
#10 = CARTESIAN_POINT ( 'NONE',  ( -3.637499999999999734, 2.927500000000064606, -0.5074999999999992850 ) ) ;
#11 = ORIENTED_EDGE ( 'NONE', *, *, #2754, .F. ) ;
#12 = LINE ( 'NONE', #2176, #215 ) ;
#13 = VERTEX_POINT ( 'NONE', #947 ) ;
#14 = VERTEX_POINT ( 'NONE', #1583 ) ;
#15 = CARTESIAN_POINT ( 'NONE',  ( 3.837499999999999911, -3.575000000000000178, -1.034999999999999032 ) ) ;
#16 = ADVANCED_FACE ( 'NONE', ( #1505 ), #637, .T. ) ;
#17 = LINE ( 'NONE', #349, #3087 ) ;
#18 = ORIENTED_EDGE ( 'NONE', *, *, #1022, .T. ) ;
#19 = DIRECTION ( 'NONE',  ( 1.000000000000000000, 0.000000000000000000, -0.000000000000000000 ) ) ;
#20 = CARTESIAN_POINT ( 'NONE',  ( -2.337500000000000355, 4.169999999999999929, -4.135000000000000675 ) ) ;
#21 = VERTEX_POINT ( 'NONE', #2483 ) ;
#22 = EDGE_CURVE ( 'NONE', #371, #1355, #3791, .T. ) ;
#23 = LINE ( 'NONE', #1293, #3400 ) ;
#24 = DIRECTION ( 'NONE',  ( -0.000000000000000000, -0.000000000000000000, -1.000000000000000000 ) ) ;
#25 = ORIENTED_EDGE ( 'NONE', *, *, #3547, .F. ) ;
#26 = CIRCLE ( 'NONE', #3026, 0.2000000000000000944 ) ;
#27 = VECTOR ( 'NONE', #2901, 1000.000000000000000 ) ;
#28 = EDGE_CURVE ( 'NONE', #553, #3365, #297, .T. ) ;
#29 = CARTESIAN_POINT ( 'NONE',  ( 3.048435745274456377, 0.6339856799044266689, 4.445935745274454121 ) ) ;
#30 = DIRECTION ( 'NONE',  ( 0.000000000000000000, 0.000000000000000000, 1.000000000000000000 ) ) ;
#31 = LINE ( 'NONE', #3239, #608 ) ;
#32 = FILL_AREA_STYLE ('',( #2237 ) ) ;
#33 = ORIENTED_EDGE ( 'NONE', *, *, #3176, .F. ) ;
#34 = DIRECTION ( 'NONE',  ( 6.914003491338339945E-17, 1.000000000000000000, 0.000000000000000000 ) ) ;
#35 = EDGE_LOOP ( 'NONE', ( #447, #33, #3958, #2941, #2686, #1907 ) ) ;
#36 = PLANE ( 'NONE',  #1205 ) ;
#37 = ORIENTED_EDGE ( 'NONE', *, *, #1715, .T. ) ;
#38 = ORIENTED_EDGE ( 'NONE', *, *, #3901, .F. ) ;
#39 = DIRECTION ( 'NONE',  ( -1.000000000000000000, -0.000000000000000000, -0.000000000000000000 ) ) ;
#40 = PLANE ( 'NONE',  #3359 ) ;
#41 = ORIENTED_EDGE ( 'NONE', *, *, #2416, .T. ) ;
#42 = LINE ( 'NONE', #2823, #1661 ) ;
#43 = ADVANCED_FACE ( 'NONE', ( #1901 ), #556, .F. ) ;
#44 = DIRECTION ( 'NONE',  ( 0.000000000000000000, -1.213093339843921105E-16, -1.000000000000000000 ) ) ;
#45 = CARTESIAN_POINT ( 'NONE',  ( -3.237499999999999822, 2.795000000000064766, 4.044999999999998153 ) ) ;
#46 = CARTESIAN_POINT ( 'NONE',  ( 4.102500000000000036, 2.462500000000064304, -4.044999999999998153 ) ) ;
#47 = DIRECTION ( 'NONE',  ( -0.000000000000000000, 1.000000000000000000, -0.000000000000000000 ) ) ;
#48 = SURFACE_STYLE_FILL_AREA ( #430 ) ;
#49 = DIRECTION ( 'NONE',  ( 0.000000000000000000, 0.000000000000000000, 1.000000000000000000 ) ) ;
#50 = EDGE_LOOP ( 'NONE', ( #1038, #2555, #2066, #2921 ) ) ;
#51 = DIRECTION ( 'NONE',  ( 0.000000000000000000, -1.000000000000000000, 1.213093339843921105E-16 ) ) ;
#52 = ORIENTED_EDGE ( 'NONE', *, *, #998, .F. ) ;
#53 = CARTESIAN_POINT ( 'NONE',  ( -3.837499999999999911, 0.000000000000000000, 2.032500000000001084 ) ) ;
#54 = VERTEX_POINT ( 'NONE', #4040 ) ;
#55 = ORIENTED_EDGE ( 'NONE', *, *, #3120, .T. ) ;
#56 = ADVANCED_FACE ( 'NONE', ( #2464 ), #1364, .F. ) ;
#57 = ORIENTED_EDGE ( 'NONE', *, *, #408, .F. ) ;
#58 = FACE_OUTER_BOUND ( 'NONE', #1053, .T. ) ;
#59 = VERTEX_POINT ( 'NONE', #2608 ) ;
#60 = ORIENTED_EDGE ( 'NONE', *, *, #985, .T. ) ;
#61 = ADVANCED_FACE ( 'NONE', ( #2300 ), #3285, .T. ) ;
#62 = CIRCLE ( 'NONE', #925, 0.4000000000000001887 ) ;
#63 = CARTESIAN_POINT ( 'NONE',  ( -3.225907752082814550, 2.927500000000065050, 0.5075000000000009504 ) ) ;
#64 = LINE ( 'NONE', #3813, #2787 ) ;
#65 = AXIS2_PLACEMENT_3D ( 'NONE', #2547, #3820, #3854 ) ;
#66 = DIRECTION ( 'NONE',  ( 0.000000000000000000, 0.000000000000000000, -1.000000000000000000 ) ) ;
#67 = FACE_OUTER_BOUND ( 'NONE', #1071, .T. ) ;
#68 = AXIS2_PLACEMENT_3D ( 'NONE', #3534, #1643, #2650 ) ;
#69 = VECTOR ( 'NONE', #943, 1000.000000000000000 ) ;
#70 = EDGE_CURVE ( 'NONE', #3421, #3390, #3880, .T. ) ;
#71 = FACE_OUTER_BOUND ( 'NONE', #1979, .T. ) ;
#72 = PLANE ( 'NONE',  #3004 ) ;
#73 = PRODUCT_DEFINITION_SHAPE ( 'NONE', 'NONE',  #2445 ) ;
#74 = CARTESIAN_POINT ( 'NONE',  ( 3.225907752082814550, 2.927500000000065050, -0.5074999999999992850 ) ) ;
#75 = AXIS2_PLACEMENT_3D ( 'NONE', #3563, #106, #3844 ) ;
#76 = CARTESIAN_POINT ( 'NONE',  ( -3.637499999999999734, 2.927500000000064606, -3.047499999999999432 ) ) ;
#77 = VERTEX_POINT ( 'NONE', #3555 ) ;
#78 = VERTEX_POINT ( 'NONE', #3924 ) ;
#79 = CARTESIAN_POINT ( 'NONE',  ( -3.837500000000000355, -3.809999999999999165, -0.5074999999999992850 ) ) ;
#80 = FACE_OUTER_BOUND ( 'NONE', #3378, .T. ) ;
#81 = ORIENTED_EDGE ( 'NONE', *, *, #1057, .T. ) ;
#82 = LINE ( 'NONE', #53, #2594 ) ;
#83 = ORIENTED_EDGE ( 'NONE', *, *, #2073, .T. ) ;
#84 = EDGE_LOOP ( 'NONE', ( #2835, #112, #3703, #392, #2938, #2975, #2958, #1909, #148 ) ) ;
#85 = VECTOR ( 'NONE', #3339, 1000.000000000000000 ) ;
#86 = EDGE_CURVE ( 'NONE', #364, #2023, #2632, .T. ) ;
#87 = ORIENTED_EDGE ( 'NONE', *, *, #1671, .T. ) ;
#88 = DIRECTION ( 'NONE',  ( 0.08715574274765519602, -0.9961946980917458783, 0.000000000000000000 ) ) ;
#89 = EDGE_LOOP ( 'NONE', ( #3501, #1858, #3227, #1259, #2259, #1015, #3741, #2417, #1020 ) ) ;
#90 = ADVANCED_FACE ( 'NONE', ( #3258 ), #656, .F. ) ;
#91 = CARTESIAN_POINT ( 'NONE',  ( 3.237499999999999822, 2.795000000000064766, 4.634999999999998899 ) ) ;
#92 = DIRECTION ( 'NONE',  ( -0.000000000000000000, 0.000000000000000000, -1.000000000000000000 ) ) ;
#93 = FACE_OUTER_BOUND ( 'NONE', #869, .T. ) ;
#94 = LINE ( 'NONE', #2986, #3289 ) ;
#95 = EDGE_LOOP ( 'NONE', ( #3520, #1730, #1319, #3392 ) ) ;
#96 = CIRCLE ( 'NONE', #3747, 0.4000000000000001887 ) ;
#97 = CARTESIAN_POINT ( 'NONE',  ( 3.837499999999999911, -1.734723475976807094E-15, 3.047500000000000764 ) ) ;
#98 = DIRECTION ( 'NONE',  ( -1.000000000000000000, -0.000000000000000000, -0.000000000000000000 ) ) ;
#99 =( LENGTH_UNIT ( ) NAMED_UNIT ( * ) SI_UNIT ( .MILLI., .METRE. ) );
#100 = PLANE ( 'NONE',  #3814 ) ;
#101 = CIRCLE ( 'NONE', #2423, 0.4650000000000005795 ) ;
#102 = AXIS2_PLACEMENT_3D ( 'NONE', #2434, #3060, #835 ) ;
#103 = CARTESIAN_POINT ( 'NONE',  ( -3.637499999999999734, 2.462500000000064304, -3.047499999999999432 ) ) ;
#104 = FACE_OUTER_BOUND ( 'NONE', #2042, .T. ) ;
#105 = ORIENTED_EDGE ( 'NONE', *, *, #3715, .T. ) ;
#106 = DIRECTION ( 'NONE',  ( -1.000000000000000000, -0.000000000000000000, -0.000000000000000000 ) ) ;
#107 = ORIENTED_EDGE ( 'NONE', *, *, #3971, .T. ) ;
#108 = ADVANCED_FACE ( 'NONE', ( #3600 ), #1697, .T. ) ;
#109 = ORIENTED_EDGE ( 'NONE', *, *, #985, .F. ) ;
#110 = EDGE_LOOP ( 'NONE', ( #685, #4027, #2196, #3061, #2238, #2640, #2980, #3821 ) ) ;
#111 = CARTESIAN_POINT ( 'NONE',  ( -3.837500000000000799, -3.575000000000000178, -1.504999999999999005 ) ) ;
#112 = ORIENTED_EDGE ( 'NONE', *, *, #304, .T. ) ;
#113 = DIRECTION ( 'NONE',  ( -1.000000000000000000, -6.914003491338339945E-17, 0.000000000000000000 ) ) ;
#114 = ORIENTED_EDGE ( 'NONE', *, *, #1072, .T. ) ;
#115 = VERTEX_POINT ( 'NONE', #2890 ) ;
#116 = CARTESIAN_POINT ( 'NONE',  ( 4.102500000000000036, 2.927500000000064606, 4.044999999999998153 ) ) ;
#117 = EDGE_CURVE ( 'NONE', #3889, #2536, #337, .T. ) ;
#118 = LINE ( 'NONE', #2647, #2782 ) ;
#119 = DIRECTION ( 'NONE',  ( -0.08715574274765516827, 0.9961946980917457672, 0.000000000000000000 ) ) ;
#120 = DIRECTION ( 'NONE',  ( 0.000000000000000000, 1.000000000000000000, 0.000000000000000000 ) ) ;
#121 = EDGE_CURVE ( 'NONE', #928, #3996, #3403, .T. ) ;
#122 = VERTEX_POINT ( 'NONE', #1946 ) ;
#123 = LINE ( 'NONE', #1923, #266 ) ;
#124 = PRESENTATION_STYLE_ASSIGNMENT (( #2348 ) ) ;
#125 = LINE ( 'NONE', #3950, #3957 ) ;
#126 = ORIENTED_EDGE ( 'NONE', *, *, #1381, .F. ) ;
#127 = FACE_OUTER_BOUND ( 'NONE', #2313, .T. ) ;
#128 = DIRECTION ( 'NONE',  ( 0.000000000000000000, 0.000000000000000000, -1.000000000000000000 ) ) ;
#129 = VERTEX_POINT ( 'NONE', #3575 ) ;
#130 = CARTESIAN_POINT ( 'NONE',  ( 2.994638793376242441E-17, 4.169999999999999929, -3.579707622241487197 ) ) ;
#131 = ORIENTED_EDGE ( 'NONE', *, *, #2865, .T. ) ;
#132 = ORIENTED_EDGE ( 'NONE', *, *, #3898, .F. ) ;
#133 = DIRECTION ( 'NONE',  ( -6.914003491338339945E-17, 1.000000000000000000, 0.000000000000000000 ) ) ;
#134 = EDGE_CURVE ( 'NONE', #2499, #3223, #3215, .T. ) ;
#135 = ORIENTED_EDGE ( 'NONE', *, *, #2058, .T. ) ;
#136 = CARTESIAN_POINT ( 'NONE',  ( -3.637499999999999734, 2.462500000000064304, 4.044999999999998153 ) ) ;
#137 = ORIENTED_EDGE ( 'NONE', *, *, #3022, .T. ) ;
#138 = VECTOR ( 'NONE', #3085, 999.9999999999998863 ) ;
#139 = DIRECTION ( 'NONE',  ( -0.000000000000000000, -0.000000000000000000, -1.000000000000000000 ) ) ;
#140 = DIRECTION ( 'NONE',  ( -0.000000000000000000, -0.000000000000000000, -1.000000000000000000 ) ) ;
#141 = LINE ( 'NONE', #2296, #534 ) ;
#142 = COLOUR_RGB ( '',0.7921568627450980005, 0.8196078431372548767, 0.9333333333333333481 ) ;
#143 = SURFACE_SIDE_STYLE ('',( #1134 ) ) ;
#144 = VECTOR ( 'NONE', #986, 1000.000000000000000 ) ;
#145 = EDGE_CURVE ( 'NONE', #1653, #703, #2275, .T. ) ;
#146 = DIRECTION ( 'NONE',  ( 1.000000000000000000, 0.000000000000000000, 0.000000000000000000 ) ) ;
#147 = VECTOR ( 'NONE', #2249, 1000.000000000000000 ) ;
#148 = ORIENTED_EDGE ( 'NONE', *, *, #3283, .F. ) ;
#149 = DIRECTION ( 'NONE',  ( -0.9961946980917458783, -0.08715574274765497398, 0.000000000000000000 ) ) ;
#150 = DIRECTION ( 'NONE',  ( 0.000000000000000000, 0.000000000000000000, -1.000000000000000000 ) ) ;
#151 = VERTEX_POINT ( 'NONE', #380 ) ;
#152 = DIRECTION ( 'NONE',  ( 0.000000000000000000, -0.000000000000000000, 1.000000000000000000 ) ) ;
#153 = VERTEX_POINT ( 'NONE', #2013 ) ;
#154 = VECTOR ( 'NONE', #3826, 1000.000000000000000 ) ;
#155 = ORIENTED_EDGE ( 'NONE', *, *, #1117, .F. ) ;
#156 = DIRECTION ( 'NONE',  ( 1.000000000000000000, 6.914003491338339945E-17, -0.000000000000000000 ) ) ;
#157 = ORIENTED_EDGE ( 'NONE', *, *, #1226, .T. ) ;
#158 = CARTESIAN_POINT ( 'NONE',  ( -3.637499999999999734, 2.462500000000064304, 2.032500000000001084 ) ) ;
#159 = ORIENTED_EDGE ( 'NONE', *, *, #2129, .F. ) ;
#160 = EDGE_CURVE ( 'NONE', #1066, #2301, #123, .T. ) ;
#161 = DIRECTION ( 'NONE',  ( -0.000000000000000000, -0.000000000000000000, -1.000000000000000000 ) ) ;
#162 = LINE ( 'NONE', #1358, #2121 ) ;
#163 = DIRECTION ( 'NONE',  ( -0.000000000000000000, -0.000000000000000000, -1.000000000000000000 ) ) ;
#164 = AXIS2_PLACEMENT_3D ( 'NONE', #2052, #789, #2710 ) ;
#165 = FACE_OUTER_BOUND ( 'NONE', #4032, .T. ) ;
#166 = VERTEX_POINT ( 'NONE', #3196 ) ;
#167 = STYLED_ITEM ( 'NONE', ( #280 ), #3453 ) ;
#168 = ADVANCED_FACE ( 'NONE', ( #3855 ), #679, .F. ) ;
#169 = DIRECTION ( 'NONE',  ( -1.000000000000000000, 0.000000000000000000, 0.000000000000000000 ) ) ;
#170 = ORIENTED_EDGE ( 'NONE', *, *, #2230, .T. ) ;
#171 = CARTESIAN_POINT ( 'NONE',  ( -3.837500000000000799, -3.574999999999999734, -1.269999999999998908 ) ) ;
#172 = AXIS2_PLACEMENT_3D ( 'NONE', #570, #3387, #2426 ) ;
#173 = ORIENTED_EDGE ( 'NONE', *, *, #1761, .F. ) ;
#174 = CIRCLE ( 'NONE', #2154, 0.8999999999999998002 ) ;
#175 = CARTESIAN_POINT ( 'NONE',  ( -3.837499999999999023, -1.734723475976807094E-15, 3.575000000000001954 ) ) ;
#176 = VECTOR ( 'NONE', #2272, 1000.000000000000114 ) ;
#177 = VECTOR ( 'NONE', #2763, 1000.000000000000000 ) ;
#178 = ORIENTED_EDGE ( 'NONE', *, *, #1271, .F. ) ;
#179 = DIRECTION ( 'NONE',  ( -0.000000000000000000, -0.000000000000000000, -1.000000000000000000 ) ) ;
#180 = ORIENTED_EDGE ( 'NONE', *, *, #282, .T. ) ;
#181 = FACE_OUTER_BOUND ( 'NONE', #2755, .T. ) ;
#182 = DIRECTION ( 'NONE',  ( -0.000000000000000000, -0.000000000000000000, -1.000000000000000000 ) ) ;
#183 = CARTESIAN_POINT ( 'NONE',  ( 4.102500000000000036, -3.575000000000000178, 4.045000000000000817 ) ) ;
#184 = ADVANCED_FACE ( 'NONE', ( #2940 ), #72, .F. ) ;
#185 = CARTESIAN_POINT ( 'NONE',  ( -4.102500000000000036, -1.734723475976807094E-15, -1.504999999999998117 ) ) ;
#186 = PLANE ( 'NONE',  #4046 ) ;
#187 = ORIENTED_EDGE ( 'NONE', *, *, #117, .T. ) ;
#188 = FACE_OUTER_BOUND ( 'NONE', #3843, .T. ) ;
#189 = ORIENTED_EDGE ( 'NONE', *, *, #1473, .F. ) ;
#190 = CARTESIAN_POINT ( 'NONE',  ( -3.637499999999999734, 2.927500000000064606, 0.5075000000000009504 ) ) ;
#191 = ORIENTED_EDGE ( 'NONE', *, *, #3006, .F. ) ;
#192 = CARTESIAN_POINT ( 'NONE',  ( 4.102500000000000036, -1.734723475976807094E-15, -2.032499999999998419 ) ) ;
#193 = ADVANCED_FACE ( 'NONE', ( #2870 ), #1033, .T. ) ;
#194 = ORIENTED_EDGE ( 'NONE', *, *, #2652, .T. ) ;
#195 = DIRECTION ( 'NONE',  ( -0.000000000000000000, 1.000000000000000000, 2.426186679687843197E-16 ) ) ;
#196 = DIRECTION ( 'NONE',  ( -1.000000000000000000, -0.000000000000000000, -0.000000000000000000 ) ) ;
#197 = UNCERTAINTY_MEASURE_WITH_UNIT (LENGTH_MEASURE( 1.000000000000000082E-05 ), #2559, 'distance_accuracy_value', 'NONE');
#198 = DIRECTION ( 'NONE',  ( 1.000000000000000000, 0.000000000000000000, -0.000000000000000000 ) ) ;
#199 = ADVANCED_FACE ( 'NONE', ( #2036 ), #770, .T. ) ;
#200 = VECTOR ( 'NONE', #3847, 1000.000000000000000 ) ;
#201 = DIRECTION ( 'NONE',  ( 6.914003491338339945E-17, 1.000000000000000000, 0.000000000000000000 ) ) ;
#202 = DIRECTION ( 'NONE',  ( -0.000000000000000000, -0.000000000000000000, -1.000000000000000000 ) ) ;
#203 = EDGE_CURVE ( 'NONE', #259, #1712, #3625, .T. ) ;
#204 = VECTOR ( 'NONE', #1498, 1000.000000000000000 ) ;
#205 = CYLINDRICAL_SURFACE ( 'NONE', #666, 0.2000000000000000944 ) ;
#206 = ORIENTED_EDGE ( 'NONE', *, *, #2771, .F. ) ;
#207 = CARTESIAN_POINT ( 'NONE',  ( 3.237499999999999822, 2.795000000000064766, 3.047500000000000764 ) ) ;
#208 = VERTEX_POINT ( 'NONE', #578 ) ;
#209 = DIRECTION ( 'NONE',  ( 0.000000000000000000, 0.000000000000000000, -1.000000000000000000 ) ) ;
#210 = VECTOR ( 'NONE', #220, 1000.000000000000000 ) ;
#211 = VERTEX_POINT ( 'NONE', #1221 ) ;
#212 = CARTESIAN_POINT ( 'NONE',  ( 4.102500000000000036, 2.462500000000064304, -0.5074999999999992850 ) ) ;
#213 = ORIENTED_EDGE ( 'NONE', *, *, #2186, .F. ) ;
#214 = EDGE_CURVE ( 'NONE', #1047, #1888, #643, .T. ) ;
#215 = VECTOR ( 'NONE', #4085, 1000.000000000000000 ) ;
#216 = DIRECTION ( 'NONE',  ( -0.000000000000000000, 1.000000000000000000, 2.426186679687843197E-16 ) ) ;
#217 = EDGE_CURVE ( 'NONE', #1204, #1214, #2778, .T. ) ;
#218 = STYLED_ITEM ( 'NONE', ( #1198 ), #635 ) ;
#219 = CARTESIAN_POINT ( 'NONE',  ( 4.102500000000000036, -1.734723475976807094E-15, 3.575000000000001954 ) ) ;
#220 = DIRECTION ( 'NONE',  ( 6.914003491338339945E-17, -1.000000000000000000, -2.426186679687843197E-16 ) ) ;
#221 = CARTESIAN_POINT ( 'NONE',  ( -4.102500000000000036, -1.734723475976807094E-15, 1.035000000000002141 ) ) ;
#222 = LINE ( 'NONE', #613, #1762 ) ;
#223 = DIRECTION ( 'NONE',  ( 0.000000000000000000, 1.000000000000000000, 0.000000000000000000 ) ) ;
#224 = ORIENTED_EDGE ( 'NONE', *, *, #2140, .F. ) ;
#225 = CARTESIAN_POINT ( 'NONE',  ( 3.237499999999999822, 2.794999999999936424, 4.634999999999998899 ) ) ;
#226 = FACE_OUTER_BOUND ( 'NONE', #3241, .T. ) ;
#227 = AXIS2_PLACEMENT_3D ( 'NONE', #2089, #3048, #198 ) ;
#228 = ORIENTED_EDGE ( 'NONE', *, *, #924, .T. ) ;
#229 = CARTESIAN_POINT ( 'NONE',  ( 4.102500000000000036, 2.462500000000064304, -0.5074999999999992850 ) ) ;
#230 = EDGE_CURVE ( 'NONE', #2507, #2002, #3155, .T. ) ;
#231 = ORIENTED_EDGE ( 'NONE', *, *, #583, .F. ) ;
#232 = AXIS2_PLACEMENT_3D ( 'NONE', #2888, #1944, #2605 ) ;
#233 = CARTESIAN_POINT ( 'NONE',  ( -3.637499999999999734, 2.927500000000064606, -0.5074999999999992850 ) ) ;
#234 = DIRECTION ( 'NONE',  ( -0.08715574274766166307, 0.9961946980917453232, 0.000000000000000000 ) ) ;
#235 = UNCERTAINTY_MEASURE_WITH_UNIT (LENGTH_MEASURE( 1.000000000000000082E-05 ), #1629, 'distance_accuracy_value', 'NONE');
#236 = CARTESIAN_POINT ( 'NONE',  ( -2.337500000000000355, 4.169999999999999929, -3.335000000000000409 ) ) ;
#237 = EDGE_CURVE ( 'NONE', #2976, #3261, #598, .T. ) ;
#238 = DIRECTION ( 'NONE',  ( 1.000000000000000000, 0.000000000000000000, 0.000000000000000000 ) ) ;
#239 = DIRECTION ( 'NONE',  ( 0.000000000000000000, -0.000000000000000000, 1.000000000000000000 ) ) ;
#240 = ADVANCED_FACE ( 'NONE', ( #1828 ), #1203, .F. ) ;
#241 = CARTESIAN_POINT ( 'NONE',  ( 4.102500000000000036, -1.734723475976807094E-15, 0.5075000000000018385 ) ) ;
#242 = CARTESIAN_POINT ( 'NONE',  ( -3.082207622241484923, 4.570000000000000284, 4.634999999999998899 ) ) ;
#243 = DIRECTION ( 'NONE',  ( -1.000000000000000000, 0.000000000000000000, 0.000000000000000000 ) ) ;
#244 = EDGE_LOOP ( 'NONE', ( #1825, #2542, #2833, #3837, #3664, #3246, #2138, #2304, #3231 ) ) ;
#245 = EDGE_CURVE ( 'NONE', #1949, #1142, #3271, .T. ) ;
#246 = ORIENTED_EDGE ( 'NONE', *, *, #1145, .T. ) ;
#247 = DIRECTION ( 'NONE',  ( 0.000000000000000000, -0.9961946980917458783, -0.08715574274765501561 ) ) ;
#248 = ORIENTED_EDGE ( 'NONE', *, *, #550, .F. ) ;
#249 = CARTESIAN_POINT ( 'NONE',  ( 4.102500000000000036, -3.574999999999999734, 1.270000000000001128 ) ) ;
#250 = CARTESIAN_POINT ( 'NONE',  ( 3.637499999999999734, 2.462500000000064304, 2.032500000000001084 ) ) ;
#251 = EDGE_CURVE ( 'NONE', #1371, #1710, #2832, .T. ) ;
#252 = CARTESIAN_POINT ( 'NONE',  ( -3.837500000000000355, -3.809999999999998721, 1.035000000000001252 ) ) ;
#253 = FACE_OUTER_BOUND ( 'NONE', #2429, .T. ) ;
#254 = DIRECTION ( 'NONE',  ( 0.000000000000000000, -1.000000000000000000, 1.213093339843921105E-16 ) ) ;
#255 = DIRECTION ( 'NONE',  ( -0.000000000000000000, -0.08715574274765497398, -0.9961946980917458783 ) ) ;
#256 = ORIENTED_EDGE ( 'NONE', *, *, #1022, .F. ) ;
#257 = EDGE_CURVE ( 'NONE', #2900, #874, #1591, .T. ) ;
#258 = CARTESIAN_POINT ( 'NONE',  ( -3.225907752082815438, 2.662500000000064482, 3.047500000000000764 ) ) ;
#259 = VERTEX_POINT ( 'NONE', #2817 ) ;
#260 = AXIS2_PLACEMENT_3D ( 'NONE', #1513, #2105, #547 ) ;
#261 = CARTESIAN_POINT ( 'NONE',  ( -0.9000000000000000222, 4.570000000000000284, -4.479707622241487996 ) ) ;
#262 = ORIENTED_EDGE ( 'NONE', *, *, #1282, .F. ) ;
#263 = AXIS2_PLACEMENT_3D ( 'NONE', #1922, #1966, #312 ) ;
#264 = DIRECTION ( 'NONE',  ( 1.000000000000000000, -0.000000000000000000, -0.000000000000000000 ) ) ;
#265 = ORIENTED_EDGE ( 'NONE', *, *, #2821, .T. ) ;
#266 = VECTOR ( 'NONE', #1382, 1000.000000000000000 ) ;
#267 = VECTOR ( 'NONE', #2673, 999.9999999999998863 ) ;
#268 = CARTESIAN_POINT ( 'NONE',  ( -4.102500000000000036, -1.734723475976807094E-15, 3.047500000000001652 ) ) ;
#269 = FACE_OUTER_BOUND ( 'NONE', #796, .T. ) ;
#270 = MECHANICAL_DESIGN_GEOMETRIC_PRESENTATION_REPRESENTATION (  '', ( #2132 ), #2201 ) ;
#271 = ADVANCED_FACE ( 'NONE', ( #301 ), #3782, .F. ) ;
#272 = STYLED_ITEM ( 'NONE', ( #3856 ), #684 ) ;
#273 = EDGE_CURVE ( 'NONE', #814, #1161, #2801, .T. ) ;
#274 = CIRCLE ( 'NONE', #3683, 0.2000000000000000944 ) ;
#275 = CARTESIAN_POINT ( 'NONE',  ( -3.082207622241484923, 1.020000000000000018, 4.479707622241483556 ) ) ;
#276 = FACE_OUTER_BOUND ( 'NONE', #3893, .T. ) ;
#277 = EDGE_CURVE ( 'NONE', #21, #1088, #3100, .T. ) ;
#278 = PLANE ( 'NONE',  #3850 ) ;
#279 = ORIENTED_EDGE ( 'NONE', *, *, #1913, .F. ) ;
#280 = PRESENTATION_STYLE_ASSIGNMENT (( #3537 ) ) ;
#281 = ORIENTED_EDGE ( 'NONE', *, *, #1959, .F. ) ;
#282 = EDGE_CURVE ( 'NONE', #1712, #3480, #12, .T. ) ;
#283 = FACE_OUTER_BOUND ( 'NONE', #3226, .T. ) ;
#284 = ORIENTED_EDGE ( 'NONE', *, *, #3058, .T. ) ;
#285 = DIRECTION ( 'NONE',  ( -0.000000000000000000, -0.000000000000000000, -1.000000000000000000 ) ) ;
#286 = VERTEX_POINT ( 'NONE', #2242 ) ;
#287 = ORIENTED_EDGE ( 'NONE', *, *, #2574, .T. ) ;
#288 = CARTESIAN_POINT ( 'NONE',  ( -3.225907752082815438, 2.662500000000064482, -3.047499999999999432 ) ) ;
#289 = PRESENTATION_LAYER_ASSIGNMENT (  '', '', ( #496 ) ) ;
#290 = FACE_OUTER_BOUND ( 'NONE', #50, .T. ) ;
#291 = VECTOR ( 'NONE', #3684, 1000.000000000000000 ) ;
#292 = DIRECTION ( 'NONE',  ( 0.000000000000000000, -0.000000000000000000, 1.000000000000000000 ) ) ;
#293 = VECTOR ( 'NONE', #1185, 1000.000000000000000 ) ;
#294 = DIRECTION ( 'NONE',  ( 0.000000000000000000, 1.000000000000000000, -0.000000000000000000 ) ) ;
#295 = LINE ( 'NONE', #3211, #3638 ) ;
#296 = CARTESIAN_POINT ( 'NONE',  ( 3.637499999999999734, 2.662500000000064482, -4.044999999999998153 ) ) ;
#297 = LINE ( 'NONE', #2848, #1797 ) ;
#298 = ORIENTED_EDGE ( 'NONE', *, *, #2668, .F. ) ;
#299 = CARTESIAN_POINT ( 'NONE',  ( -3.837499999999999023, -1.734723475976807094E-15, 0.5075000000000018385 ) ) ;
#300 = EDGE_LOOP ( 'NONE', ( #773, #3177, #1059, #1862 ) ) ;
#301 = FACE_OUTER_BOUND ( 'NONE', #3545, .T. ) ;
#302 = FACE_OUTER_BOUND ( 'NONE', #1239, .T. ) ;
#303 = DIRECTION ( 'NONE',  ( -0.000000000000000000, -0.000000000000000000, -1.000000000000000000 ) ) ;
#304 = EDGE_CURVE ( 'NONE', #1182, #3860, #2532, .T. ) ;
#305 = CARTESIAN_POINT ( 'NONE',  ( 3.637499999999999734, 2.462500000000064304, -0.5074999999999992850 ) ) ;
#306 = DIRECTION ( 'NONE',  ( -0.000000000000000000, 0.000000000000000000, -1.000000000000000000 ) ) ;
#307 = CARTESIAN_POINT ( 'NONE',  ( 3.637499999999999734, 2.462500000000064304, 0.5075000000000009504 ) ) ;
#308 = CARTESIAN_POINT ( 'NONE',  ( 4.102500000000000036, 2.462500000000064304, 2.032500000000001084 ) ) ;
#309 = CARTESIAN_POINT ( 'NONE',  ( -3.225907752082814550, 2.927500000000065050, 2.032500000000001084 ) ) ;
#310 = ORIENTED_EDGE ( 'NONE', *, *, #2442, .F. ) ;
#311 = EDGE_CURVE ( 'NONE', #1440, #1180, #1407, .T. ) ;
#312 = DIRECTION ( 'NONE',  ( 0.000000000000000000, -0.000000000000000000, 1.000000000000000000 ) ) ;
#313 = VERTEX_POINT ( 'NONE', #2556 ) ;
#314 = SURFACE_STYLE_FILL_AREA ( #4041 ) ;
#315 = EDGE_CURVE ( 'NONE', #13, #2956, #3481, .T. ) ;
#316 = CARTESIAN_POINT ( 'NONE',  ( 3.637499999999999734, 2.662500000000064482, 3.047500000000000764 ) ) ;
#317 = ORIENTED_EDGE ( 'NONE', *, *, #2926, .T. ) ;
#318 = CARTESIAN_POINT ( 'NONE',  ( -3.837500000000000355, -3.809999999999998721, -4.044999999999999041 ) ) ;
#319 = ORIENTED_EDGE ( 'NONE', *, *, #858, .T. ) ;
#320 = ORIENTED_EDGE ( 'NONE', *, *, #277, .F. ) ;
#321 = CARTESIAN_POINT ( 'NONE',  ( 3.237499999999999822, 2.795000000000064766, -3.047499999999999432 ) ) ;
#322 = VECTOR ( 'NONE', #3284, 1000.000000000000000 ) ;
#323 = CARTESIAN_POINT ( 'NONE',  ( -3.225907752082814550, 2.927500000000065050, -2.032499999999999307 ) ) ;
#324 = VECTOR ( 'NONE', #1897, 1000.000000000000000 ) ;
#325 = ORIENTED_EDGE ( 'NONE', *, *, #3399, .F. ) ;
#326 = EDGE_CURVE ( 'NONE', #2956, #726, #3519, .T. ) ;
#327 = AXIS2_PLACEMENT_3D ( 'NONE', #747, #1985, #2321 ) ;
#328 = LINE ( 'NONE', #981, #147 ) ;
#329 = VECTOR ( 'NONE', #2537, 1000.000000000000000 ) ;
#330 = DIRECTION ( 'NONE',  ( -1.000000000000000000, 1.053666270899885882E-15, -0.000000000000000000 ) ) ;
#331 = ORIENTED_EDGE ( 'NONE', *, *, #2416, .F. ) ;
#332 = CARTESIAN_POINT ( 'NONE',  ( 4.102500000000000036, 2.462500000000064304, -2.032499999999999307 ) ) ;
#333 = CARTESIAN_POINT ( 'NONE',  ( -3.637499999999999734, 2.462500000000064304, 3.047500000000000764 ) ) ;
#334 = PRESENTATION_LAYER_ASSIGNMENT (  '', '', ( #2132 ) ) ;
#335 = EDGE_LOOP ( 'NONE', ( #2917, #1391, #1404, #541 ) ) ;
#336 = CARTESIAN_POINT ( 'NONE',  ( -3.048435745274456377, 0.6339856799044265578, -4.445935745274455897 ) ) ;
#337 = LINE ( 'NONE', #987, #1138 ) ;
#338 = AXIS2_PLACEMENT_3D ( 'NONE', #1506, #2774, #1924 ) ;
#339 = PLANE ( 'NONE',  #3012 ) ;
#340 = CARTESIAN_POINT ( 'NONE',  ( 4.102500000000000036, -1.734723475976807094E-15, -2.032499999999998419 ) ) ;
#341 = ORIENTED_EDGE ( 'NONE', *, *, #2713, .T. ) ;
#342 = CARTESIAN_POINT ( 'NONE',  ( 4.102500000000000036, -1.734723475976807094E-15, -2.032499999999998419 ) ) ;
#343 = EDGE_LOOP ( 'NONE', ( #3772, #3027, #3778, #507 ) ) ;
#344 = LINE ( 'NONE', #1303, #3072 ) ;
#345 = ORIENTED_EDGE ( 'NONE', *, *, #4004, .T. ) ;
#346 = EDGE_LOOP ( 'NONE', ( #1645, #3846, #2881, #2930 ) ) ;
#347 = CARTESIAN_POINT ( 'NONE',  ( 3.637499999999999734, 2.662500000000064482, -0.5074999999999992850 ) ) ;
#348 = EDGE_CURVE ( 'NONE', #670, #208, #3135, .T. ) ;
#349 = CARTESIAN_POINT ( 'NONE',  ( -2.337500000000000355, 4.169999999999999929, -3.335000000000000409 ) ) ;
#350 = EDGE_CURVE ( 'NONE', #2760, #849, #1887, .T. ) ;
#351 = PRESENTATION_LAYER_ASSIGNMENT (  '', '', ( #955 ) ) ;
#352 = DIRECTION ( 'NONE',  ( -0.08682659386424441961, -0.9924325091389676334, 0.08682659386424441961 ) ) ;
#353 = CIRCLE ( 'NONE', #956, 0.4650000000000005795 ) ;
#354 = VERTEX_POINT ( 'NONE', #1704 ) ;
#355 = CARTESIAN_POINT ( 'NONE',  ( 4.102500000000000036, 0.000000000000000000, -3.574999999999999734 ) ) ;
#356 = CARTESIAN_POINT ( 'NONE',  ( -3.637499999999999734, 2.462500000000064304, -4.044999999999998153 ) ) ;
#357 = ORIENTED_EDGE ( 'NONE', *, *, #1671, .F. ) ;
#358 = AXIS2_PLACEMENT_3D ( 'NONE', #3281, #3322, #1668 ) ;
#359 = VECTOR ( 'NONE', #3708, 1000.000000000000000 ) ;
#360 = DIRECTION ( 'NONE',  ( -0.000000000000000000, -0.000000000000000000, -1.000000000000000000 ) ) ;
#361 = CARTESIAN_POINT ( 'NONE',  ( 4.102500000000000036, -1.734723475976807094E-15, 1.035000000000002141 ) ) ;
#362 = EDGE_CURVE ( 'NONE', #1569, #4049, #82, .T. ) ;
#363 = SURFACE_STYLE_FILL_AREA ( #32 ) ;
#364 = VERTEX_POINT ( 'NONE', #387 ) ;
#365 = CARTESIAN_POINT ( 'NONE',  ( -3.637499999999999734, 2.662500000000064482, -3.047499999999999432 ) ) ;
#366 = ORIENTED_EDGE ( 'NONE', *, *, #1715, .F. ) ;
#367 = DIRECTION ( 'NONE',  ( 0.9961946980917453232, 0.08715574274766166307, -0.000000000000000000 ) ) ;
#368 = EDGE_CURVE ( 'NONE', #1910, #3635, #3911, .T. ) ;
#369 = ORIENTED_EDGE ( 'NONE', *, *, #3451, .T. ) ;
#370 = ORIENTED_EDGE ( 'NONE', *, *, #842, .T. ) ;
#371 = VERTEX_POINT ( 'NONE', #1995 ) ;
#372 = LINE ( 'NONE', #1420, #2626 ) ;
#373 = ORIENTED_EDGE ( 'NONE', *, *, #1832, .F. ) ;
#374 = EDGE_LOOP ( 'NONE', ( #3154, #3144, #3396, #974, #3548, #1545, #1952, #3268 ) ) ;
#375 = EDGE_CURVE ( 'NONE', #2100, #1956, #414, .T. ) ;
#376 = CARTESIAN_POINT ( 'NONE',  ( -0.9000000000000000222, 4.169999999999999929, -4.479707622241487996 ) ) ;
#377 = CARTESIAN_POINT ( 'NONE',  ( -3.225907752082815438, 2.662500000000064482, 2.032500000000001084 ) ) ;
#378 = DIRECTION ( 'NONE',  ( 6.914003491338339945E-17, -1.000000000000000000, -0.000000000000000000 ) ) ;
#379 = CARTESIAN_POINT ( 'NONE',  ( 3.225907752082815438, 2.662500000000064482, -0.5074999999999992850 ) ) ;
#380 = CARTESIAN_POINT ( 'NONE',  ( -4.102500000000000036, 2.462500000000064304, 3.047500000000000764 ) ) ;
#381 = DIRECTION ( 'NONE',  ( -6.914003491338339945E-17, -1.000000000000000000, 1.213093339843921105E-16 ) ) ;
#382 = ORIENTED_EDGE ( 'NONE', *, *, #2611, .T. ) ;
#383 = CARTESIAN_POINT ( 'NONE',  ( 0.9000000000000000222, 4.169999999999999929, -4.790292377758513354 ) ) ;
#384 = ADVANCED_FACE ( 'NONE', ( #3612 ), #1064, .F. ) ;
#385 = CARTESIAN_POINT ( 'NONE',  ( 3.637499999999999734, 2.662500000000064482, 2.032500000000001084 ) ) ;
#386 = EDGE_LOOP ( 'NONE', ( #2447, #2645, #3597, #1456 ) ) ;
#387 = CARTESIAN_POINT ( 'NONE',  ( 4.102500000000000036, 0.000000000000000000, 2.032500000000001084 ) ) ;
#388 = ORIENTED_EDGE ( 'NONE', *, *, #768, .T. ) ;
#389 = ORIENTED_EDGE ( 'NONE', *, *, #3471, .T. ) ;
#390 = ORIENTED_EDGE ( 'NONE', *, *, #1899, .F. ) ;
#391 = CARTESIAN_POINT ( 'NONE',  ( -3.637499999999999734, 2.662500000000064482, -3.047499999999999432 ) ) ;
#392 = ORIENTED_EDGE ( 'NONE', *, *, #677, .F. ) ;
#393 = CIRCLE ( 'NONE', #1997, 0.4650000000000005795 ) ;
#394 = DIRECTION ( 'NONE',  ( -0.9961946980917458783, -0.08715574274765519602, 0.000000000000000000 ) ) ;
#395 = DIRECTION ( 'NONE',  ( 1.000000000000000000, 0.000000000000000000, -0.000000000000000000 ) ) ;
#396 = ADVANCED_FACE ( 'NONE', ( #3585 ), #3247, .F. ) ;
#397 = VECTOR ( 'NONE', #885, 1000.000000000000000 ) ;
#398 = CARTESIAN_POINT ( 'NONE',  ( -3.225907752082815438, 2.662500000000064482, -4.044999999999998153 ) ) ;
#399 = AXIS2_PLACEMENT_3D ( 'NONE', #1967, #1079, #3514 ) ;
#400 = AXIS2_PLACEMENT_3D ( 'NONE', #2709, #1499, #3032 ) ;
#401 = DIRECTION ( 'NONE',  ( 1.000000000000000000, 0.000000000000000000, 0.000000000000000000 ) ) ;
#402 = ADVANCED_FACE ( 'NONE', ( #730 ), #36, .F. ) ;
#403 = DIRECTION ( 'NONE',  ( 1.000000000000000000, 0.000000000000000000, 0.000000000000000000 ) ) ;
#404 = ORIENTED_EDGE ( 'NONE', *, *, #3153, .F. ) ;
#405 = CARTESIAN_POINT ( 'NONE',  ( -3.225907752082815438, 2.662500000000064482, -0.5074999999999992850 ) ) ;
#406 = ORIENTED_EDGE ( 'NONE', *, *, #1413, .T. ) ;
#407 = EDGE_LOOP ( 'NONE', ( #370, #415, #1808, #931 ) ) ;
#408 = EDGE_CURVE ( 'NONE', #4100, #3955, #3998, .T. ) ;
#409 = FACE_OUTER_BOUND ( 'NONE', #2359, .T. ) ;
#410 = VECTOR ( 'NONE', #34, 1000.000000000000000 ) ;
#411 = CIRCLE ( 'NONE', #2535, 0.2000000000000000944 ) ;
#412 = CARTESIAN_POINT ( 'NONE',  ( -3.225907752082814550, 2.927500000000065050, -3.047499999999999432 ) ) ;
#413 = VERTEX_POINT ( 'NONE', #1953 ) ;
#414 = LINE ( 'NONE', #2354, #2405 ) ;
#415 = ORIENTED_EDGE ( 'NONE', *, *, #257, .T. ) ;
#416 = VERTEX_POINT ( 'NONE', #2880 ) ;
#417 = EDGE_CURVE ( 'NONE', #3184, #166, #344, .T. ) ;
#418 = ORIENTED_EDGE ( 'NONE', *, *, #902, .F. ) ;
#419 = LINE ( 'NONE', #3313, #2813 ) ;
#420 = VERTEX_POINT ( 'NONE', #2592 ) ;
#421 = CARTESIAN_POINT ( 'NONE',  ( 4.102500000000000036, -1.734723475976807094E-15, -1.504999999999998117 ) ) ;
#422 = ADVANCED_FACE ( 'NONE', ( #3293 ), #3267, .F. ) ;
#423 = VERTEX_POINT ( 'NONE', #130 ) ;
#424 = FACE_OUTER_BOUND ( 'NONE', #300, .T. ) ;
#425 = DIRECTION ( 'NONE',  ( -1.000000000000000000, 0.000000000000000000, 0.000000000000000000 ) ) ;
#426 = DIRECTION ( 'NONE',  ( 1.000000000000000000, 0.000000000000000000, 0.000000000000000000 ) ) ;
#427 = CARTESIAN_POINT ( 'NONE',  ( 3.225907752082814550, 2.927500000000065050, 2.032500000000001084 ) ) ;
#428 = FACE_OUTER_BOUND ( 'NONE', #35, .T. ) ;
#429 = CARTESIAN_POINT ( 'NONE',  ( 4.102500000000000036, 2.462500000000064304, 2.032500000000001084 ) ) ;
#430 = FILL_AREA_STYLE ('',( #3602 ) ) ;
#431 = CARTESIAN_POINT ( 'NONE',  ( -4.102500000000000036, 0.000000000000000000, -3.047499999999999432 ) ) ;
#432 = VECTOR ( 'NONE', #2370, 1000.000000000000000 ) ;
#433 = VECTOR ( 'NONE', #3152, 1000.000000000000000 ) ;
#434 = EDGE_LOOP ( 'NONE', ( #3248, #734, #2857, #2896 ) ) ;
#435 = ADVANCED_FACE ( 'NONE', ( #2282 ), #1680, .F. ) ;
#436 = LINE ( 'NONE', #79, #410 ) ;
#437 = CARTESIAN_POINT ( 'NONE',  ( 3.637499999999999734, 2.662500000000064482, -3.047499999999999432 ) ) ;
#438 = ORIENTED_EDGE ( 'NONE', *, *, #2115, .F. ) ;
#439 = DIRECTION ( 'NONE',  ( 0.000000000000000000, 0.000000000000000000, 1.000000000000000000 ) ) ;
#440 = ORIENTED_EDGE ( 'NONE', *, *, #273, .F. ) ;
#441 = ORIENTED_EDGE ( 'NONE', *, *, #1968, .T. ) ;
#442 = DIRECTION ( 'NONE',  ( -0.000000000000000000, 1.000000000000000000, -0.000000000000000000 ) ) ;
#443 = ORIENTED_EDGE ( 'NONE', *, *, #3971, .F. ) ;
#444 = FACE_OUTER_BOUND ( 'NONE', #335, .T. ) ;
#445 = ADVANCED_FACE ( 'NONE', ( #2949 ), #1931, .T. ) ;
#446 = VERTEX_POINT ( 'NONE', #1348 ) ;
#447 = ORIENTED_EDGE ( 'NONE', *, *, #3270, .T. ) ;
#448 = DIRECTION ( 'NONE',  ( 0.000000000000000000, -1.000000000000000000, -2.426186679687843197E-16 ) ) ;
#449 = EDGE_CURVE ( 'NONE', #4045, #129, #2637, .T. ) ;
#450 = FILL_AREA_STYLE_COLOUR ( '', #142 ) ;
#451 = PLANE ( 'NONE',  #3853 ) ;
#452 = FILL_AREA_STYLE_COLOUR ( '', #3020 ) ;
#453 = ORIENTED_EDGE ( 'NONE', *, *, #3976, .T. ) ;
#454 = DIRECTION ( 'NONE',  ( -0.000000000000000000, -0.000000000000000000, -1.000000000000000000 ) ) ;
#455 = DIRECTION ( 'NONE',  ( -0.000000000000000000, -0.000000000000000000, -1.000000000000000000 ) ) ;
#456 = ORIENTED_EDGE ( 'NONE', *, *, #237, .T. ) ;
#457 = FACE_OUTER_BOUND ( 'NONE', #1122, .T. ) ;
#458 = LINE ( 'NONE', #3663, #3397 ) ;
#459 = ORIENTED_EDGE ( 'NONE', *, *, #3445, .T. ) ;
#460 = CYLINDRICAL_SURFACE ( 'NONE', #2268, 0.2349999999999999589 ) ;
#461 = ADVANCED_FACE ( 'NONE', ( #3541 ), #686, .F. ) ;
#462 = ORIENTED_EDGE ( 'NONE', *, *, #2140, .T. ) ;
#463 = ORIENTED_EDGE ( 'NONE', *, *, #2574, .F. ) ;
#464 = DIRECTION ( 'NONE',  ( -1.000000000000000000, -0.000000000000000000, -0.000000000000000000 ) ) ;
#465 = ORIENTED_EDGE ( 'NONE', *, *, #1799, .T. ) ;
#466 = CARTESIAN_POINT ( 'NONE',  ( -3.837499999999999023, 0.000000000000000000, -3.047499999999999432 ) ) ;
#467 = CARTESIAN_POINT ( 'NONE',  ( -4.102500000000000036, 2.462500000000064304, -0.5074999999999992850 ) ) ;
#468 = DIRECTION ( 'NONE',  ( -1.000000000000000000, 0.000000000000000000, 0.000000000000000000 ) ) ;
#469 = AXIS2_PLACEMENT_3D ( 'NONE', #1912, #2577, #933 ) ;
#470 = CARTESIAN_POINT ( 'NONE',  ( -3.837499999999999023, 0.000000000000000000, 1.505000000000000782 ) ) ;
#471 = EDGE_CURVE ( 'NONE', #1587, #3988, #1042, .T. ) ;
#472 = ORIENTED_EDGE ( 'NONE', *, *, #1401, .T. ) ;
#473 = VECTOR ( 'NONE', #3307, 1000.000000000000000 ) ;
#474 = DIRECTION ( 'NONE',  ( 0.000000000000000000, 0.08715574274765501561, -0.9961946980917458783 ) ) ;
#475 = AXIS2_PLACEMENT_3D ( 'NONE', #1640, #719, #1738 ) ;
#476 = ORIENTED_EDGE ( 'NONE', *, *, #3901, .T. ) ;
#477 = CARTESIAN_POINT ( 'NONE',  ( -2.337500000000000355, 4.169999999999999929, -4.135000000000000675 ) ) ;
#478 = ORIENTED_EDGE ( 'NONE', *, *, #1151, .F. ) ;
#479 = VECTOR ( 'NONE', #2966, 999.9999999999998863 ) ;
#480 = CARTESIAN_POINT ( 'NONE',  ( -3.237499999999999822, 2.795000000000064766, -2.032499999999999307 ) ) ;
#481 = EDGE_LOOP ( 'NONE', ( #1495, #478, #1676, #180 ) ) ;
#482 = VECTOR ( 'NONE', #2737, 1000.000000000000000 ) ;
#483 = VERTEX_POINT ( 'NONE', #2758 ) ;
#484 = FACE_OUTER_BOUND ( 'NONE', #2665, .T. ) ;
#485 = VERTEX_POINT ( 'NONE', #3355 ) ;
#486 = DIRECTION ( 'NONE',  ( -0.000000000000000000, -0.000000000000000000, -1.000000000000000000 ) ) ;
#487 = COLOUR_RGB ( '',0.7921568627450980005, 0.8196078431372548767, 0.9333333333333333481 ) ;
#488 = ORIENTED_EDGE ( 'NONE', *, *, #514, .F. ) ;
#489 = CARTESIAN_POINT ( 'NONE',  ( -4.102500000000000036, 0.000000000000000000, -1.034999999999999476 ) ) ;
#490 = EDGE_CURVE ( 'NONE', #3902, #3480, #1162, .T. ) ;
#491 = PLANE ( 'NONE',  #663 ) ;
#492 = VECTOR ( 'NONE', #216, 1000.000000000000000 ) ;
#493 = EDGE_CURVE ( 'NONE', #2323, #3184, #2927, .T. ) ;
#494 = FILL_AREA_STYLE_COLOUR ( '', #2551 ) ;
#495 = CARTESIAN_POINT ( 'NONE',  ( -3.837500000000000355, -3.809999999999999165, 2.032500000000001084 ) ) ;
#496 = STYLED_ITEM ( 'NONE', ( #2550 ), #3434 ) ;
#497 = EDGE_CURVE ( 'NONE', #2536, #3885, #2681, .T. ) ;
#498 = CARTESIAN_POINT ( 'NONE',  ( -3.237499999999999822, 2.795000000000064766, -0.5074999999999992850 ) ) ;
#499 = ORIENTED_EDGE ( 'NONE', *, *, #2611, .F. ) ;
#500 = FACE_OUTER_BOUND ( 'NONE', #836, .T. ) ;
#501 = AXIS2_PLACEMENT_3D ( 'NONE', #901, #255, #2501 ) ;
#502 = VERTEX_POINT ( 'NONE', #2113 ) ;
#503 = CARTESIAN_POINT ( 'NONE',  ( -3.837499999999999911, 2.462500000000064304, 4.572499999999999787 ) ) ;
#504 = AXIS2_PLACEMENT_3D ( 'NONE', #1092, #2358, #713 ) ;
#505 = EDGE_LOOP ( 'NONE', ( #801, #732, #750, #3362 ) ) ;
#506 = CARTESIAN_POINT ( 'NONE',  ( 3.225907752082814550, 2.927500000000065050, 2.032500000000001084 ) ) ;
#507 = ORIENTED_EDGE ( 'NONE', *, *, #1271, .T. ) ;
#508 = DIRECTION ( 'NONE',  ( 0.000000000000000000, 1.000000000000000000, -1.213093339843921105E-16 ) ) ;
#509 = ADVANCED_FACE ( 'NONE', ( #188 ), #460, .T. ) ;
#510 = LINE ( 'NONE', #3047, #3117 ) ;
#511 = ADVANCED_FACE ( 'NONE', ( #500 ), #4028, .F. ) ;
#512 = CARTESIAN_POINT ( 'NONE',  ( 4.102500000000000036, -3.574999999999999734, -3.809999999999999165 ) ) ;
#513 = FACE_OUTER_BOUND ( 'NONE', #1632, .T. ) ;
#514 = EDGE_CURVE ( 'NONE', #708, #2355, #4011, .T. ) ;
#515 = CARTESIAN_POINT ( 'NONE',  ( 3.637499999999999734, 2.462500000000064304, 4.572499999999999787 ) ) ;
#516 = ORIENTED_EDGE ( 'NONE', *, *, #3891, .F. ) ;
#517 = DIRECTION ( 'NONE',  ( -1.000000000000000000, -0.000000000000000000, -0.000000000000000000 ) ) ;
#518 = ADVANCED_FACE ( 'NONE', ( #1471 ), #816, .T. ) ;
#519 = DIRECTION ( 'NONE',  ( -0.000000000000000000, -0.000000000000000000, -1.000000000000000000 ) ) ;
#520 = ORIENTED_EDGE ( 'NONE', *, *, #1244, .F. ) ;
#521 = LINE ( 'NONE', #562, #4074 ) ;
#522 = DIRECTION ( 'NONE',  ( 1.000000000000000000, 1.053666270899885882E-15, 0.000000000000000000 ) ) ;
#523 = DIRECTION ( 'NONE',  ( 6.914003491338339945E-17, 1.000000000000000000, 2.426186679687843197E-16 ) ) ;
#524 = CARTESIAN_POINT ( 'NONE',  ( -3.225907752082815438, 2.662500000000064482, -2.032499999999999307 ) ) ;
#525 = AXIS2_PLACEMENT_3D ( 'NONE', #1777, #567, #1791 ) ;
#526 = DIRECTION ( 'NONE',  ( -1.000000000000000000, 1.053666270899885882E-15, -0.000000000000000000 ) ) ;
#527 = FACE_OUTER_BOUND ( 'NONE', #977, .T. ) ;
#528 = VECTOR ( 'NONE', #1105, 1000.000000000000114 ) ;
#529 = EDGE_CURVE ( 'NONE', #153, #3184, #2430, .T. ) ;
#530 = LINE ( 'NONE', #241, #997 ) ;
#531 = ORIENTED_EDGE ( 'NONE', *, *, #3749, .T. ) ;
#532 = DIRECTION ( 'NONE',  ( -1.000000000000000000, 0.000000000000000000, 0.000000000000000000 ) ) ;
#533 = ORIENTED_EDGE ( 'NONE', *, *, #3761, .F. ) ;
#534 = VECTOR ( 'NONE', #3572, 1000.000000000000000 ) ;
#535 = DIRECTION ( 'NONE',  ( 0.000000000000000000, 0.000000000000000000, 1.000000000000000000 ) ) ;
#536 = CIRCLE ( 'NONE', #2720, 0.4650000000000005795 ) ;
#537 = ORIENTED_EDGE ( 'NONE', *, *, #3064, .T. ) ;
#538 = DIRECTION ( 'NONE',  ( -0.08715574274766166307, -0.9961946980917453232, 0.000000000000000000 ) ) ;
#539 = EDGE_CURVE ( 'NONE', #485, #3052, #3391, .T. ) ;
#540 = ORIENTED_EDGE ( 'NONE', *, *, #1992, .F. ) ;
#541 = ORIENTED_EDGE ( 'NONE', *, *, #3872, .F. ) ;
#542 = AXIS2_PLACEMENT_3D ( 'NONE', #3607, #751, #3630 ) ;
#543 = VECTOR ( 'NONE', #517, 1000.000000000000000 ) ;
#544 = VERTEX_POINT ( 'NONE', #2413 ) ;
#545 = CARTESIAN_POINT ( 'NONE',  ( -3.637499999999999734, 2.662500000000064482, 4.044999999999998153 ) ) ;
#546 = CIRCLE ( 'NONE', #939, 0.2349999999999999589 ) ;
#547 = DIRECTION ( 'NONE',  ( 0.08715574274765519602, 0.9961946980917458783, 0.000000000000000000 ) ) ;
#548 = EDGE_CURVE ( 'NONE', #715, #1587, #832, .T. ) ;
#549 = DIRECTION ( 'NONE',  ( -0.000000000000000000, 1.000000000000000000, 2.426186679687843197E-16 ) ) ;
#550 = EDGE_CURVE ( 'NONE', #1343, #1840, #1436, .T. ) ;
#551 = CARTESIAN_POINT ( 'NONE',  ( 3.237499999999999822, 2.795000000000064766, 2.032500000000001084 ) ) ;
#552 = CARTESIAN_POINT ( 'NONE',  ( 3.237499999999999822, 2.795000000000064766, 0.5075000000000009504 ) ) ;
#553 = VERTEX_POINT ( 'NONE', #1748 ) ;
#554 = VERTEX_POINT ( 'NONE', #1488 ) ;
#555 = DIRECTION ( 'NONE',  ( 0.000000000000000000, 1.000000000000000000, 0.000000000000000000 ) ) ;
#556 = PLANE ( 'NONE',  #999 ) ;
#557 = CARTESIAN_POINT ( 'NONE',  ( 4.102500000000000036, 2.462500000000064304, -2.032499999999999307 ) ) ;
#558 = EDGE_CURVE ( 'NONE', #2948, #2802, #3633, .T. ) ;
#559 = DIRECTION ( 'NONE',  ( 1.000000000000000000, 0.000000000000000000, -0.000000000000000000 ) ) ;
#560 = AXIS2_PLACEMENT_3D ( 'NONE', #3882, #2385, #2653 ) ;
#561 = VERTEX_POINT ( 'NONE', #2374 ) ;
#562 = CARTESIAN_POINT ( 'NONE',  ( 4.102500000000000036, -3.575000000000000178, -1.504999999999999005 ) ) ;
#563 = VECTOR ( 'NONE', #4037, 1000.000000000000000 ) ;
#564 = ORIENTED_EDGE ( 'NONE', *, *, #282, .F. ) ;
#565 = LINE ( 'NONE', #233, #3035 ) ;
#566 = VECTOR ( 'NONE', #2622, 1000.000000000000114 ) ;
#567 = DIRECTION ( 'NONE',  ( 0.000000000000000000, 1.000000000000000000, -0.000000000000000000 ) ) ;
#568 = PLANE ( 'NONE',  #227 ) ;
#569 = EDGE_CURVE ( 'NONE', #2683, #2245, #1782, .T. ) ;
#570 = CARTESIAN_POINT ( 'NONE',  ( 3.082207622241484923, 4.570000000000000284, 0.000000000000000000 ) ) ;
#571 = CARTESIAN_POINT ( 'NONE',  ( -4.102500000000000036, 0.000000000000000000, -3.047499999999999432 ) ) ;
#572 = LINE ( 'NONE', #1232, #1586 ) ;
#573 = DIRECTION ( 'NONE',  ( -1.000000000000000000, 0.000000000000000000, 0.000000000000000000 ) ) ;
#574 = LINE ( 'NONE', #2448, #8 ) ;
#575 = PLANE ( 'NONE',  #1886 ) ;
#576 = EDGE_CURVE ( 'NONE', #4045, #416, #3056, .T. ) ;
#577 = VERTEX_POINT ( 'NONE', #207 ) ;
#578 = CARTESIAN_POINT ( 'NONE',  ( 3.837499999999999911, 2.462500000000065192, -4.044999999999998153 ) ) ;
#579 = ORIENTED_EDGE ( 'NONE', *, *, #3790, .T. ) ;
#580 = DIRECTION ( 'NONE',  ( 0.000000000000000000, -0.000000000000000000, 1.000000000000000000 ) ) ;
#581 = EDGE_CURVE ( 'NONE', #926, #3390, #3650, .T. ) ;
#582 = DIRECTION ( 'NONE',  ( -6.914003491338339945E-17, -1.000000000000000000, 1.213093339843921105E-16 ) ) ;
#583 = EDGE_CURVE ( 'NONE', #2054, #1066, #1528, .T. ) ;
#584 = EDGE_CURVE ( 'NONE', #1324, #3723, #1123, .T. ) ;
#585 = CARTESIAN_POINT ( 'NONE',  ( 4.102500000000000036, 0.000000000000000000, -1.034999999999999476 ) ) ;
#586 = CYLINDRICAL_SURFACE ( 'NONE', #2623, 0.2000000000000000944 ) ;
#587 = ORIENTED_EDGE ( 'NONE', *, *, #2742, .F. ) ;
#588 = MANIFOLD_SOLID_BREP ( 'Cut-Extrude3[4]', #3931 ) ;
#589 = CARTESIAN_POINT ( 'NONE',  ( 3.225907752082814550, 2.927500000000065050, -3.047499999999999432 ) ) ;
#590 = ORIENTED_EDGE ( 'NONE', *, *, #1871, .T. ) ;
#591 =( LENGTH_UNIT ( ) NAMED_UNIT ( * ) SI_UNIT ( .MILLI., .METRE. ) );
#592 = CIRCLE ( 'NONE', #2518, 0.8999999999999998002 ) ;
#593 = ORIENTED_EDGE ( 'NONE', *, *, #1709, .F. ) ;
#594 = DIRECTION ( 'NONE',  ( 0.000000000000000000, 1.000000000000000000, 0.000000000000000000 ) ) ;
#595 = AXIS2_PLACEMENT_3D ( 'NONE', #1096, #1981, #2690 ) ;
#596 = ORIENTED_EDGE ( 'NONE', *, *, #3326, .T. ) ;
#597 = VECTOR ( 'NONE', #401, 1000.000000000000000 ) ;
#598 = LINE ( 'NONE', #318, #2006 ) ;
#599 = ORIENTED_EDGE ( 'NONE', *, *, #1323, .F. ) ;
#600 = CLOSED_SHELL ( 'NONE', ( #1639, #1534, #3133, #1195, #3754, #697, #1768, #1200, #2298, #1231, #1550, #1754, #2911 ) ) ;
#601 = VECTOR ( 'NONE', #3010, 1000.000000000000000 ) ;
#602 = DIRECTION ( 'NONE',  ( -1.000000000000000000, 0.000000000000000000, 0.000000000000000000 ) ) ;
#603 = CARTESIAN_POINT ( 'NONE',  ( -3.837500000000000355, -3.809999999999998721, 3.575000000000001066 ) ) ;
#604 = AXIS2_PLACEMENT_3D ( 'NONE', #249, #2200, #621 ) ;
#605 = UNCERTAINTY_MEASURE_WITH_UNIT (LENGTH_MEASURE( 1.000000000000000082E-05 ), #648, 'distance_accuracy_value', 'NONE');
#606 = LINE ( 'NONE', #3183, #2088 ) ;
#607 = EDGE_CURVE ( 'NONE', #3458, #1164, #574, .T. ) ;
#608 = VECTOR ( 'NONE', #3905, 1000.000000000000000 ) ;
#609 = CARTESIAN_POINT ( 'NONE',  ( -2.337500000000000355, 4.169999999999999929, -3.735000000000000320 ) ) ;
#610 = VECTOR ( 'NONE', #2970, 1000.000000000000000 ) ;
#611 = AXIS2_PLACEMENT_3D ( 'NONE', #136, #1578, #1688 ) ;
#612 = LINE ( 'NONE', #585, #2400 ) ;
#613 = CARTESIAN_POINT ( 'NONE',  ( 3.837500000000000355, -3.809999999999999165, -2.032499999999999307 ) ) ;
#614 = PLANE ( 'NONE',  #1327 ) ;
#615 = DIRECTION ( 'NONE',  ( 0.000000000000000000, 0.000000000000000000, 1.000000000000000000 ) ) ;
#616 = SURFACE_STYLE_FILL_AREA ( #887 ) ;
#617 = PLANE ( 'NONE',  #3143 ) ;
#618 = DIRECTION ( 'NONE',  ( 1.000000000000000000, -0.000000000000000000, -0.000000000000000000 ) ) ;
#619 = EDGE_CURVE ( 'NONE', #1727, #1305, #3409, .T. ) ;
#620 = ORIENTED_EDGE ( 'NONE', *, *, #2471, .T. ) ;
#621 = DIRECTION ( 'NONE',  ( 0.000000000000000000, 0.000000000000000000, 1.000000000000000000 ) ) ;
#622 = ORIENTED_EDGE ( 'NONE', *, *, #910, .F. ) ;
#623 = VERTEX_POINT ( 'NONE', #1903 ) ;
#624 = LINE ( 'NONE', #2803, #200 ) ;
#625 = AXIS2_PLACEMENT_3D ( 'NONE', #2228, #1227, #3788 ) ;
#626 = DIRECTION ( 'NONE',  ( 1.000000000000000000, 0.000000000000000000, 0.000000000000000000 ) ) ;
#627 = VECTOR ( 'NONE', #3449, 1000.000000000000000 ) ;
#628 = AXIS2_PLACEMENT_3D ( 'NONE', #950, #1278, #1201 ) ;
#629 = PLANE ( 'NONE',  #1794 ) ;
#630 = EDGE_CURVE ( 'NONE', #3975, #1636, #3348, .T. ) ;
#631 = DIRECTION ( 'NONE',  ( 0.000000000000000000, -1.000000000000000000, -2.426186679687843197E-16 ) ) ;
#632 = ORIENTED_EDGE ( 'NONE', *, *, #1838, .F. ) ;
#633 = DIRECTION ( 'NONE',  ( -1.000000000000000000, 0.000000000000000000, 0.000000000000000000 ) ) ;
#634 = PLANE ( 'NONE',  #890 ) ;
#635 = MANIFOLD_SOLID_BREP ( 'Cut-Extrude3[1]', #1860 ) ;
#636 = DIRECTION ( 'NONE',  ( -1.000000000000000000, 0.000000000000000000, 0.000000000000000000 ) ) ;
#637 = CYLINDRICAL_SURFACE ( 'NONE', #1934, 0.4650000000000005795 ) ;
#638 = CARTESIAN_POINT ( 'NONE',  ( -3.237499999999999822, 4.570000000000000284, -4.479707622241485332 ) ) ;
#639 = DIRECTION ( 'NONE',  ( 0.000000000000000000, -1.213093339843921105E-16, -1.000000000000000000 ) ) ;
#640 = VERTEX_POINT ( 'NONE', #3760 ) ;
#641 = CARTESIAN_POINT ( 'NONE',  ( -2.337500000000000355, 4.570000000000000284, -4.135000000000000675 ) ) ;
#642 = VERTEX_POINT ( 'NONE', #1523 ) ;
#643 = LINE ( 'NONE', #952, #2342 ) ;
#644 = EDGE_LOOP ( 'NONE', ( #7, #1317, #2794, #2112, #3157, #3859, #3055, #4105 ) ) ;
#645 = ADVANCED_FACE ( 'NONE', ( #4062 ), #3128, .F. ) ;
#646 = ORIENTED_EDGE ( 'NONE', *, *, #4052, .T. ) ;
#647 = LINE ( 'NONE', #268, #2338 ) ;
#648 =( LENGTH_UNIT ( ) NAMED_UNIT ( * ) SI_UNIT ( .MILLI., .METRE. ) );
#649 = APPLICATION_CONTEXT ( 'automotive_design' ) ;
#650 = DIRECTION ( 'NONE',  ( 0.000000000000000000, -0.000000000000000000, 1.000000000000000000 ) ) ;
#651 = CARTESIAN_POINT ( 'NONE',  ( -3.225907752082815438, 2.662500000000064482, -0.5074999999999992850 ) ) ;
#652 = ORIENTED_EDGE ( 'NONE', *, *, #3877, .F. ) ;
#653 = DIRECTION ( 'NONE',  ( 0.000000000000000000, 0.000000000000000000, 1.000000000000000000 ) ) ;
#654 = DIRECTION ( 'NONE',  ( -0.000000000000000000, -0.000000000000000000, -1.000000000000000000 ) ) ;
#655 = FACE_OUTER_BOUND ( 'NONE', #2285, .T. ) ;
#656 = PLANE ( 'NONE',  #2850 ) ;
#657 = CARTESIAN_POINT ( 'NONE',  ( 4.102500000000000036, -1.734723475976807094E-15, -1.504999999999998117 ) ) ;
#658 =( NAMED_UNIT ( * ) PLANE_ANGLE_UNIT ( ) SI_UNIT ( $, .RADIAN. ) );
#659 = EDGE_CURVE ( 'NONE', #3442, #2981, #4080, .T. ) ;
#660 = LINE ( 'NONE', #1928, #2955 ) ;
#661 = ORIENTED_EDGE ( 'NONE', *, *, #251, .T. ) ;
#662 = DIRECTION ( 'NONE',  ( 0.000000000000000000, -1.213093339843921105E-16, -1.000000000000000000 ) ) ;
#663 = AXIS2_PLACEMENT_3D ( 'NONE', #3030, #2961, #3320 ) ;
#664 = ORIENTED_EDGE ( 'NONE', *, *, #4036, .T. ) ;
#665 = CARTESIAN_POINT ( 'NONE',  ( 3.048435745274456377, 4.956014320095573744, -4.445935745274456785 ) ) ;
#666 = AXIS2_PLACEMENT_3D ( 'NONE', #515, #1723, #3015 ) ;
#667 = EDGE_CURVE ( 'NONE', #993, #313, #411, .T. ) ;
#668 = CYLINDRICAL_SURFACE ( 'NONE', #2421, 0.4650000000000005795 ) ;
#669 = VECTOR ( 'NONE', #2232, 1000.000000000000000 ) ;
#670 = VERTEX_POINT ( 'NONE', #2193 ) ;
#671 = EDGE_CURVE ( 'NONE', #1214, #2117, #2136, .T. ) ;
#672 = CLOSED_SHELL ( 'NONE', ( #1027, #4057, #3523, #3236, #2356, #1764, #3089, #3463, #1592, #826, #90, #509, #2675, #1501, #3833 ) ) ;
#673 = CARTESIAN_POINT ( 'NONE',  ( 3.225907752082815438, 2.662500000000064482, 3.047500000000000764 ) ) ;
#674 = DIRECTION ( 'NONE',  ( -0.000000000000000000, -0.000000000000000000, -1.000000000000000000 ) ) ;
#675 = CARTESIAN_POINT ( 'NONE',  ( 3.237499999999999822, 4.570000000000000284, 4.479707622241483556 ) ) ;
#676 = VECTOR ( 'NONE', #3439, 999.9999999999998863 ) ;
#677 = EDGE_CURVE ( 'NONE', #3017, #211, #3732, .T. ) ;
#678 = PLANE ( 'NONE',  #263 ) ;
#679 = CYLINDRICAL_SURFACE ( 'NONE', #809, 0.4000000000000001887 ) ;
#680 = VECTOR ( 'NONE', #2504, 1000.000000000000000 ) ;
#681 =( NAMED_UNIT ( * ) SI_UNIT ( $, .STERADIAN. ) SOLID_ANGLE_UNIT ( ) );
#682 = VERTEX_POINT ( 'NONE', #701 ) ;
#683 = FACE_OUTER_BOUND ( 'NONE', #2243, .T. ) ;
#684 = MANIFOLD_SOLID_BREP ( 'LPattern1[4]', #3536 ) ;
#685 = ORIENTED_EDGE ( 'NONE', *, *, #3107, .T. ) ;
#686 = PLANE ( 'NONE',  #3614 ) ;
#687 = EDGE_CURVE ( 'NONE', #1662, #59, #31, .T. ) ;
#688 = ORIENTED_EDGE ( 'NONE', *, *, #251, .F. ) ;
#689 = EDGE_LOOP ( 'NONE', ( #1223, #1749, #3876, #2862 ) ) ;
#690 = DIRECTION ( 'NONE',  ( -1.000000000000000000, 6.914003491338339945E-17, 0.000000000000000000 ) ) ;
#691 = ORIENTED_EDGE ( 'NONE', *, *, #3036, .F. ) ;
#692 = MECHANICAL_DESIGN_GEOMETRIC_PRESENTATION_REPRESENTATION (  '', ( #1025 ), #3487 ) ;
#693 = CYLINDRICAL_SURFACE ( 'NONE', #1400, 0.4000000000000001887 ) ;
#694 = CIRCLE ( 'NONE', #1618, 0.2349999999999999589 ) ;
#695 = CARTESIAN_POINT ( 'NONE',  ( -3.637500000000000178, 2.927500000000064606, -4.044999999999998153 ) ) ;
#696 = DIRECTION ( 'NONE',  ( -1.000000000000000000, -0.000000000000000000, -0.000000000000000000 ) ) ;
#697 = ADVANCED_FACE ( 'NONE', ( #2942 ), #339, .F. ) ;
#698 = VECTOR ( 'NONE', #442, 1000.000000000000000 ) ;
#699 = CARTESIAN_POINT ( 'NONE',  ( 4.102500000000000036, 0.000000000000000000, -0.5074999999999992850 ) ) ;
#700 = CARTESIAN_POINT ( 'NONE',  ( -3.637499999999999734, 2.462500000000064304, -3.047499999999999432 ) ) ;
#701 = CARTESIAN_POINT ( 'NONE',  ( -2.337500000000000355, 4.570000000000000284, -3.335000000000000409 ) ) ;
#702 = LINE ( 'NONE', #1101, #3023 ) ;
#703 = VERTEX_POINT ( 'NONE', #1674 ) ;
#704 = ORIENTED_EDGE ( 'NONE', *, *, #3176, .T. ) ;
#705 = CARTESIAN_POINT ( 'NONE',  ( 3.225907752082815438, 2.662500000000064482, -0.5074999999999992850 ) ) ;
#706 = MANIFOLD_SOLID_BREP ( 'LPattern1[1]', #2922 ) ;
#707 = CARTESIAN_POINT ( 'NONE',  ( 3.837499999999999911, -1.734723475976807094E-15, 3.575000000000001954 ) ) ;
#708 = VERTEX_POINT ( 'NONE', #74 ) ;
#709 = DIRECTION ( 'NONE',  ( -1.000000000000000000, 0.000000000000000000, 0.000000000000000000 ) ) ;
#710 = ORIENTED_EDGE ( 'NONE', *, *, #2159, .F. ) ;
#711 = VERTEX_POINT ( 'NONE', #1947 ) ;
#712 = ORIENTED_EDGE ( 'NONE', *, *, #539, .T. ) ;
#713 = DIRECTION ( 'NONE',  ( 1.000000000000000000, 0.000000000000000000, -0.000000000000000000 ) ) ;
#714 = EDGE_CURVE ( 'NONE', #3955, #3783, #1034, .T. ) ;
#715 = VERTEX_POINT ( 'NONE', #3515 ) ;
#716 = DIRECTION ( 'NONE',  ( 0.000000000000000000, 0.000000000000000000, 1.000000000000000000 ) ) ;
#717 = EDGE_CURVE ( 'NONE', #2301, #3174, #2302, .T. ) ;
#718 = DIRECTION ( 'NONE',  ( 0.000000000000000000, 0.000000000000000000, 1.000000000000000000 ) ) ;
#719 = DIRECTION ( 'NONE',  ( 1.000000000000000000, 6.914003491338339945E-17, -0.000000000000000000 ) ) ;
#720 =( NAMED_UNIT ( * ) PLANE_ANGLE_UNIT ( ) SI_UNIT ( $, .RADIAN. ) );
#721 = EDGE_CURVE ( 'NONE', #1636, #3580, #3576, .T. ) ;
#722 = LINE ( 'NONE', #1900, #4107 ) ;
#723 = DIRECTION ( 'NONE',  ( 0.000000000000000000, -2.426186679687843197E-16, 1.000000000000000000 ) ) ;
#724 = DIRECTION ( 'NONE',  ( -1.000000000000000000, 1.053666270899885882E-15, -0.000000000000000000 ) ) ;
#725 = LINE ( 'NONE', #1120, #1286 ) ;
#726 = VERTEX_POINT ( 'NONE', #2871 ) ;
#727 = DIRECTION ( 'NONE',  ( -1.000000000000000000, -0.000000000000000000, -0.000000000000000000 ) ) ;
#728 = DIRECTION ( 'NONE',  ( -0.000000000000000000, -0.000000000000000000, -1.000000000000000000 ) ) ;
#729 = ORIENTED_EDGE ( 'NONE', *, *, #800, .T. ) ;
#730 = FACE_OUTER_BOUND ( 'NONE', #3312, .T. ) ;
#731 = ORIENTED_EDGE ( 'NONE', *, *, #3861, .T. ) ;
#732 = ORIENTED_EDGE ( 'NONE', *, *, #919, .F. ) ;
#733 = DIRECTION ( 'NONE',  ( 0.000000000000000000, 0.000000000000000000, -1.000000000000000000 ) ) ;
#734 = ORIENTED_EDGE ( 'NONE', *, *, #3451, .F. ) ;
#735 = CIRCLE ( 'NONE', #3785, 0.8999999999999998002 ) ;
#736 = PLANE ( 'NONE',  #1412 ) ;
#737 = MANIFOLD_SOLID_BREP ( 'Cut-Extrude3[2]', #1260 ) ;
#738 = VECTOR ( 'NONE', #3513, 999.9999999999998863 ) ;
#739 = FACE_OUTER_BOUND ( 'NONE', #1929, .T. ) ;
#740 =( LENGTH_UNIT ( ) NAMED_UNIT ( * ) SI_UNIT ( .MILLI., .METRE. ) );
#741 = CIRCLE ( 'NONE', #3668, 0.8999999999999998002 ) ;
#742 = EDGE_CURVE ( 'NONE', #1593, #3892, #1291, .T. ) ;
#743 = PLANE ( 'NONE',  #475 ) ;
#744 = DIRECTION ( 'NONE',  ( 0.000000000000000000, 0.000000000000000000, 1.000000000000000000 ) ) ;
#745 = CIRCLE ( 'NONE', #400, 0.2349999999999999589 ) ;
#746 = DIRECTION ( 'NONE',  ( 0.000000000000000000, 0.000000000000000000, 1.000000000000000000 ) ) ;
#747 = CARTESIAN_POINT ( 'NONE',  ( 3.637499999999999734, 2.462500000000064304, -3.047499999999999432 ) ) ;
#748 = FILL_AREA_STYLE ('',( #966 ) ) ;
#749 = DIRECTION ( 'NONE',  ( 0.000000000000000000, -1.000000000000000000, 1.213093339843921105E-16 ) ) ;
#750 = ORIENTED_EDGE ( 'NONE', *, *, #1301, .T. ) ;
#751 = DIRECTION ( 'NONE',  ( -0.9961946980917453232, 0.08715574274766166307, 0.000000000000000000 ) ) ;
#752 = VECTOR ( 'NONE', #2258, 1000.000000000000000 ) ;
#753 = VECTOR ( 'NONE', #1116, 1000.000000000000000 ) ;
#754 = COLOUR_RGB ( '',0.7921568627450980005, 0.8196078431372548767, 0.9333333333333333481 ) ;
#755 = CARTESIAN_POINT ( 'NONE',  ( -3.637499999999999734, 2.662500000000064482, -0.5074999999999992850 ) ) ;
#756 = ORIENTED_EDGE ( 'NONE', *, *, #1573, .T. ) ;
#757 = CARTESIAN_POINT ( 'NONE',  ( 4.102500000000000036, -3.574999999999999734, 3.810000000000000941 ) ) ;
#758 = VERTEX_POINT ( 'NONE', #3535 ) ;
#759 = EDGE_CURVE ( 'NONE', #3949, #1910, #2666, .T. ) ;
#760 = ORIENTED_EDGE ( 'NONE', *, *, #1235, .F. ) ;
#761 = CARTESIAN_POINT ( 'NONE',  ( 3.225907752082814550, 2.927500000000064606, 4.044999999999998153 ) ) ;
#762 = ORIENTED_EDGE ( 'NONE', *, *, #2491, .T. ) ;
#763 = ORIENTED_EDGE ( 'NONE', *, *, #217, .T. ) ;
#764 = FACE_OUTER_BOUND ( 'NONE', #2658, .T. ) ;
#765 = CARTESIAN_POINT ( 'NONE',  ( 3.837500000000000355, -3.809999999999999165, 2.032500000000001084 ) ) ;
#766 = CARTESIAN_POINT ( 'NONE',  ( 3.637499999999999734, 2.927500000000064606, 3.047500000000000764 ) ) ;
#767 = CARTESIAN_POINT ( 'NONE',  ( -2.337500000000000355, 4.570000000000000284, -3.735000000000000320 ) ) ;
#768 = EDGE_CURVE ( 'NONE', #1182, #3892, #3640, .T. ) ;
#769 = VECTOR ( 'NONE', #1675, 1000.000000000000000 ) ;
#770 = CYLINDRICAL_SURFACE ( 'NONE', #3674, 0.4650000000000005795 ) ;
#771 = CARTESIAN_POINT ( 'NONE',  ( -2.337500000000000355, 4.570000000000000284, -4.135000000000000675 ) ) ;
#772 = AXIS2_PLACEMENT_3D ( 'NONE', #3091, #2712, #2076 ) ;
#773 = ORIENTED_EDGE ( 'NONE', *, *, #277, .T. ) ;
#774 = DIRECTION ( 'NONE',  ( 0.000000000000000000, -1.000000000000000000, 0.000000000000000000 ) ) ;
#775 = DIRECTION ( 'NONE',  ( -1.000000000000000000, 0.000000000000000000, 0.000000000000000000 ) ) ;
#776 = EDGE_LOOP ( 'NONE', ( #3461, #1707, #3078, #1417 ) ) ;
#777 = CARTESIAN_POINT ( 'NONE',  ( 3.637499999999999734, 2.927500000000064606, 4.572499999999999787 ) ) ;
#778 = ORIENTED_EDGE ( 'NONE', *, *, #2562, .T. ) ;
#779 = ADVANCED_FACE ( 'NONE', ( #444 ), #736, .F. ) ;
#780 = ORIENTED_EDGE ( 'NONE', *, *, #619, .T. ) ;
#781 = CARTESIAN_POINT ( 'NONE',  ( 3.837499999999999911, -1.734723475976807094E-15, 0.5075000000000009504 ) ) ;
#782 = ORIENTED_EDGE ( 'NONE', *, *, #3608, .T. ) ;
#783 = ADVANCED_FACE ( 'NONE', ( #1395 ), #1094, .F. ) ;
#784 = FACE_OUTER_BOUND ( 'NONE', #3692, .T. ) ;
#785 = ORIENTED_EDGE ( 'NONE', *, *, #2371, .F. ) ;
#786 = CARTESIAN_POINT ( 'NONE',  ( -4.102500000000000036, -1.734723475976807094E-15, -2.032499999999998419 ) ) ;
#787 = CARTESIAN_POINT ( 'NONE',  ( -4.102500000000000036, 2.462500000000064304, 3.047500000000000764 ) ) ;
#788 = PLANE ( 'NONE',  #1329 ) ;
#789 = DIRECTION ( 'NONE',  ( -1.000000000000000000, 0.000000000000000000, 0.000000000000000000 ) ) ;
#790 = ORIENTED_EDGE ( 'NONE', *, *, #2257, .T. ) ;
#791 = LINE ( 'NONE', #2053, #3364 ) ;
#792 = ORIENTED_EDGE ( 'NONE', *, *, #1373, .F. ) ;
#793 = LINE ( 'NONE', #3685, #2723 ) ;
#794 = ORIENTED_EDGE ( 'NONE', *, *, #3969, .F. ) ;
#795 = DIRECTION ( 'NONE',  ( 0.08715574274766166307, -0.9961946980917453232, -0.000000000000000000 ) ) ;
#796 = EDGE_LOOP ( 'NONE', ( #2290, #2988, #2528, #2241 ) ) ;
#797 = EDGE_CURVE ( 'NONE', #1805, #2503, #3275, .T. ) ;
#798 = ORIENTED_EDGE ( 'NONE', *, *, #3861, .F. ) ;
#799 = CARTESIAN_POINT ( 'NONE',  ( 4.102500000000000036, -1.734723475976807094E-15, 3.575000000000001954 ) ) ;
#800 = EDGE_CURVE ( 'NONE', #2643, #1653, #2541, .T. ) ;
#801 = ORIENTED_EDGE ( 'NONE', *, *, #1401, .F. ) ;
#802 = DIRECTION ( 'NONE',  ( -1.000000000000000000, 1.053666270899885882E-15, -0.000000000000000000 ) ) ;
#803 = DIRECTION ( 'NONE',  ( 0.08715574274765519602, -0.9961946980917458783, 0.000000000000000000 ) ) ;
#804 = DIRECTION ( 'NONE',  ( -0.000000000000000000, -0.000000000000000000, -1.000000000000000000 ) ) ;
#805 = AXIS2_PLACEMENT_3D ( 'NONE', #2767, #3729, #880 ) ;
#806 = ADVANCED_FACE ( 'NONE', ( #784 ), #2207, .F. ) ;
#807 = AXIS2_PLACEMENT_3D ( 'NONE', #4094, #2793, #3738 ) ;
#808 = DIRECTION ( 'NONE',  ( -0.08715574274766166307, -0.9961946980917453232, 0.000000000000000000 ) ) ;
#809 = AXIS2_PLACEMENT_3D ( 'NONE', #1627, #47, #2912 ) ;
#810 = AXIS2_PLACEMENT_3D ( 'NONE', #512, #1480, #3405 ) ;
#811 = ORIENTED_EDGE ( 'NONE', *, *, #2630, .F. ) ;
#812 = EDGE_CURVE ( 'NONE', #847, #1351, #546, .T. ) ;
#813 = LINE ( 'NONE', #3631, #3467 ) ;
#814 = VERTEX_POINT ( 'NONE', #3618 ) ;
#815 = AXIS2_PLACEMENT_3D ( 'NONE', #757, #1388, #1320 ) ;
#816 = PLANE ( 'NONE',  #2795 ) ;
#817 = VECTOR ( 'NONE', #2360, 1000.000000000000000 ) ;
#818 = CARTESIAN_POINT ( 'NONE',  ( -3.837499999999999023, -1.734723475976807094E-15, -2.032499999999998419 ) ) ;
#819 = ORIENTED_EDGE ( 'NONE', *, *, #1491, .T. ) ;
#820 = PLANE ( 'NONE',  #821 ) ;
#821 = AXIS2_PLACEMENT_3D ( 'NONE', #2452, #2741, #538 ) ;
#822 = ORIENTED_EDGE ( 'NONE', *, *, #1473, .T. ) ;
#823 = LINE ( 'NONE', #4033, #2206 ) ;
#824 = DIRECTION ( 'NONE',  ( 6.914003491338339945E-17, -1.000000000000000000, -0.000000000000000000 ) ) ;
#825 = DIRECTION ( 'NONE',  ( -1.000000000000000000, -0.000000000000000000, -0.000000000000000000 ) ) ;
#826 = ADVANCED_FACE ( 'NONE', ( #3834 ), #1711, .T. ) ;
#827 = VERTEX_POINT ( 'NONE', #982 ) ;
#828 = DIRECTION ( 'NONE',  ( 0.000000000000000000, -1.000000000000000000, 0.000000000000000000 ) ) ;
#829 = EDGE_LOOP ( 'NONE', ( #107, #691, #1045, #1540 ) ) ;
#830 = DIRECTION ( 'NONE',  ( 0.000000000000000000, 0.000000000000000000, 1.000000000000000000 ) ) ;
#831 = EDGE_LOOP ( 'NONE', ( #2038, #3939, #2928, #1275 ) ) ;
#832 = LINE ( 'NONE', #225, #5 ) ;
#833 = VECTOR ( 'NONE', #2477, 1000.000000000000000 ) ;
#834 = VECTOR ( 'NONE', #2160, 1000.000000000000000 ) ;
#835 = DIRECTION ( 'NONE',  ( 0.000000000000000000, -0.000000000000000000, 1.000000000000000000 ) ) ;
#836 = EDGE_LOOP ( 'NONE', ( #1594, #418, #1812, #369 ) ) ;
#837 = DIRECTION ( 'NONE',  ( -0.000000000000000000, 1.000000000000000000, 0.000000000000000000 ) ) ;
#838 = DIRECTION ( 'NONE',  ( 0.000000000000000000, -1.213093339843921105E-16, -1.000000000000000000 ) ) ;
#839 = CARTESIAN_POINT ( 'NONE',  ( 2.994638793376242441E-17, 4.570000000000000284, -4.479707622241487108 ) ) ;
#840 = DIRECTION ( 'NONE',  ( -1.000000000000000000, 0.000000000000000000, 0.000000000000000000 ) ) ;
#841 = EDGE_CURVE ( 'NONE', #1820, #1204, #2410, .T. ) ;
#842 = EDGE_CURVE ( 'NONE', #1910, #2900, #2842, .T. ) ;
#843 = LINE ( 'NONE', #221, #2090 ) ;
#844 = PLANE ( 'NONE',  #2809 ) ;
#845 = EDGE_CURVE ( 'NONE', #502, #2948, #3508, .T. ) ;
#846 = PLANE ( 'NONE',  #2331 ) ;
#847 = VERTEX_POINT ( 'NONE', #1603 ) ;
#848 = CARTESIAN_POINT ( 'NONE',  ( -3.637499999999999734, 2.662500000000064482, 2.032500000000001084 ) ) ;
#849 = VERTEX_POINT ( 'NONE', #2864 ) ;
#850 = DIRECTION ( 'NONE',  ( -0.000000000000000000, 1.000000000000000000, 2.426186679687843197E-16 ) ) ;
#851 = ORIENTED_EDGE ( 'NONE', *, *, #1228, .F. ) ;
#852 = DIRECTION ( 'NONE',  ( -0.000000000000000000, 1.000000000000000000, 0.000000000000000000 ) ) ;
#853 = ORIENTED_EDGE ( 'NONE', *, *, #3212, .T. ) ;
#854 = VERTEX_POINT ( 'NONE', #20 ) ;
#855 = FACE_OUTER_BOUND ( 'NONE', #3937, .T. ) ;
#856 = DIRECTION ( 'NONE',  ( -0.000000000000000000, 1.000000000000000000, -0.000000000000000000 ) ) ;
#857 = DIRECTION ( 'NONE',  ( -1.053666270899885882E-15, -1.000000000000000000, 0.000000000000000000 ) ) ;
#858 = EDGE_CURVE ( 'NONE', #3038, #208, #274, .T. ) ;
#859 = VECTOR ( 'NONE', #303, 1000.000000000000000 ) ;
#860 = DIRECTION ( 'NONE',  ( 6.914003491338339945E-17, 1.000000000000000000, 0.000000000000000000 ) ) ;
#861 = FACE_OUTER_BOUND ( 'NONE', #2378, .T. ) ;
#862 = APPLICATION_CONTEXT ( 'automotive_design' ) ;
#863 = VECTOR ( 'NONE', #1642, 1000.000000000000114 ) ;
#864 = DIRECTION ( 'NONE',  ( 1.000000000000000000, -0.000000000000000000, 0.000000000000000000 ) ) ;
#865 = ORIENTED_EDGE ( 'NONE', *, *, #3749, .F. ) ;
#866 = CARTESIAN_POINT ( 'NONE',  ( 4.102500000000000036, -1.734723475976807094E-15, -4.044999999999998153 ) ) ;
#867 = ORIENTED_EDGE ( 'NONE', *, *, #3547, .T. ) ;
#868 = AXIS2_PLACEMENT_3D ( 'NONE', #1098, #3551, #468 ) ;
#869 = EDGE_LOOP ( 'NONE', ( #3717, #2390, #3043, #3338 ) ) ;
#870 = DIRECTION ( 'NONE',  ( 1.000000000000000000, 6.914003491338339945E-17, -0.000000000000000000 ) ) ;
#871 = VECTOR ( 'NONE', #3839, 1000.000000000000000 ) ;
#872 = ORIENTED_EDGE ( 'NONE', *, *, #350, .F. ) ;
#873 = LINE ( 'NONE', #3691, #293 ) ;
#874 = VERTEX_POINT ( 'NONE', #2083 ) ;
#875 = EDGE_CURVE ( 'NONE', #1047, #2995, #3381, .T. ) ;
#876 = VECTOR ( 'NONE', #1613, 1000.000000000000000 ) ;
#877 = VERTEX_POINT ( 'NONE', #1753 ) ;
#878 = DIRECTION ( 'NONE',  ( 1.000000000000000000, -0.000000000000000000, -0.000000000000000000 ) ) ;
#879 = VECTOR ( 'NONE', #724, 1000.000000000000000 ) ;
#880 = DIRECTION ( 'NONE',  ( 0.000000000000000000, 0.000000000000000000, 1.000000000000000000 ) ) ;
#881 = CARTESIAN_POINT ( 'NONE',  ( 3.225907752082814550, 2.927500000000065050, -0.5074999999999992850 ) ) ;
#882 = DIRECTION ( 'NONE',  ( -0.000000000000000000, -0.000000000000000000, -1.000000000000000000 ) ) ;
#883 = DIRECTION ( 'NONE',  ( 0.000000000000000000, 0.000000000000000000, 1.000000000000000000 ) ) ;
#884 = ADVANCED_FACE ( 'NONE', ( #3672 ), #1169, .F. ) ;
#885 = DIRECTION ( 'NONE',  ( -1.000000000000000000, -0.000000000000000000, -0.000000000000000000 ) ) ;
#886 = EDGE_LOOP ( 'NONE', ( #472, #1065, #25, #3719, #3057, #2610, #1846, #443, #1419 ) ) ;
#887 = FILL_AREA_STYLE ('',( #905 ) ) ;
#888 = AXIS2_PLACEMENT_3D ( 'NONE', #305, #3831, #979 ) ;
#889 = CARTESIAN_POINT ( 'NONE',  ( -4.102500000000000036, 2.462500000000064304, 0.5075000000000009504 ) ) ;
#890 = AXIS2_PLACEMENT_3D ( 'NONE', #2545, #2867, #2825 ) ;
#891 = ORIENTED_EDGE ( 'NONE', *, *, #2269, .T. ) ;
#892 = AXIS2_PLACEMENT_3D ( 'NONE', #799, #3042, #1508 ) ;
#893 = DIRECTION ( 'NONE',  ( -1.000000000000000000, -0.000000000000000000, -0.000000000000000000 ) ) ;
#894 = ADVANCED_FACE ( 'NONE', ( #3044 ), #2118, .F. ) ;
#895 = AXIS2_PLACEMENT_3D ( 'NONE', #984, #2251, #3531 ) ;
#896 = DIRECTION ( 'NONE',  ( -0.000000000000000000, -0.000000000000000000, -1.000000000000000000 ) ) ;
#897 = ADVANCED_FACE ( 'NONE', ( #3025 ), #820, .F. ) ;
#898 = DIRECTION ( 'NONE',  ( 0.000000000000000000, -2.426186679687843197E-16, 1.000000000000000000 ) ) ;
#899 = DIRECTION ( 'NONE',  ( 1.000000000000000000, -0.000000000000000000, -0.000000000000000000 ) ) ;
#900 = FACE_OUTER_BOUND ( 'NONE', #1630, .T. ) ;
#901 = CARTESIAN_POINT ( 'NONE',  ( 0.000000000000000000, 1.020000000000000018, -4.479707622241485332 ) ) ;
#902 = EDGE_CURVE ( 'NONE', #2827, #2643, #3361, .T. ) ;
#903 = LINE ( 'NONE', #3093, #397 ) ;
#904 = ORIENTED_EDGE ( 'NONE', *, *, #2509, .F. ) ;
#905 = FILL_AREA_STYLE_COLOUR ( '', #2074 ) ;
#906 = VERTEX_POINT ( 'NONE', #2436 ) ;
#907 = DIRECTION ( 'NONE',  ( -1.000000000000000000, -6.914003491338339945E-17, 0.000000000000000000 ) ) ;
#908 = VERTEX_POINT ( 'NONE', #1441 ) ;
#909 = DIRECTION ( 'NONE',  ( -1.000000000000000000, 0.000000000000000000, 0.000000000000000000 ) ) ;
#910 = EDGE_CURVE ( 'NONE', #3743, #3564, #3398, .T. ) ;
#911 = ORIENTED_EDGE ( 'NONE', *, *, #2538, .F. ) ;
#912 = VERTEX_POINT ( 'NONE', #1775 ) ;
#913 = DIRECTION ( 'NONE',  ( 6.914003491338339945E-17, -1.000000000000000000, -2.426186679687843197E-16 ) ) ;
#914 = DIRECTION ( 'NONE',  ( 1.000000000000000000, 1.053666270899885882E-15, 0.000000000000000000 ) ) ;
#915 = DIRECTION ( 'NONE',  ( 0.000000000000000000, -2.426186679687843197E-16, 1.000000000000000000 ) ) ;
#916 = ORIENTED_EDGE ( 'NONE', *, *, #490, .F. ) ;
#917 = PLANE ( 'NONE',  #1861 ) ;
#918 = CARTESIAN_POINT ( 'NONE',  ( 0.000000000000000000, 1.020000000000000018, 0.000000000000000000 ) ) ;
#919 = EDGE_CURVE ( 'NONE', #3654, #3442, #1809, .T. ) ;
#920 = LINE ( 'NONE', #1841, #3333 ) ;
#921 = DIRECTION ( 'NONE',  ( 0.000000000000000000, 0.000000000000000000, 1.000000000000000000 ) ) ;
#922 = CARTESIAN_POINT ( 'NONE',  ( -3.637499999999999734, 2.462500000000064304, 0.5075000000000009504 ) ) ;
#923 = FILL_AREA_STYLE ('',( #1542 ) ) ;
#924 = EDGE_CURVE ( 'NONE', #1705, #577, #2721, .T. ) ;
#925 = AXIS2_PLACEMENT_3D ( 'NONE', #2226, #3504, #1075 ) ;
#926 = VERTEX_POINT ( 'NONE', #3997 ) ;
#927 = DIRECTION ( 'NONE',  ( 0.000000000000000000, 0.000000000000000000, -1.000000000000000000 ) ) ;
#928 = VERTEX_POINT ( 'NONE', #1150 ) ;
#929 = AXIS2_PLACEMENT_3D ( 'NONE', #946, #2212, #3452 ) ;
#930 = DIRECTION ( 'NONE',  ( -1.000000000000000000, 0.000000000000000000, 0.000000000000000000 ) ) ;
#931 = ORIENTED_EDGE ( 'NONE', *, *, #368, .F. ) ;
#932 = AXIS2_PLACEMENT_3D ( 'NONE', #3254, #1310, #3920 ) ;
#933 = DIRECTION ( 'NONE',  ( -6.914003491338339945E-17, -1.000000000000000000, 0.000000000000000000 ) ) ;
#934 = EDGE_CURVE ( 'NONE', #2100, #286, #1422, .T. ) ;
#935 = CARTESIAN_POINT ( 'NONE',  ( -3.637499999999999734, 2.462500000000064304, 2.032500000000001084 ) ) ;
#936 = VECTOR ( 'NONE', #3309, 1000.000000000000000 ) ;
#937 = SURFACE_STYLE_USAGE ( .BOTH. , #2183 ) ;
#938 = AXIS2_PLACEMENT_3D ( 'NONE', #103, #1677, #1991 ) ;
#939 = AXIS2_PLACEMENT_3D ( 'NONE', #3164, #113, #2047 ) ;
#940 = FACE_OUTER_BOUND ( 'NONE', #3051, .T. ) ;
#941 =( LENGTH_UNIT ( ) NAMED_UNIT ( * ) SI_UNIT ( .MILLI., .METRE. ) );
#942 = ORIENTED_EDGE ( 'NONE', *, *, #1914, .T. ) ;
#943 = DIRECTION ( 'NONE',  ( 0.000000000000000000, -1.000000000000000000, 1.213093339843921105E-16 ) ) ;
#944 = DIRECTION ( 'NONE',  ( -0.08715574274766166307, -0.9961946980917453232, 0.000000000000000000 ) ) ;
#945 = EDGE_CURVE ( 'NONE', #286, #2981, #2418, .T. ) ;
#946 = CARTESIAN_POINT ( 'NONE',  ( -3.637499999999999734, 2.462500000000064304, 0.5075000000000009504 ) ) ;
#947 = CARTESIAN_POINT ( 'NONE',  ( 3.637499999999999734, 2.662500000000064482, 4.044999999999998153 ) ) ;
#948 = CARTESIAN_POINT ( 'NONE',  ( 3.837500000000000355, -3.574999999999999734, -3.809999999999999165 ) ) ;
#949 = ORIENTED_EDGE ( 'NONE', *, *, #493, .F. ) ;
#950 = CARTESIAN_POINT ( 'NONE',  ( -3.237499999999999822, 2.795000000000064766, -3.047499999999999432 ) ) ;
#951 = ORIENTED_EDGE ( 'NONE', *, *, #4102, .F. ) ;
#952 = CARTESIAN_POINT ( 'NONE',  ( -3.225907752082815438, 2.662500000000064482, -3.047499999999999432 ) ) ;
#953 = ORIENTED_EDGE ( 'NONE', *, *, #2294, .F. ) ;
#954 = DIRECTION ( 'NONE',  ( -0.000000000000000000, -0.000000000000000000, -1.000000000000000000 ) ) ;
#955 = STYLED_ITEM ( 'NONE', ( #3161 ), #3349 ) ;
#956 = AXIS2_PLACEMENT_3D ( 'NONE', #356, #3573, #3167 ) ;
#957 = CARTESIAN_POINT ( 'NONE',  ( -3.637499999999999734, 0.000000000000000000, 2.032500000000001084 ) ) ;
#958 = CARTESIAN_POINT ( 'NONE',  ( 4.102500000000000036, -1.734723475976807094E-15, 3.047500000000001652 ) ) ;
#959 = DIRECTION ( 'NONE',  ( -0.000000000000000000, -0.000000000000000000, -1.000000000000000000 ) ) ;
#960 = EDGE_CURVE ( 'NONE', #211, #3860, #873, .T. ) ;
#961 = DIRECTION ( 'NONE',  ( -0.000000000000000000, -0.000000000000000000, -1.000000000000000000 ) ) ;
#962 = DIRECTION ( 'NONE',  ( -1.000000000000000000, 0.000000000000000000, 0.000000000000000000 ) ) ;
#963 = ADVANCED_FACE ( 'NONE', ( #2101 ), #1477, .T. ) ;
#964 = DIRECTION ( 'NONE',  ( 0.000000000000000000, 1.000000000000000000, -1.213093339843921105E-16 ) ) ;
#965 = ORIENTED_EDGE ( 'NONE', *, *, #4036, .F. ) ;
#966 = FILL_AREA_STYLE_COLOUR ( '', #3074 ) ;
#967 =( NAMED_UNIT ( * ) SI_UNIT ( $, .STERADIAN. ) SOLID_ANGLE_UNIT ( ) );
#968 = EDGE_LOOP ( 'NONE', ( #3642, #652, #488, #2834 ) ) ;
#969 = EDGE_CURVE ( 'NONE', #623, #877, #521, .T. ) ;
#970 = DIRECTION ( 'NONE',  ( -1.000000000000000000, -0.000000000000000000, -0.000000000000000000 ) ) ;
#971 = ORIENTED_EDGE ( 'NONE', *, *, #1212, .F. ) ;
#972 = CARTESIAN_POINT ( 'NONE',  ( 3.225907752082815438, 2.662500000000064482, -4.044999999999998153 ) ) ;
#973 = EDGE_LOOP ( 'NONE', ( #1511, #3415, #2256, #1277 ) ) ;
#974 = ORIENTED_EDGE ( 'NONE', *, *, #3016, .F. ) ;
#975 = VECTOR ( 'NONE', #1074, 1000.000000000000000 ) ;
#976 = ADVANCED_FACE ( 'NONE', ( #3003 ), #4017, .F. ) ;
#977 = EDGE_LOOP ( 'NONE', ( #2859, #281, #537, #2519 ) ) ;
#978 = CYLINDRICAL_SURFACE ( 'NONE', #1596, 0.2000000000000000944 ) ;
#979 = DIRECTION ( 'NONE',  ( -1.000000000000000000, 0.000000000000000000, 0.000000000000000000 ) ) ;
#980 = ORIENTED_EDGE ( 'NONE', *, *, #230, .T. ) ;
#981 = CARTESIAN_POINT ( 'NONE',  ( 4.102500000000000036, -3.575000000000000178, -3.574999999999999289 ) ) ;
#982 = CARTESIAN_POINT ( 'NONE',  ( -3.225907752082814550, 2.927500000000064606, -4.044999999999998153 ) ) ;
#983 = DIRECTION ( 'NONE',  ( -1.000000000000000000, -0.000000000000000000, -0.000000000000000000 ) ) ;
#984 = CARTESIAN_POINT ( 'NONE',  ( -3.637499999999999734, 2.462500000000064304, -0.5074999999999992850 ) ) ;
#985 = EDGE_CURVE ( 'NONE', #2638, #827, #2380, .T. ) ;
#986 = DIRECTION ( 'NONE',  ( 0.000000000000000000, -1.000000000000000000, 1.213093339843921105E-16 ) ) ;
#987 = CARTESIAN_POINT ( 'NONE',  ( -3.637499999999999734, 2.662500000000064482, 3.047500000000000764 ) ) ;
#988 = DIRECTION ( 'NONE',  ( 0.000000000000000000, 0.000000000000000000, 1.000000000000000000 ) ) ;
#989 = CARTESIAN_POINT ( 'NONE',  ( -3.637499999999999734, 2.662500000000064482, 2.032500000000001084 ) ) ;
#990 = LINE ( 'NONE', #365, #3346 ) ;
#991 = EDGE_LOOP ( 'NONE', ( #441, #3766, #3868, #3999 ) ) ;
#992 = CARTESIAN_POINT ( 'NONE',  ( -3.225907752082814550, 2.927500000000065050, -0.5074999999999992850 ) ) ;
#993 = VERTEX_POINT ( 'NONE', #3637 ) ;
#994 = VECTOR ( 'NONE', #3485, 1000.000000000000000 ) ;
#995 = VERTEX_POINT ( 'NONE', #781 ) ;
#996 = CARTESIAN_POINT ( 'NONE',  ( 3.637499999999999734, 2.462500000000064304, -4.044999999999998153 ) ) ;
#997 = VECTOR ( 'NONE', #2810, 1000.000000000000000 ) ;
#998 = EDGE_CURVE ( 'NONE', #3080, #3975, #2265, .T. ) ;
#999 = AXIS2_PLACEMENT_3D ( 'NONE', #2548, #3094, #2773 ) ;
#1000 = VECTOR ( 'NONE', #674, 1000.000000000000000 ) ;
#1001 = VECTOR ( 'NONE', #285, 1000.000000000000000 ) ;
#1002 = CARTESIAN_POINT ( 'NONE',  ( -4.102500000000000036, -1.734723475976807094E-15, 1.035000000000002141 ) ) ;
#1003 = DIRECTION ( 'NONE',  ( 6.914003491338339945E-17, -1.000000000000000000, -0.000000000000000000 ) ) ;
#1004 = CARTESIAN_POINT ( 'NONE',  ( -3.237499999999999822, 2.795000000000064766, 4.634999999999998899 ) ) ;
#1005 = DIRECTION ( 'NONE',  ( -0.000000000000000000, -0.000000000000000000, -1.000000000000000000 ) ) ;
#1006 = CARTESIAN_POINT ( 'NONE',  ( 3.225907752082815438, 2.662500000000064482, 4.572499999999999787 ) ) ;
#1007 = PRESENTATION_LAYER_ASSIGNMENT (  '', '', ( #3544 ) ) ;
#1008 =( LENGTH_UNIT ( ) NAMED_UNIT ( * ) SI_UNIT ( .MILLI., .METRE. ) );
#1009 = FACE_OUTER_BOUND ( 'NONE', #3506, .T. ) ;
#1010 = EDGE_LOOP ( 'NONE', ( #2221, #1634, #2332, #3264 ) ) ;
#1011 = ADVANCED_FACE ( 'NONE', ( #58 ), #2045, .F. ) ;
#1012 = ORIENTED_EDGE ( 'NONE', *, *, #902, .T. ) ;
#1013 = LINE ( 'NONE', #705, #3406 ) ;
#1014 = LINE ( 'NONE', #2635, #3921 ) ;
#1015 = ORIENTED_EDGE ( 'NONE', *, *, #759, .T. ) ;
#1016 = VECTOR ( 'NONE', #896, 1000.000000000000000 ) ;
#1017 = DIRECTION ( 'NONE',  ( 0.000000000000000000, 0.000000000000000000, -1.000000000000000000 ) ) ;
#1018 = ORIENTED_EDGE ( 'NONE', *, *, #3769, .T. ) ;
#1019 = ADVANCED_FACE ( 'NONE', ( #3273 ), #1957, .F. ) ;
#1020 = ORIENTED_EDGE ( 'NONE', *, *, #3543, .T. ) ;
#1021 = DIRECTION ( 'NONE',  ( -1.000000000000000000, -1.053666270899885882E-15, 0.000000000000000000 ) ) ;
#1022 = EDGE_CURVE ( 'NONE', #1374, #1421, #1432, .T. ) ;
#1023 = ORIENTED_EDGE ( 'NONE', *, *, #1968, .F. ) ;
#1024 = ORIENTED_EDGE ( 'NONE', *, *, #1100, .F. ) ;
#1025 = STYLED_ITEM ( 'NONE', ( #3447 ), #3407 ) ;
#1026 = LINE ( 'NONE', #2340, #3104 ) ;
#1027 = ADVANCED_FACE ( 'NONE', ( #2641 ), #2596, .T. ) ;
#1028 = VECTOR ( 'NONE', #254, 1000.000000000000000 ) ;
#1029 = CARTESIAN_POINT ( 'NONE',  ( 3.837500000000000355, -3.809999999999999165, 0.5075000000000009504 ) ) ;
#1030 = LINE ( 'NONE', #2209, #2693 ) ;
#1031 = EDGE_LOOP ( 'NONE', ( #2510, #3376, #3356, #187 ) ) ;
#1032 = LINE ( 'NONE', #2631, #2843 ) ;
#1033 = CYLINDRICAL_SURFACE ( 'NONE', #2591, 0.2349999999999999589 ) ;
#1034 = LINE ( 'NONE', #1341, #2010 ) ;
#1035 = AXIS2_PLACEMENT_3D ( 'NONE', #4000, #878, #1459 ) ;
#1036 = FACE_OUTER_BOUND ( 'NONE', #831, .T. ) ;
#1037 = ORIENTED_EDGE ( 'NONE', *, *, #2861, .T. ) ;
#1038 = ORIENTED_EDGE ( 'NONE', *, *, #3299, .T. ) ;
#1039 = CARTESIAN_POINT ( 'NONE',  ( 4.102500000000000036, -3.575000000000000178, 1.505000000000001226 ) ) ;
#1040 = CARTESIAN_POINT ( 'NONE',  ( 3.237499999999999822, 2.795000000000064766, -0.5074999999999992850 ) ) ;
#1041 = ORIENTED_EDGE ( 'NONE', *, *, #160, .T. ) ;
#1042 = LINE ( 'NONE', #2309, #1743 ) ;
#1043 = ORIENTED_EDGE ( 'NONE', *, *, #217, .F. ) ;
#1044 = ORIENTED_EDGE ( 'NONE', *, *, #2945, .T. ) ;
#1045 = ORIENTED_EDGE ( 'NONE', *, *, #3371, .F. ) ;
#1046 = DIRECTION ( 'NONE',  ( -0.000000000000000000, -0.000000000000000000, -1.000000000000000000 ) ) ;
#1047 = VERTEX_POINT ( 'NONE', #2663 ) ;
#1048 = ORIENTED_EDGE ( 'NONE', *, *, #471, .F. ) ;
#1049 = CARTESIAN_POINT ( 'NONE',  ( -3.837499999999999911, 2.462500000000064304, -0.5074999999999992850 ) ) ;
#1050 = CARTESIAN_POINT ( 'NONE',  ( -3.225907752082815438, 2.662500000000064482, -0.5074999999999992850 ) ) ;
#1051 = CARTESIAN_POINT ( 'NONE',  ( 0.000000000000000000, 1.020000000000000018, 4.479707622241483556 ) ) ;
#1052 =( NAMED_UNIT ( * ) SI_UNIT ( $, .STERADIAN. ) SOLID_ANGLE_UNIT ( ) );
#1053 = EDGE_LOOP ( 'NONE', ( #456, #2740, #710, #2388, #2375, #2534 ) ) ;
#1054 = CARTESIAN_POINT ( 'NONE',  ( -3.225907752082815438, 2.662500000000064482, 4.572499999999999787 ) ) ;
#1055 = CARTESIAN_POINT ( 'NONE',  ( -3.225907752082814550, 2.927500000000065050, -0.5074999999999992850 ) ) ;
#1056 = CARTESIAN_POINT ( 'NONE',  ( -3.837500000000000355, -3.809999999999999165, 4.572499999999999787 ) ) ;
#1057 = EDGE_CURVE ( 'NONE', #1999, #1823, #2953, .T. ) ;
#1058 = DIRECTION ( 'NONE',  ( -0.000000000000000000, -0.000000000000000000, -1.000000000000000000 ) ) ;
#1059 = ORIENTED_EDGE ( 'NONE', *, *, #3022, .F. ) ;
#1060 = EDGE_LOOP ( 'NONE', ( #3278, #531, #3707, #155 ) ) ;
#1061 = PLANE ( 'NONE',  #2267 ) ;
#1062 = CARTESIAN_POINT ( 'NONE',  ( 3.082207622241484923, 4.570000000000000284, -4.634999999999999787 ) ) ;
#1063 = ORIENTED_EDGE ( 'NONE', *, *, #2579, .T. ) ;
#1064 = PLANE ( 'NONE',  #3200 ) ;
#1065 = ORIENTED_EDGE ( 'NONE', *, *, #3769, .F. ) ;
#1066 = VERTEX_POINT ( 'NONE', #111 ) ;
#1067 = CARTESIAN_POINT ( 'NONE',  ( 4.102500000000000036, 0.000000000000000000, 1.505000000000000782 ) ) ;
#1068 = ORIENTED_EDGE ( 'NONE', *, *, #1729, .F. ) ;
#1069 = CARTESIAN_POINT ( 'NONE',  ( 3.225907752082814550, 2.927500000000065050, -3.047499999999999432 ) ) ;
#1070 = ORIENTED_EDGE ( 'NONE', *, *, #1940, .F. ) ;
#1071 = EDGE_LOOP ( 'NONE', ( #2187, #3613, #853, #1216 ) ) ;
#1072 = EDGE_CURVE ( 'NONE', #1214, #928, #419, .T. ) ;
#1073 = VECTOR ( 'NONE', #1005, 1000.000000000000000 ) ;
#1074 = DIRECTION ( 'NONE',  ( -1.000000000000000000, -1.053666270899885882E-15, 0.000000000000000000 ) ) ;
#1075 = DIRECTION ( 'NONE',  ( 0.000000000000000000, 0.000000000000000000, 1.000000000000000000 ) ) ;
#1076 = VECTOR ( 'NONE', #3427, 1000.000000000000000 ) ;
#1077 = LINE ( 'NONE', #398, #267 ) ;
#1078 = ORIENTED_EDGE ( 'NONE', *, *, #687, .T. ) ;
#1079 = DIRECTION ( 'NONE',  ( 1.000000000000000000, -0.000000000000000000, -0.000000000000000000 ) ) ;
#1080 = SURFACE_STYLE_FILL_AREA ( #2651 ) ;
#1081 = AXIS2_PLACEMENT_3D ( 'NONE', #1530, #2856, #3764 ) ;
#1082 = PLANE ( 'NONE',  #1218 ) ;
#1083 = ORIENTED_EDGE ( 'NONE', *, *, #3497, .F. ) ;
#1084 = CARTESIAN_POINT ( 'NONE',  ( 4.102500000000000036, 0.000000000000000000, 1.505000000000000782 ) ) ;
#1085 = ADVANCED_FACE ( 'NONE', ( #3938 ), #2000, .F. ) ;
#1086 = AXIS2_PLACEMENT_3D ( 'NONE', #2526, #3455, #3740 ) ;
#1087 = CARTESIAN_POINT ( 'NONE',  ( -3.637499999999999734, 2.462500000000064304, 2.032500000000001084 ) ) ;
#1088 = VERTEX_POINT ( 'NONE', #1685 ) ;
#1089 = CARTESIAN_POINT ( 'NONE',  ( -2.337500000000000355, 4.169999999999999929, -3.735000000000000320 ) ) ;
#1090 = ORIENTED_EDGE ( 'NONE', *, *, #1706, .F. ) ;
#1091 = ORIENTED_EDGE ( 'NONE', *, *, #1189, .F. ) ;
#1092 = CARTESIAN_POINT ( 'NONE',  ( -3.637499999999999734, 2.462500000000064304, -2.032499999999999307 ) ) ;
#1093 = VERTEX_POINT ( 'NONE', #761 ) ;
#1094 = PLANE ( 'NONE',  #1669 ) ;
#1095 = VERTEX_POINT ( 'NONE', #3894 ) ;
#1096 = CARTESIAN_POINT ( 'NONE',  ( 3.637499999999999734, 2.462500000000064304, 2.032500000000001084 ) ) ;
#1097 = PLANE ( 'NONE',  #1133 ) ;
#1098 = CARTESIAN_POINT ( 'NONE',  ( 3.637499999999999734, 2.462500000000064304, 4.044999999999998153 ) ) ;
#1099 = VECTOR ( 'NONE', #1537, 1000.000000000000000 ) ;
#1100 = EDGE_CURVE ( 'NONE', #1840, #2578, #1376, .T. ) ;
#1101 = CARTESIAN_POINT ( 'NONE',  ( -4.102500000000000036, 0.000000000000000000, 4.044999999999999929 ) ) ;
#1102 = CIRCLE ( 'NONE', #3492, 0.2349999999999999589 ) ;
#1103 = AXIS2_PLACEMENT_3D ( 'NONE', #3669, #870, #2703 ) ;
#1104 = ADVANCED_FACE ( 'NONE', ( #3961 ), #2024, .F. ) ;
#1105 = DIRECTION ( 'NONE',  ( 0.08682659386424446124, 0.9924325091389676334, -0.08682659386424446124 ) ) ;
#1106 = ORIENTED_EDGE ( 'NONE', *, *, #3120, .F. ) ;
#1107 = CARTESIAN_POINT ( 'NONE',  ( 4.102500000000000036, -3.575000000000000178, -1.034999999999999032 ) ) ;
#1108 = EDGE_LOOP ( 'NONE', ( #246, #2350, #599, #2433 ) ) ;
#1109 = ORIENTED_EDGE ( 'NONE', *, *, #1405, .F. ) ;
#1110 = AXIS2_PLACEMENT_3D ( 'NONE', #2005, #3279, #3942 ) ;
#1111 = LINE ( 'NONE', #1125, #3367 ) ;
#1112 = VERTEX_POINT ( 'NONE', #1067 ) ;
#1113 = DIRECTION ( 'NONE',  ( 0.000000000000000000, -0.000000000000000000, 1.000000000000000000 ) ) ;
#1114 = ADVANCED_FACE ( 'NONE', ( #3228 ), #2333, .F. ) ;
#1115 = ORIENTED_EDGE ( 'NONE', *, *, #4005, .T. ) ;
#1116 = DIRECTION ( 'NONE',  ( 0.000000000000000000, 0.000000000000000000, -1.000000000000000000 ) ) ;
#1117 = EDGE_CURVE ( 'NONE', #3052, #3525, #372, .T. ) ;
#1118 = CARTESIAN_POINT ( 'NONE',  ( -3.837499999999999911, 2.462500000000064304, -4.044999999999998153 ) ) ;
#1119 =( NAMED_UNIT ( * ) SI_UNIT ( $, .STERADIAN. ) SOLID_ANGLE_UNIT ( ) );
#1120 = CARTESIAN_POINT ( 'NONE',  ( 2.994638793376242441E-17, 4.169999999999999929, -3.579707622241487197 ) ) ;
#1121 = DIRECTION ( 'NONE',  ( -0.000000000000000000, -0.000000000000000000, -1.000000000000000000 ) ) ;
#1122 = EDGE_LOOP ( 'NONE', ( #1827, #3193, #596, #872 ) ) ;
#1123 = LINE ( 'NONE', #638, #3936 ) ;
#1124 = ORIENTED_EDGE ( 'NONE', *, *, #1500, .F. ) ;
#1125 = CARTESIAN_POINT ( 'NONE',  ( 3.048435745274456377, 4.956014320095573744, 4.445935745274455009 ) ) ;
#1126 = ORIENTED_EDGE ( 'NONE', *, *, #2652, .F. ) ;
#1127 = DIRECTION ( 'NONE',  ( -0.08715574274765516827, 0.9961946980917457672, 0.000000000000000000 ) ) ;
#1128 = ORIENTED_EDGE ( 'NONE', *, *, #493, .T. ) ;
#1129 = CARTESIAN_POINT ( 'NONE',  ( -3.237499999999999822, 2.795000000000064766, -0.5074999999999992850 ) ) ;
#1130 = EDGE_CURVE ( 'NONE', #1440, #1351, #1635, .T. ) ;
#1131 = DIRECTION ( 'NONE',  ( -6.914003491338339945E-17, 1.000000000000000000, -1.213093339843921105E-16 ) ) ;
#1132 = DIRECTION ( 'NONE',  ( -1.000000000000000000, 0.000000000000000000, 0.000000000000000000 ) ) ;
#1133 = AXIS2_PLACEMENT_3D ( 'NONE', #467, #395, #92 ) ;
#1134 = SURFACE_STYLE_FILL_AREA ( #1361 ) ;
#1135 = VECTOR ( 'NONE', #128, 1000.000000000000000 ) ;
#1136 = CARTESIAN_POINT ( 'NONE',  ( -3.637499999999999734, 2.662500000000064482, -4.044999999999998153 ) ) ;
#1137 = ORIENTED_EDGE ( 'NONE', *, *, #22, .F. ) ;
#1138 = VECTOR ( 'NONE', #403, 1000.000000000000000 ) ;
#1139 = AXIS2_PLACEMENT_3D ( 'NONE', #3163, #4111, #1269 ) ;
#1140 = ORIENTED_EDGE ( 'NONE', *, *, #3647, .T. ) ;
#1141 = FACE_OUTER_BOUND ( 'NONE', #95, .T. ) ;
#1142 = VERTEX_POINT ( 'NONE', #391 ) ;
#1143 = VECTOR ( 'NONE', #893, 1000.000000000000000 ) ;
#1144 = CARTESIAN_POINT ( 'NONE',  ( -3.237499999999999822, 1.020000000000000018, 4.479707622241483556 ) ) ;
#1145 = EDGE_CURVE ( 'NONE', #711, #3902, #1657, .T. ) ;
#1146 = ORIENTED_EDGE ( 'NONE', *, *, #2745, .F. ) ;
#1147 = VECTOR ( 'NONE', #3916, 1000.000000000000000 ) ;
#1148 = CARTESIAN_POINT ( 'NONE',  ( 2.994638793376242441E-17, 4.169999999999999929, -4.479707622241487108 ) ) ;
#1149 = ORIENTED_EDGE ( 'NONE', *, *, #3568, .T. ) ;
#1150 = CARTESIAN_POINT ( 'NONE',  ( -4.102500000000000036, -3.575000000000000178, 4.045000000000000817 ) ) ;
#1151 = EDGE_CURVE ( 'NONE', #3101, #3688, #2449, .T. ) ;
#1152 = ORIENTED_EDGE ( 'NONE', *, *, #3014, .T. ) ;
#1153 = CARTESIAN_POINT ( 'NONE',  ( 4.102500000000000036, 0.000000000000000000, 1.505000000000000782 ) ) ;
#1154 = ADVANCED_FACE ( 'NONE', ( #226 ), #1826, .F. ) ;
#1155 = CARTESIAN_POINT ( 'NONE',  ( -3.837500000000000799, -3.575000000000000178, 3.575000000000001066 ) ) ;
#1156 = VECTOR ( 'NONE', #195, 1000.000000000000000 ) ;
#1157 = CARTESIAN_POINT ( 'NONE',  ( 3.225907752082815438, 2.662500000000064482, 2.032500000000001084 ) ) ;
#1158 = LINE ( 'NONE', #3985, #1884 ) ;
#1159 = DIRECTION ( 'NONE',  ( 0.000000000000000000, -0.000000000000000000, 1.000000000000000000 ) ) ;
#1160 = DIRECTION ( 'NONE',  ( -0.000000000000000000, -0.000000000000000000, -1.000000000000000000 ) ) ;
#1161 = VERTEX_POINT ( 'NONE', #190 ) ;
#1162 = LINE ( 'NONE', #2716, #1802 ) ;
#1163 = VECTOR ( 'NONE', #2461, 1000.000000000000000 ) ;
#1164 = VERTEX_POINT ( 'NONE', #4029 ) ;
#1165 = CIRCLE ( 'NONE', #1693, 0.4000000000000001887 ) ;
#1166 = ORIENTED_EDGE ( 'NONE', *, *, #576, .F. ) ;
#1167 = FACE_OUTER_BOUND ( 'NONE', #1031, .T. ) ;
#1168 = ORIENTED_EDGE ( 'NONE', *, *, #3073, .F. ) ;
#1169 = CYLINDRICAL_SURFACE ( 'NONE', #2602, 0.2000000000000000944 ) ;
#1170 = ORIENTED_EDGE ( 'NONE', *, *, #4023, .F. ) ;
#1171 = VECTOR ( 'NONE', #1443, 999.9999999999998863 ) ;
#1172 = DIRECTION ( 'NONE',  ( -0.000000000000000000, -0.000000000000000000, -1.000000000000000000 ) ) ;
#1173 = ADVANCED_FACE ( 'NONE', ( #2081 ), #3977, .T. ) ;
#1174 = LINE ( 'NONE', #4054, #3720 ) ;
#1175 = DIRECTION ( 'NONE',  ( 0.08715574274765519602, 0.9961946980917458783, 0.000000000000000000 ) ) ;
#1176 = PLANE ( 'NONE',  #772 ) ;
#1177 = DIRECTION ( 'NONE',  ( 0.000000000000000000, 0.000000000000000000, 1.000000000000000000 ) ) ;
#1178 = EDGE_CURVE ( 'NONE', #2470, #1587, #1111, .T. ) ;
#1179 = CARTESIAN_POINT ( 'NONE',  ( -3.837500000000000799, -3.574999999999999734, -3.809999999999999165 ) ) ;
#1180 = VERTEX_POINT ( 'NONE', #2099 ) ;
#1181 = DIRECTION ( 'NONE',  ( 0.000000000000000000, 0.000000000000000000, 1.000000000000000000 ) ) ;
#1182 = VERTEX_POINT ( 'NONE', #818 ) ;
#1183 = DIRECTION ( 'NONE',  ( -1.000000000000000000, 0.000000000000000000, 0.000000000000000000 ) ) ;
#1184 = ORIENTED_EDGE ( 'NONE', *, *, #1264, .T. ) ;
#1185 = DIRECTION ( 'NONE',  ( 0.000000000000000000, -1.000000000000000000, 0.000000000000000000 ) ) ;
#1186 = ORIENTED_EDGE ( 'NONE', *, *, #1814, .F. ) ;
#1187 = CARTESIAN_POINT ( 'NONE',  ( 3.837500000000000355, -3.575000000000000178, -4.044999999999999041 ) ) ;
#1188 = PLANE ( 'NONE',  #3986 ) ;
#1189 = EDGE_CURVE ( 'NONE', #1355, #1305, #3379, .T. ) ;
#1190 = CARTESIAN_POINT ( 'NONE',  ( -4.102500000000000036, -3.575000000000000178, 1.505000000000001226 ) ) ;
#1191 = VECTOR ( 'NONE', #954, 1000.000000000000000 ) ;
#1192 = CARTESIAN_POINT ( 'NONE',  ( -3.237499999999999822, 2.795000000000064766, 2.032500000000001084 ) ) ;
#1193 = DIRECTION ( 'NONE',  ( 6.914003491338339945E-17, -1.000000000000000000, -0.000000000000000000 ) ) ;
#1194 = VECTOR ( 'NONE', #360, 1000.000000000000000 ) ;
#1195 = ADVANCED_FACE ( 'NONE', ( #4013 ), #3689, .T. ) ;
#1196 = LINE ( 'NONE', #3775, #1659 ) ;
#1197 = EDGE_LOOP ( 'NONE', ( #459, #664, #109, #3111 ) ) ;
#1198 = PRESENTATION_STYLE_ASSIGNMENT (( #1541 ) ) ;
#1199 = VECTOR ( 'NONE', #3622, 1000.000000000000000 ) ;
#1200 = ADVANCED_FACE ( 'NONE', ( #1167 ), #1784, .F. ) ;
#1201 = DIRECTION ( 'NONE',  ( -0.08715574274766166307, -0.9961946980917453232, 0.000000000000000000 ) ) ;
#1202 = ORIENTED_EDGE ( 'NONE', *, *, #2698, .T. ) ;
#1203 = PLANE ( 'NONE',  #1665 ) ;
#1204 = VERTEX_POINT ( 'NONE', #1807 ) ;
#1205 = AXIS2_PLACEMENT_3D ( 'NONE', #992, #3225, #2329 ) ;
#1206 = CARTESIAN_POINT ( 'NONE',  ( 3.237499999999999822, 2.795000000000064766, 3.047500000000000764 ) ) ;
#1207 = AXIS2_PLACEMENT_3D ( 'NONE', #2506, #1863, #774 ) ;
#1208 = MECHANICAL_DESIGN_GEOMETRIC_PRESENTATION_REPRESENTATION (  '', ( #2932 ), #2075 ) ;
#1209 = DIRECTION ( 'NONE',  ( 0.000000000000000000, -1.000000000000000000, -2.426186679687843197E-16 ) ) ;
#1210 = LINE ( 'NONE', #2732, #291 ) ;
#1211 = CARTESIAN_POINT ( 'NONE',  ( 3.637499999999999734, 2.462500000000064304, -3.047499999999999432 ) ) ;
#1212 = EDGE_CURVE ( 'NONE', #416, #423, #174, .T. ) ;
#1213 = CARTESIAN_POINT ( 'NONE',  ( 3.837499999999999911, 0.000000000000000000, -1.034999999999999476 ) ) ;
#1214 = VERTEX_POINT ( 'NONE', #3082 ) ;
#1215 = VECTOR ( 'NONE', #455, 1000.000000000000000 ) ;
#1216 = ORIENTED_EDGE ( 'NONE', *, *, #3471, .F. ) ;
#1217 = CARTESIAN_POINT ( 'NONE',  ( 3.837499999999999911, -3.575000000000000178, 1.505000000000001226 ) ) ;
#1218 = AXIS2_PLACEMENT_3D ( 'NONE', #3646, #3926, #2349 ) ;
#1219 = ORIENTED_EDGE ( 'NONE', *, *, #490, .T. ) ;
#1220 = VECTOR ( 'NONE', #3021, 1000.000000000000000 ) ;
#1221 = CARTESIAN_POINT ( 'NONE',  ( -4.102500000000000036, 2.462500000000064304, -2.032499999999999307 ) ) ;
#1222 = ORIENTED_EDGE ( 'NONE', *, *, #3229, .F. ) ;
#1223 = ORIENTED_EDGE ( 'NONE', *, *, #3283, .T. ) ;
#1224 = CARTESIAN_POINT ( 'NONE',  ( -3.837499999999999911, 2.462500000000064304, -3.047499999999999432 ) ) ;
#1225 = LINE ( 'NONE', #4070, #2655 ) ;
#1226 = EDGE_CURVE ( 'NONE', #1204, #2339, #2392, .T. ) ;
#1227 = DIRECTION ( 'NONE',  ( -0.000000000000000000, 1.000000000000000000, 0.000000000000000000 ) ) ;
#1228 = EDGE_CURVE ( 'NONE', #906, #1337, #1773, .T. ) ;
#1229 = DIRECTION ( 'NONE',  ( 0.000000000000000000, 0.000000000000000000, 1.000000000000000000 ) ) ;
#1230 = LINE ( 'NONE', #4059, #1099 ) ;
#1231 = ADVANCED_FACE ( 'NONE', ( #484 ), #2761, .F. ) ;
#1232 = CARTESIAN_POINT ( 'NONE',  ( -3.237499999999999822, 2.795000000000064766, -0.5074999999999992850 ) ) ;
#1233 = ORIENTED_EDGE ( 'NONE', *, *, #2050, .T. ) ;
#1234 = DIRECTION ( 'NONE',  ( 0.000000000000000000, -2.426186679687843197E-16, 1.000000000000000000 ) ) ;
#1235 = EDGE_CURVE ( 'NONE', #1646, #3130, #1455, .T. ) ;
#1236 = LINE ( 'NONE', #2853, #834 ) ;
#1237 = VERTEX_POINT ( 'NONE', #2137 ) ;
#1238 = CARTESIAN_POINT ( 'NONE',  ( -3.837499999999999911, 0.000000000000000000, -0.5074999999999992850 ) ) ;
#1239 = EDGE_LOOP ( 'NONE', ( #284, #132, #2969, #178, #2989, #2175, #3912, #949, #3913 ) ) ;
#1240 = VERTEX_POINT ( 'NONE', #2718 ) ;
#1241 = CARTESIAN_POINT ( 'NONE',  ( -3.637499999999999734, 2.462500000000064304, -0.5074999999999992850 ) ) ;
#1242 = CARTESIAN_POINT ( 'NONE',  ( 4.102500000000000036, 2.462500000000064304, 3.047500000000000764 ) ) ;
#1243 = SURFACE_STYLE_FILL_AREA ( #1872 ) ;
#1244 = EDGE_CURVE ( 'NONE', #1180, #3656, #2739, .T. ) ;
#1245 = FACE_OUTER_BOUND ( 'NONE', #689, .T. ) ;
#1246 = EDGE_LOOP ( 'NONE', ( #37, #2225, #2262, #3308 ) ) ;
#1247 = LINE ( 'NONE', #1853, #1000 ) ;
#1248 = CARTESIAN_POINT ( 'NONE',  ( -3.637499999999999734, 0.000000000000000000, -3.047499999999999432 ) ) ;
#1249 = VECTOR ( 'NONE', #582, 1000.000000000000000 ) ;
#1250 = FACE_OUTER_BOUND ( 'NONE', #3694, .T. ) ;
#1251 = VERTEX_POINT ( 'NONE', #175 ) ;
#1252 = FACE_OUTER_BOUND ( 'NONE', #1246, .T. ) ;
#1253 = AXIS2_PLACEMENT_3D ( 'NONE', #6, #3554, #1274 ) ;
#1254 = ORIENTED_EDGE ( 'NONE', *, *, #1622, .F. ) ;
#1255 = LINE ( 'NONE', #889, #3884 ) ;
#1256 = ORIENTED_EDGE ( 'NONE', *, *, #3420, .F. ) ;
#1257 = AXIS2_PLACEMENT_3D ( 'NONE', #2205, #1916, #292 ) ;
#1258 = CARTESIAN_POINT ( 'NONE',  ( 4.102500000000000036, -3.575000000000000178, 1.035000000000001252 ) ) ;
#1259 = ORIENTED_EDGE ( 'NONE', *, *, #3142, .T. ) ;
#1260 = CLOSED_SHELL ( 'NONE', ( #3314, #806, #384, #2543, #2219, #3771, #1154, #2797, #56, #3386, #193, #3081, #894 ) ) ;
#1261 = ORIENTED_EDGE ( 'NONE', *, *, #3658, .F. ) ;
#1262 = AXIS2_PLACEMENT_3D ( 'NONE', #355, #44, #3301 ) ;
#1263 = DIRECTION ( 'NONE',  ( -0.000000000000000000, -0.000000000000000000, -1.000000000000000000 ) ) ;
#1264 = EDGE_CURVE ( 'NONE', #3723, #129, #3335, .T. ) ;
#1265 = DIRECTION ( 'NONE',  ( 0.000000000000000000, 0.000000000000000000, 1.000000000000000000 ) ) ;
#1266 = VECTOR ( 'NONE', #727, 1000.000000000000000 ) ;
#1267 = VECTOR ( 'NONE', #2261, 1000.000000000000000 ) ;
#1268 = EDGE_CURVE ( 'NONE', #2578, #1095, #1751, .T. ) ;
#1269 = DIRECTION ( 'NONE',  ( -1.000000000000000000, 0.000000000000000000, 0.000000000000000000 ) ) ;
#1270 = DIRECTION ( 'NONE',  ( 1.000000000000000000, -1.053666270899885882E-15, 0.000000000000000000 ) ) ;
#1271 = EDGE_CURVE ( 'NONE', #726, #3137, #2553, .T. ) ;
#1272 = DIRECTION ( 'NONE',  ( 0.08715574274765519602, 0.9961946980917458783, 0.000000000000000000 ) ) ;
#1273 = CARTESIAN_POINT ( 'NONE',  ( -4.102500000000000036, -3.575000000000000178, 3.575000000000001066 ) ) ;
#1274 = DIRECTION ( 'NONE',  ( -1.000000000000000000, 0.000000000000000000, 0.000000000000000000 ) ) ;
#1275 = ORIENTED_EDGE ( 'NONE', *, *, #569, .F. ) ;
#1276 = DIRECTION ( 'NONE',  ( 0.000000000000000000, 1.000000000000000000, -1.213093339843921105E-16 ) ) ;
#1277 = ORIENTED_EDGE ( 'NONE', *, *, #3031, .T. ) ;
#1278 = DIRECTION ( 'NONE',  ( -0.9961946980917453232, 0.08715574274766166307, 0.000000000000000000 ) ) ;
#1279 = ORIENTED_EDGE ( 'NONE', *, *, #1913, .T. ) ;
#1280 = DIRECTION ( 'NONE',  ( -0.000000000000000000, -0.000000000000000000, -1.000000000000000000 ) ) ;
#1281 = ORIENTED_EDGE ( 'NONE', *, *, #3872, .T. ) ;
#1282 = EDGE_CURVE ( 'NONE', #2305, #483, #1255, .T. ) ;
#1283 = ORIENTED_EDGE ( 'NONE', *, *, #417, .T. ) ;
#1284 = CARTESIAN_POINT ( 'NONE',  ( -3.637499999999999734, 2.462500000000064304, -3.047499999999999432 ) ) ;
#1285 = VECTOR ( 'NONE', #825, 1000.000000000000000 ) ;
#1286 = VECTOR ( 'NONE', #1969, 1000.000000000000000 ) ;
#1287 = CARTESIAN_POINT ( 'NONE',  ( -3.637499999999999734, 2.462500000000064304, 2.032500000000001084 ) ) ;
#1288 = EDGE_LOOP ( 'NONE', ( #688, #3332, #778, #3776 ) ) ;
#1289 = EDGE_CURVE ( 'NONE', #313, #2643, #1236, .T. ) ;
#1290 = DIRECTION ( 'NONE',  ( 0.000000000000000000, 1.000000000000000000, 0.000000000000000000 ) ) ;
#1291 = LINE ( 'NONE', #2336, #817 ) ;
#1292 = ORIENTED_EDGE ( 'NONE', *, *, #257, .F. ) ;
#1293 = CARTESIAN_POINT ( 'NONE',  ( -3.237499999999999822, 2.795000000000064766, 3.047500000000000764 ) ) ;
#1294 = CARTESIAN_POINT ( 'NONE',  ( -3.637499999999999734, 2.462500000000064304, -4.044999999999998153 ) ) ;
#1295 = LINE ( 'NONE', #2566, #3260 ) ;
#1296 = DIRECTION ( 'NONE',  ( 0.000000000000000000, -1.000000000000000000, -2.426186679687843197E-16 ) ) ;
#1297 = PRODUCT ( 'BQ2002GPN', 'BQ2002GPN', '', ( #2108 ) ) ;
#1298 = SURFACE_SIDE_STYLE ('',( #2568 ) ) ;
#1299 = CARTESIAN_POINT ( 'NONE',  ( 4.102500000000000036, 2.462500000000064304, 2.032500000000001084 ) ) ;
#1300 = CARTESIAN_POINT ( 'NONE',  ( -3.237499999999999822, 2.795000000000064766, 4.572499999999999787 ) ) ;
#1301 = EDGE_CURVE ( 'NONE', #3654, #1164, #4083, .T. ) ;
#1302 = ORIENTED_EDGE ( 'NONE', *, *, #3845, .T. ) ;
#1303 = CARTESIAN_POINT ( 'NONE',  ( 3.225907752082814550, 2.927500000000065050, 3.047500000000000764 ) ) ;
#1304 = ORIENTED_EDGE ( 'NONE', *, *, #3413, .F. ) ;
#1305 = VERTEX_POINT ( 'NONE', #641 ) ;
#1306 = CARTESIAN_POINT ( 'NONE',  ( -3.225907752082815438, 2.662500000000064482, -4.044999999999998153 ) ) ;
#1307 = ORIENTED_EDGE ( 'NONE', *, *, #145, .T. ) ;
#1308 = LINE ( 'NONE', #2580, #3605 ) ;
#1309 = ADVANCED_FACE ( 'NONE', ( #283 ), #575, .T. ) ;
#1310 = DIRECTION ( 'NONE',  ( 0.000000000000000000, 0.000000000000000000, 1.000000000000000000 ) ) ;
#1311 = CARTESIAN_POINT ( 'NONE',  ( 4.102500000000000036, -3.575000000000000178, 3.575000000000001066 ) ) ;
#1312 = CARTESIAN_POINT ( 'NONE',  ( -4.102500000000000036, 2.462500000000064304, -3.047499999999999432 ) ) ;
#1313 = EDGE_CURVE ( 'NONE', #758, #2323, #3437, .T. ) ;
#1314 = DIRECTION ( 'NONE',  ( 0.9961946980917458783, -0.08715574274765519602, 0.000000000000000000 ) ) ;
#1315 =( NAMED_UNIT ( * ) SI_UNIT ( $, .STERADIAN. ) SOLID_ANGLE_UNIT ( ) );
#1316 = DIRECTION ( 'NONE',  ( -0.000000000000000000, -0.000000000000000000, -1.000000000000000000 ) ) ;
#1317 = ORIENTED_EDGE ( 'NONE', *, *, #919, .T. ) ;
#1318 = CARTESIAN_POINT ( 'NONE',  ( -3.837500000000000355, -3.809999999999999165, 0.5075000000000009504 ) ) ;
#1319 = ORIENTED_EDGE ( 'NONE', *, *, #2926, .F. ) ;
#1320 = DIRECTION ( 'NONE',  ( 0.000000000000000000, 0.000000000000000000, 1.000000000000000000 ) ) ;
#1321 = ORIENTED_EDGE ( 'NONE', *, *, #4004, .F. ) ;
#1322 = VECTOR ( 'NONE', #1993, 1000.000000000000000 ) ;
#1323 = EDGE_CURVE ( 'NONE', #1549, #259, #1883, .T. ) ;
#1324 = VERTEX_POINT ( 'NONE', #3132 ) ;
#1325 = VERTEX_POINT ( 'NONE', #10 ) ;
#1326 = CARTESIAN_POINT ( 'NONE',  ( -3.225907752082815438, 2.662500000000064482, 2.032500000000001084 ) ) ;
#1327 = AXIS2_PLACEMENT_3D ( 'NONE', #1521, #3433, #2155 ) ;
#1328 = ORIENTED_EDGE ( 'NONE', *, *, #3891, .T. ) ;
#1329 = AXIS2_PLACEMENT_3D ( 'NONE', #1051, #1983, #426 ) ;
#1330 = FACE_OUTER_BOUND ( 'NONE', #1933, .T. ) ;
#1331 = AXIS2_PLACEMENT_3D ( 'NONE', #1089, #1633, #439 ) ;
#1332 = CARTESIAN_POINT ( 'NONE',  ( -3.225907752082815438, 2.662500000000064482, 2.032500000000001084 ) ) ;
#1333 = LINE ( 'NONE', #2985, #601 ) ;
#1334 = CARTESIAN_POINT ( 'NONE',  ( 4.102500000000000036, 2.462500000000064304, 0.5075000000000009504 ) ) ;
#1335 = VECTOR ( 'NONE', #3539, 1000.000000000000000 ) ;
#1336 = AXIS2_PLACEMENT_3D ( 'NONE', #866, #1234, #3416 ) ;
#1337 = VERTEX_POINT ( 'NONE', #299 ) ;
#1338 = LINE ( 'NONE', #29, #3062 ) ;
#1339 = DIRECTION ( 'NONE',  ( -1.000000000000000000, -0.000000000000000000, -0.000000000000000000 ) ) ;
#1340 = VECTOR ( 'NONE', #330, 1000.000000000000000 ) ;
#1341 = CARTESIAN_POINT ( 'NONE',  ( 4.102500000000000036, -3.575000000000000178, 3.575000000000001066 ) ) ;
#1342 = CARTESIAN_POINT ( 'NONE',  ( 3.237499999999999822, 2.795000000000064766, -0.5074999999999992850 ) ) ;
#1343 = VERTEX_POINT ( 'NONE', #3804 ) ;
#1344 = ADVANCED_FACE ( 'NONE', ( #2197 ), #3517, .F. ) ;
#1345 = LINE ( 'NONE', #1318, #610 ) ;
#1346 = CARTESIAN_POINT ( 'NONE',  ( -3.237499999999999822, 2.795000000000064766, 2.032500000000001084 ) ) ;
#1347 = VERTEX_POINT ( 'NONE', #3173 ) ;
#1348 = CARTESIAN_POINT ( 'NONE',  ( 2.994638793376242441E-17, 4.570000000000000284, -3.579707622241487197 ) ) ;
#1349 = ORIENTED_EDGE ( 'NONE', *, *, #1742, .F. ) ;
#1350 = ORIENTED_EDGE ( 'NONE', *, *, #2487, .T. ) ;
#1351 = VERTEX_POINT ( 'NONE', #1217 ) ;
#1352 = DIRECTION ( 'NONE',  ( -1.000000000000000000, 0.000000000000000000, 0.000000000000000000 ) ) ;
#1353 = AXIS2_PLACEMENT_3D ( 'NONE', #427, #2072, #3596 ) ;
#1354 = EDGE_LOOP ( 'NONE', ( #2700, #2266, #228, #3220 ) ) ;
#1355 = VERTEX_POINT ( 'NONE', #3823 ) ;
#1356 = CARTESIAN_POINT ( 'NONE',  ( -3.837499999999999911, -1.734723475976807094E-15, 4.572499999999999787 ) ) ;
#1357 = EDGE_CURVE ( 'NONE', #3365, #912, #660, .T. ) ;
#1358 = CARTESIAN_POINT ( 'NONE',  ( 3.237499999999999822, 2.795000000000064766, 2.032500000000001084 ) ) ;
#1359 = VECTOR ( 'NONE', #2462, 1000.000000000000000 ) ;
#1360 = DIRECTION ( 'NONE',  ( -0.08715574274766166307, 0.9961946980917453232, 0.000000000000000000 ) ) ;
#1361 = FILL_AREA_STYLE ('',( #452 ) ) ;
#1362 = VECTOR ( 'NONE', #2312, 1000.000000000000000 ) ;
#1363 = CARTESIAN_POINT ( 'NONE',  ( 3.837499999999999911, 0.000000000000000000, 1.505000000000000782 ) ) ;
#1364 = PLANE ( 'NONE',  #327 ) ;
#1365 = SURFACE_SIDE_STYLE ('',( #48 ) ) ;
#1366 = CARTESIAN_POINT ( 'NONE',  ( -3.082207622241484923, 1.020000000000000018, -4.479707622241485332 ) ) ;
#1367 = ORIENTED_EDGE ( 'NONE', *, *, #2425, .T. ) ;
#1368 = VERTEX_POINT ( 'NONE', #3199 ) ;
#1369 = DIRECTION ( 'NONE',  ( -1.000000000000000000, -1.053666270899885882E-15, 0.000000000000000000 ) ) ;
#1370 = LINE ( 'NONE', #2497, #1322 ) ;
#1371 = VERTEX_POINT ( 'NONE', #4064 ) ;
#1372 = DIRECTION ( 'NONE',  ( -0.08715574274766166307, 0.9961946980917453232, 0.000000000000000000 ) ) ;
#1373 = EDGE_CURVE ( 'NONE', #1469, #211, #2218, .T. ) ;
#1374 = VERTEX_POINT ( 'NONE', #1611 ) ;
#1375 = EDGE_LOOP ( 'NONE', ( #867, #794, #256, #3915 ) ) ;
#1376 = LINE ( 'NONE', #3567, #1362 ) ;
#1377 = ORIENTED_EDGE ( 'NONE', *, *, #2104, .F. ) ;
#1378 = DIRECTION ( 'NONE',  ( -0.000000000000000000, -0.000000000000000000, -1.000000000000000000 ) ) ;
#1379 = SURFACE_STYLE_FILL_AREA ( #2692 ) ;
#1380 = CARTESIAN_POINT ( 'NONE',  ( -3.237499999999999822, 2.795000000000064766, -4.044999999999998153 ) ) ;
#1381 = EDGE_CURVE ( 'NONE', #854, #3310, #1165, .T. ) ;
#1382 = DIRECTION ( 'NONE',  ( 6.914003491338339945E-17, 1.000000000000000000, 2.426186679687843197E-16 ) ) ;
#1383 = FILL_AREA_STYLE_COLOUR ( '', #487 ) ;
#1384 = CARTESIAN_POINT ( 'NONE',  ( -3.637499999999999734, 2.927500000000064606, 4.572499999999999787 ) ) ;
#1385 = LINE ( 'NONE', #2894, #2404 ) ;
#1386 = DIRECTION ( 'NONE',  ( 0.000000000000000000, 1.000000000000000000, -1.213093339843921105E-16 ) ) ;
#1387 = ORIENTED_EDGE ( 'NONE', *, *, #3737, .F. ) ;
#1388 = DIRECTION ( 'NONE',  ( 1.000000000000000000, -0.000000000000000000, -0.000000000000000000 ) ) ;
#1389 = AXIS2_PLACEMENT_3D ( 'NONE', #2120, #2438, #2724 ) ;
#1390 = ORIENTED_EDGE ( 'NONE', *, *, #924, .F. ) ;
#1391 = ORIENTED_EDGE ( 'NONE', *, *, #2145, .F. ) ;
#1392 = CARTESIAN_POINT ( 'NONE',  ( -3.837500000000000355, -3.809999999999999165, -3.047499999999999432 ) ) ;
#1393 = ORIENTED_EDGE ( 'NONE', *, *, #3106, .F. ) ;
#1394 = AXIS2_PLACEMENT_3D ( 'NONE', #1972, #3768, #4108 ) ;
#1395 = FACE_OUTER_BOUND ( 'NONE', #346, .T. ) ;
#1396 = VERTEX_POINT ( 'NONE', #261 ) ;
#1397 = CARTESIAN_POINT ( 'NONE',  ( 3.637499999999999734, 2.462500000000064304, 3.047500000000000764 ) ) ;
#1398 = EDGE_CURVE ( 'NONE', #3783, #2493, #3736, .T. ) ;
#1399 = LINE ( 'NONE', #2672, #2252 ) ;
#1400 = AXIS2_PLACEMENT_3D ( 'NONE', #2863, #1290, #1942 ) ;
#1401 = EDGE_CURVE ( 'NONE', #3442, #3458, #3498, .T. ) ;
#1402 = FACE_OUTER_BOUND ( 'NONE', #2757, .T. ) ;
#1403 = CARTESIAN_POINT ( 'NONE',  ( 3.837499999999999911, -1.734723475976807094E-15, 2.032500000000001084 ) ) ;
#1404 = ORIENTED_EDGE ( 'NONE', *, *, #969, .T. ) ;
#1405 = EDGE_CURVE ( 'NONE', #14, #1653, #3742, .T. ) ;
#1406 = AXIS2_PLACEMENT_3D ( 'NONE', #3887, #3262, #3305 ) ;
#1407 = CIRCLE ( 'NONE', #604, 0.2349999999999999589 ) ;
#1408 = DIRECTION ( 'NONE',  ( 1.000000000000000000, 0.000000000000000000, 0.000000000000000000 ) ) ;
#1409 = ORIENTED_EDGE ( 'NONE', *, *, #2598, .F. ) ;
#1410 = LINE ( 'NONE', #1356, #753 ) ;
#1411 = VECTOR ( 'NONE', #3479, 1000.000000000000000 ) ;
#1412 = AXIS2_PLACEMENT_3D ( 'NONE', #3488, #2027, #631 ) ;
#1413 = EDGE_CURVE ( 'NONE', #2704, #3540, #2799, .T. ) ;
#1414 = DIRECTION ( 'NONE',  ( -1.000000000000000000, -1.053666270899885882E-15, 0.000000000000000000 ) ) ;
#1415 = ORIENTED_EDGE ( 'NONE', *, *, #1447, .F. ) ;
#1416 = DIRECTION ( 'NONE',  ( 0.000000000000000000, 0.000000000000000000, 1.000000000000000000 ) ) ;
#1417 = ORIENTED_EDGE ( 'NONE', *, *, #3591, .F. ) ;
#1418 = VECTOR ( 'NONE', #1906, 1000.000000000000000 ) ;
#1419 = ORIENTED_EDGE ( 'NONE', *, *, #659, .F. ) ;
#1420 = CARTESIAN_POINT ( 'NONE',  ( -3.082207622241484923, 1.020000000000000018, -4.634999999999999787 ) ) ;
#1421 = VERTEX_POINT ( 'NONE', #1543 ) ;
#1422 = LINE ( 'NONE', #212, #177 ) ;
#1423 = PLANE ( 'NONE',  #3162 ) ;
#1424 = PLANE ( 'NONE',  #2515 ) ;
#1425 = EDGE_CURVE ( 'NONE', #2499, #21, #3680, .T. ) ;
#1426 = VECTOR ( 'NONE', #2873, 1000.000000000000000 ) ;
#1427 = DIRECTION ( 'NONE',  ( -1.000000000000000000, -0.000000000000000000, -0.000000000000000000 ) ) ;
#1428 = LINE ( 'NONE', #1403, #3357 ) ;
#1429 = VECTOR ( 'NONE', #860, 1000.000000000000000 ) ;
#1430 = CARTESIAN_POINT ( 'NONE',  ( 0.000000000000000000, 4.570000000000000284, -4.479707622241485332 ) ) ;
#1431 = AXIS2_PLACEMENT_3D ( 'NONE', #2521, #2845, #962 ) ;
#1432 = CIRCLE ( 'NONE', #3753, 0.2000000000000000944 ) ;
#1433 = EDGE_LOOP ( 'NONE', ( #729, #1109, #404, #1012 ) ) ;
#1434 = DIRECTION ( 'NONE',  ( 0.08715574274766166307, 0.9961946980917453232, 0.000000000000000000 ) ) ;
#1435 = ORIENTED_EDGE ( 'NONE', *, *, #3608, .F. ) ;
#1436 = LINE ( 'NONE', #1107, #543 ) ;
#1437 = EDGE_LOOP ( 'NONE', ( #1219, #564, #1781, #1548 ) ) ;
#1438 = EDGE_CURVE ( 'NONE', #2507, #78, #2306, .T. ) ;
#1439 = DIRECTION ( 'NONE',  ( -0.000000000000000000, -0.000000000000000000, -1.000000000000000000 ) ) ;
#1440 = VERTEX_POINT ( 'NONE', #1039 ) ;
#1441 = CARTESIAN_POINT ( 'NONE',  ( -3.082207622241484923, 4.570000000000000284, -4.479707622241485332 ) ) ;
#1442 = ORIENTED_EDGE ( 'NONE', *, *, #2522, .F. ) ;
#1443 = DIRECTION ( 'NONE',  ( 0.08715574274766166307, -0.9961946980917453232, 0.000000000000000000 ) ) ;
#1444 = FACE_OUTER_BOUND ( 'NONE', #3686, .T. ) ;
#1445 = DIRECTION ( 'NONE',  ( 0.9961946980917458783, -0.08715574274765519602, 0.000000000000000000 ) ) ;
#1446 = PLANE ( 'NONE',  #1353 ) ;
#1447 = EDGE_CURVE ( 'NONE', #1112, #1440, #1701, .T. ) ;
#1448 = CARTESIAN_POINT ( 'NONE',  ( 4.102500000000000036, 0.000000000000000000, -3.574999999999999734 ) ) ;
#1449 = ORIENTED_EDGE ( 'NONE', *, *, #1622, .T. ) ;
#1450 = EDGE_CURVE ( 'NONE', #2507, #1593, #436, .T. ) ;
#1451 = FACE_OUTER_BOUND ( 'NONE', #4061, .T. ) ;
#1452 = VERTEX_POINT ( 'NONE', #3842 ) ;
#1453 = DIRECTION ( 'NONE',  ( 0.08715574274766166307, -0.9961946980917453232, -0.000000000000000000 ) ) ;
#1454 = ORIENTED_EDGE ( 'NONE', *, *, #1268, .F. ) ;
#1455 = LINE ( 'NONE', #1474, #2481 ) ;
#1456 = ORIENTED_EDGE ( 'NONE', *, *, #1761, .T. ) ;
#1457 = EDGE_CURVE ( 'NONE', #1142, #1047, #990, .T. ) ;
#1458 = CARTESIAN_POINT ( 'NONE',  ( 4.102500000000000036, 0.000000000000000000, -3.047499999999999432 ) ) ;
#1459 = DIRECTION ( 'NONE',  ( 0.000000000000000000, 0.000000000000000000, 1.000000000000000000 ) ) ;
#1460 = CARTESIAN_POINT ( 'NONE',  ( 0.9000000000000000222, 4.169999999999999929, -4.479707622241487996 ) ) ;
#1461 = CARTESIAN_POINT ( 'NONE',  ( 4.102500000000000036, 0.000000000000000000, -1.034999999999999476 ) ) ;
#1462 =( GEOMETRIC_REPRESENTATION_CONTEXT ( 3 ) GLOBAL_UNCERTAINTY_ASSIGNED_CONTEXT ( ( #2694 ) ) GLOBAL_UNIT_ASSIGNED_CONTEXT ( ( #740, #1735, #3659 ) ) REPRESENTATION_CONTEXT ( 'NONE', 'WORKASPACE' ) );
#1463 = AXIS2_PLACEMENT_3D ( 'NONE', #1769, #1160, #3375 ) ;
#1464 = CARTESIAN_POINT ( 'NONE',  ( -3.225907752082814550, 2.927500000000065050, -0.5074999999999992850 ) ) ;
#1465 = CARTESIAN_POINT ( 'NONE',  ( -3.837500000000000355, -3.809999999999999165, -0.5074999999999992850 ) ) ;
#1466 = AXIS2_PLACEMENT_3D ( 'NONE', #3345, #1834, #840 ) ;
#1467 = ORIENTED_EDGE ( 'NONE', *, *, #203, .T. ) ;
#1468 = CARTESIAN_POINT ( 'NONE',  ( 4.102500000000000036, 0.000000000000000000, -3.047499999999999432 ) ) ;
#1469 = VERTEX_POINT ( 'NONE', #3244 ) ;
#1470 = AXIS2_PLACEMENT_3D ( 'NONE', #848, #1771, #2389 ) ;
#1471 = FACE_OUTER_BOUND ( 'NONE', #2818, .T. ) ;
#1472 = ORIENTED_EDGE ( 'NONE', *, *, #671, .F. ) ;
#1473 = EDGE_CURVE ( 'NONE', #1337, #993, #1345, .T. ) ;
#1474 = CARTESIAN_POINT ( 'NONE',  ( -3.637499999999999734, -1.734723475976807094E-15, 3.047500000000000764 ) ) ;
#1475 = ORIENTED_EDGE ( 'NONE', *, *, #3512, .F. ) ;
#1476 = AXIS2_PLACEMENT_3D ( 'NONE', #4043, #907, #594 ) ;
#1477 = CYLINDRICAL_SURFACE ( 'NONE', #2485, 0.2349999999999999589 ) ;
#1478 = DIRECTION ( 'NONE',  ( 1.000000000000000000, -0.000000000000000000, -0.000000000000000000 ) ) ;
#1479 = DIRECTION ( 'NONE',  ( -1.000000000000000000, 1.053666270899885882E-15, -0.000000000000000000 ) ) ;
#1480 = DIRECTION ( 'NONE',  ( -1.000000000000000000, -0.000000000000000000, -0.000000000000000000 ) ) ;
#1481 = EDGE_CURVE ( 'NONE', #1368, #2764, #2934, .T. ) ;
#1482 = MECHANICAL_DESIGN_GEOMETRIC_PRESENTATION_REPRESENTATION (  '', ( #3948 ), #3629 ) ;
#1483 = LINE ( 'NONE', #185, #563 ) ;
#1484 = DIRECTION ( 'NONE',  ( -1.000000000000000000, 0.000000000000000000, 0.000000000000000000 ) ) ;
#1485 = PRESENTATION_LAYER_ASSIGNMENT (  '', '', ( #167 ) ) ;
#1486 = LINE ( 'NONE', #589, #2190 ) ;
#1487 = ORIENTED_EDGE ( 'NONE', *, *, #2619, .F. ) ;
#1488 = CARTESIAN_POINT ( 'NONE',  ( -3.225907752082814550, 2.927500000000065050, 2.032500000000001084 ) ) ;
#1489 = AXIS2_PLACEMENT_3D ( 'NONE', #1465, #2444, #3756 ) ;
#1490 = CARTESIAN_POINT ( 'NONE',  ( -2.337500000000000355, 4.169999999999999929, -4.135000000000000675 ) ) ;
#1491 = EDGE_CURVE ( 'NONE', #3525, #3895, #1631, .T. ) ;
#1492 = ORIENTED_EDGE ( 'NONE', *, *, #841, .T. ) ;
#1493 = DIRECTION ( 'NONE',  ( -1.000000000000000000, -0.000000000000000000, -0.000000000000000000 ) ) ;
#1494 = ORIENTED_EDGE ( 'NONE', *, *, #3841, .T. ) ;
#1495 = ORIENTED_EDGE ( 'NONE', *, *, #2371, .T. ) ;
#1496 = VECTOR ( 'NONE', #3046, 1000.000000000000000 ) ;
#1497 = PLANE ( 'NONE',  #3216 ) ;
#1498 = DIRECTION ( 'NONE',  ( 6.914003491338339945E-17, 1.000000000000000000, 0.000000000000000000 ) ) ;
#1499 = DIRECTION ( 'NONE',  ( 1.000000000000000000, -0.000000000000000000, -0.000000000000000000 ) ) ;
#1500 = EDGE_CURVE ( 'NONE', #153, #1093, #2017, .T. ) ;
#1501 = ADVANCED_FACE ( 'NONE', ( #457 ), #3581, .F. ) ;
#1502 = CARTESIAN_POINT ( 'NONE',  ( 3.225907752082815438, 2.662500000000064482, -3.047499999999999432 ) ) ;
#1503 = LINE ( 'NONE', #2770, #1359 ) ;
#1504 = CARTESIAN_POINT ( 'NONE',  ( 4.102500000000000036, 0.000000000000000000, -1.034999999999999476 ) ) ;
#1505 = FACE_OUTER_BOUND ( 'NONE', #829, .T. ) ;
#1506 = CARTESIAN_POINT ( 'NONE',  ( -3.837500000000000799, -3.574999999999999734, 3.810000000000000941 ) ) ;
#1507 = ORIENTED_EDGE ( 'NONE', *, *, #3757, .T. ) ;
#1508 = DIRECTION ( 'NONE',  ( 0.000000000000000000, -1.000000000000000000, -2.426186679687843197E-16 ) ) ;
#1509 = EDGE_LOOP ( 'NONE', ( #3866, #1124, #1885, #1283 ) ) ;
#1510 = DIRECTION ( 'NONE',  ( -1.000000000000000000, -0.000000000000000000, -0.000000000000000000 ) ) ;
#1511 = ORIENTED_EDGE ( 'NONE', *, *, #3824, .T. ) ;
#1512 = CYLINDRICAL_SURFACE ( 'NONE', #1389, 0.2000000000000000944 ) ;
#1513 = CARTESIAN_POINT ( 'NONE',  ( 3.225907752082815438, 2.662500000000064482, -0.5074999999999992850 ) ) ;
#1514 = SURFACE_STYLE_USAGE ( .BOTH. , #2785 ) ;
#1515 = EDGE_CURVE ( 'NONE', #544, #3885, #2570, .T. ) ;
#1516 = EDGE_CURVE ( 'NONE', #554, #814, #1385, .T. ) ;
#1517 = CIRCLE ( 'NONE', #2063, 0.4650000000000005795 ) ;
#1518 = DIRECTION ( 'NONE',  ( -1.000000000000000000, -1.053666270899885882E-15, 0.000000000000000000 ) ) ;
#1519 = DIRECTION ( 'NONE',  ( 0.000000000000000000, 1.000000000000000000, 0.000000000000000000 ) ) ;
#1520 = CIRCLE ( 'NONE', #929, 0.4650000000000005795 ) ;
#1521 = CARTESIAN_POINT ( 'NONE',  ( 3.225907752082815438, 2.662500000000064482, -3.047499999999999432 ) ) ;
#1522 = ORIENTED_EDGE ( 'NONE', *, *, #1264, .F. ) ;
#1523 = CARTESIAN_POINT ( 'NONE',  ( -4.102500000000000036, 2.462500000000064304, -4.044999999999998153 ) ) ;
#1524 = AXIS2_PLACEMENT_3D ( 'NONE', #2192, #3477, #615 ) ;
#1525 = VECTOR ( 'NONE', #2936, 1000.000000000000000 ) ;
#1526 = CARTESIAN_POINT ( 'NONE',  ( -3.237499999999999822, 2.795000000000064766, 2.032500000000001084 ) ) ;
#1527 = ADVANCED_FACE ( 'NONE', ( #409 ), #1061, .F. ) ;
#1528 = CIRCLE ( 'NONE', #1599, 0.2349999999999999589 ) ;
#1529 = ORIENTED_EDGE ( 'NONE', *, *, #3790, .F. ) ;
#1530 = CARTESIAN_POINT ( 'NONE',  ( 0.000000000000000000, 4.169999999999999929, 0.000000000000000000 ) ) ;
#1531 =( GEOMETRIC_REPRESENTATION_CONTEXT ( 3 ) GLOBAL_UNCERTAINTY_ASSIGNED_CONTEXT ( ( #1554 ) ) GLOBAL_UNIT_ASSIGNED_CONTEXT ( ( #99, #1628, #2913 ) ) REPRESENTATION_CONTEXT ( 'NONE', 'WORKASPACE' ) );
#1532 = FACE_OUTER_BOUND ( 'NONE', #1566, .T. ) ;
#1533 = ADVANCED_FACE ( 'NONE', ( #3559 ), #2946, .F. ) ;
#1534 = ADVANCED_FACE ( 'NONE', ( #127 ), #3928, .F. ) ;
#1535 = DIRECTION ( 'NONE',  ( -1.000000000000000000, 0.000000000000000000, 0.000000000000000000 ) ) ;
#1536 = LINE ( 'NONE', #2208, #4050 ) ;
#1537 = DIRECTION ( 'NONE',  ( -0.000000000000000000, -0.000000000000000000, -1.000000000000000000 ) ) ;
#1538 = ORIENTED_EDGE ( 'NONE', *, *, #3737, .T. ) ;
#1539 = CARTESIAN_POINT ( 'NONE',  ( 3.837500000000000355, -3.574999999999999734, -1.269999999999998908 ) ) ;
#1540 = ORIENTED_EDGE ( 'NONE', *, *, #945, .T. ) ;
#1541 = SURFACE_STYLE_USAGE ( .BOTH. , #2796 ) ;
#1542 = FILL_AREA_STYLE_COLOUR ( '', #3878 ) ;
#1543 = CARTESIAN_POINT ( 'NONE',  ( 3.837499999999999911, 2.462500000000064304, -0.5074999999999992850 ) ) ;
#1544 = CIRCLE ( 'NONE', #2554, 0.4650000000000005795 ) ;
#1545 = ORIENTED_EDGE ( 'NONE', *, *, #2204, .T. ) ;
#1546 = VECTOR ( 'NONE', #209, 1000.000000000000000 ) ;
#1547 = CARTESIAN_POINT ( 'NONE',  ( 3.837499999999999911, 0.000000000000000000, 2.032500000000001084 ) ) ;
#1548 = ORIENTED_EDGE ( 'NONE', *, *, #3811, .T. ) ;
#1549 = VERTEX_POINT ( 'NONE', #2351 ) ;
#1550 = ADVANCED_FACE ( 'NONE', ( #683 ), #2876, .T. ) ;
#1551 = CARTESIAN_POINT ( 'NONE',  ( 4.102500000000000036, 0.000000000000000000, -1.034999999999999476 ) ) ;
#1552 = AXIS2_PLACEMENT_3D ( 'NONE', #2687, #852, #1113 ) ;
#1553 = CARTESIAN_POINT ( 'NONE',  ( 3.837499999999999911, 2.462500000000064304, 4.572499999999999787 ) ) ;
#1554 = UNCERTAINTY_MEASURE_WITH_UNIT (LENGTH_MEASURE( 1.000000000000000082E-05 ), #99, 'distance_accuracy_value', 'NONE');
#1555 = DIRECTION ( 'NONE',  ( -0.000000000000000000, -0.000000000000000000, -1.000000000000000000 ) ) ;
#1556 = CARTESIAN_POINT ( 'NONE',  ( 3.225907752082815438, 2.662500000000064482, 4.044999999999998153 ) ) ;
#1557 = EDGE_LOOP ( 'NONE', ( #3040, #520, #590, #1651 ) ) ;
#1558 = LINE ( 'NONE', #3166, #669 ) ;
#1559 = DIRECTION ( 'NONE',  ( -6.914003491338339945E-17, -1.000000000000000000, 1.213093339843921105E-16 ) ) ;
#1560 = CARTESIAN_POINT ( 'NONE',  ( -3.225907752082814550, 2.927500000000065050, -3.047499999999999432 ) ) ;
#1561 = EDGE_LOOP ( 'NONE', ( #579, #1170, #1409, #317 ) ) ;
#1562 = CARTESIAN_POINT ( 'NONE',  ( 4.102500000000000036, 0.000000000000000000, 1.505000000000000782 ) ) ;
#1563 = ORIENTED_EDGE ( 'NONE', *, *, #2487, .F. ) ;
#1564 = EDGE_CURVE ( 'NONE', #2355, #2704, #1013, .T. ) ;
#1565 = CARTESIAN_POINT ( 'NONE',  ( -2.337500000000000355, 4.169999999999999929, -3.735000000000000320 ) ) ;
#1566 = EDGE_LOOP ( 'NONE', ( #2213, #2689, #822, #3521, #1435, #2898, #2082, #2715 ) ) ;
#1567 = CARTESIAN_POINT ( 'NONE',  ( -3.637499999999999734, 2.462500000000064304, -3.047499999999999432 ) ) ;
#1568 = ADVANCED_FACE ( 'NONE', ( #1647 ), #2993, .T. ) ;
#1569 = VERTEX_POINT ( 'NONE', #1722 ) ;
#1570 = EDGE_LOOP ( 'NONE', ( #1660, #1415, #2026, #206 ) ) ;
#1571 = EDGE_LOOP ( 'NONE', ( #704, #3441, #3024, #2779 ) ) ;
#1572 = DIRECTION ( 'NONE',  ( 0.000000000000000000, 1.000000000000000000, 0.000000000000000000 ) ) ;
#1573 = EDGE_CURVE ( 'NONE', #1251, #1646, #1410, .T. ) ;
#1574 = LINE ( 'NONE', #755, #1921 ) ;
#1575 =( NAMED_UNIT ( * ) PLANE_ANGLE_UNIT ( ) SI_UNIT ( $, .RADIAN. ) );
#1576 = EDGE_CURVE ( 'NONE', #544, #77, #1664, .T. ) ;
#1577 = LINE ( 'NONE', #3507, #3194 ) ;
#1578 = DIRECTION ( 'NONE',  ( -0.000000000000000000, -0.000000000000000000, 1.000000000000000000 ) ) ;
#1579 = LINE ( 'NONE', #1919, #2260 ) ;
#1580 = LINE ( 'NONE', #1877, #3819 ) ;
#1581 = VECTOR ( 'NONE', #3810, 1000.000000000000000 ) ;
#1582 = DIRECTION ( 'NONE',  ( -1.000000000000000000, -0.000000000000000000, -0.000000000000000000 ) ) ;
#1583 = CARTESIAN_POINT ( 'NONE',  ( -3.237499999999999822, 2.795000000000064766, 2.032500000000001084 ) ) ;
#1584 =( NAMED_UNIT ( * ) SI_UNIT ( $, .STERADIAN. ) SOLID_ANGLE_UNIT ( ) );
#1585 =( LENGTH_UNIT ( ) NAMED_UNIT ( * ) SI_UNIT ( .MILLI., .METRE. ) );
#1586 = VECTOR ( 'NONE', #3077, 999.9999999999998863 ) ;
#1587 = VERTEX_POINT ( 'NONE', #91 ) ;
#1588 = CARTESIAN_POINT ( 'NONE',  ( 3.225907752082815438, 2.662500000000064482, 2.032500000000001084 ) ) ;
#1589 = ORIENTED_EDGE ( 'NONE', *, *, #1706, .T. ) ;
#1590 = VECTOR ( 'NONE', #1427, 1000.000000000000000 ) ;
#1591 = LINE ( 'NONE', #972, #676 ) ;
#1592 = ADVANCED_FACE ( 'NONE', ( #1330 ), #2627, .F. ) ;
#1593 = VERTEX_POINT ( 'NONE', #1049 ) ;
#1594 = ORIENTED_EDGE ( 'NONE', *, *, #1289, .T. ) ;
#1595 = ORIENTED_EDGE ( 'NONE', *, *, #3979, .F. ) ;
#1596 = AXIS2_PLACEMENT_3D ( 'NONE', #1284, #1848, #602 ) ;
#1597 = CARTESIAN_POINT ( 'NONE',  ( 3.837500000000000355, -3.809999999999998721, -4.044999999999999041 ) ) ;
#1598 = AXIS2_PLACEMENT_3D ( 'NONE', #1951, #2589, #3862 ) ;
#1599 = AXIS2_PLACEMENT_3D ( 'NONE', #171, #2701, #3974 ) ;
#1600 = SURFACE_STYLE_FILL_AREA ( #4055 ) ;
#1601 = EDGE_LOOP ( 'NONE', ( #2565, #2172, #3827, #1970 ) ) ;
#1602 = DIRECTION ( 'NONE',  ( 0.000000000000000000, 1.000000000000000000, 0.000000000000000000 ) ) ;
#1603 = CARTESIAN_POINT ( 'NONE',  ( 3.837500000000000355, -3.575000000000000178, 1.035000000000001252 ) ) ;
#1604 = DIRECTION ( 'NONE',  ( 0.000000000000000000, 0.000000000000000000, 1.000000000000000000 ) ) ;
#1605 = CARTESIAN_POINT ( 'NONE',  ( 3.082207622241484923, 1.020000000000000018, -4.479707622241485332 ) ) ;
#1606 = ADVANCED_FACE ( 'NONE', ( #424 ), #2049, .F. ) ;
#1607 = ORIENTED_EDGE ( 'NONE', *, *, #145, .F. ) ;
#1608 = CARTESIAN_POINT ( 'NONE',  ( 3.225907752082814550, 2.927500000000065050, -0.5074999999999992850 ) ) ;
#1609 = DIRECTION ( 'NONE',  ( 0.08715574274765519602, 0.9961946980917458783, 0.000000000000000000 ) ) ;
#1610 = CARTESIAN_POINT ( 'NONE',  ( 3.225907752082814550, 2.927500000000065050, 0.5075000000000009504 ) ) ;
#1611 = CARTESIAN_POINT ( 'NONE',  ( 3.637499999999999734, 2.662500000000064482, -0.5074999999999992850 ) ) ;
#1612 = ORIENTED_EDGE ( 'NONE', *, *, #3795, .F. ) ;
#1613 = DIRECTION ( 'NONE',  ( 0.000000000000000000, 0.000000000000000000, 1.000000000000000000 ) ) ;
#1614 = AXIS2_PLACEMENT_3D ( 'NONE', #1851, #915, #2822 ) ;
#1615 = ORIENTED_EDGE ( 'NONE', *, *, #1515, .T. ) ;
#1616 = DIRECTION ( 'NONE',  ( 1.000000000000000000, 0.000000000000000000, 0.000000000000000000 ) ) ;
#1617 = EDGE_CURVE ( 'NONE', #13, #3137, #2959, .T. ) ;
#1618 = AXIS2_PLACEMENT_3D ( 'NONE', #2914, #2633, #2990 ) ;
#1619 = DIRECTION ( 'NONE',  ( -0.000000000000000000, 1.000000000000000000, -0.000000000000000000 ) ) ;
#1620 = CARTESIAN_POINT ( 'NONE',  ( 3.225907752082814550, 2.927500000000065050, -2.032499999999999307 ) ) ;
#1621 = ORIENTED_EDGE ( 'NONE', *, *, #2784, .T. ) ;
#1622 = EDGE_CURVE ( 'NONE', #2353, #2669, #3251, .T. ) ;
#1623 = CARTESIAN_POINT ( 'NONE',  ( 4.102500000000000036, -1.734723475976807094E-15, 3.575000000000001954 ) ) ;
#1624 = CARTESIAN_POINT ( 'NONE',  ( 3.225907752082814550, 2.927500000000065050, -3.047499999999999432 ) ) ;
#1625 = ADVANCED_FACE ( 'NONE', ( #2381, #2314 ), #2646, .F. ) ;
#1626 = DIRECTION ( 'NONE',  ( -0.000000000000000000, -0.000000000000000000, -1.000000000000000000 ) ) ;
#1627 = CARTESIAN_POINT ( 'NONE',  ( -2.337500000000000355, 4.169999999999999929, -3.735000000000000320 ) ) ;
#1628 =( NAMED_UNIT ( * ) PLANE_ANGLE_UNIT ( ) SI_UNIT ( $, .RADIAN. ) );
#1629 =( LENGTH_UNIT ( ) NAMED_UNIT ( * ) SI_UNIT ( .MILLI., .METRE. ) );
#1630 = EDGE_LOOP ( 'NONE', ( #83, #389 ) ) ;
#1631 = LINE ( 'NONE', #2613, #752 ) ;
#1632 = EDGE_LOOP ( 'NONE', ( #1083, #3807, #3617, #279, #3511, #1918 ) ) ;
#1633 = DIRECTION ( 'NONE',  ( -0.000000000000000000, 1.000000000000000000, -0.000000000000000000 ) ) ;
#1634 = ORIENTED_EDGE ( 'NONE', *, *, #1709, .T. ) ;
#1635 = LINE ( 'NONE', #3249, #27 ) ;
#1636 = VERTEX_POINT ( 'NONE', #3005 ) ;
#1637 = CARTESIAN_POINT ( 'NONE',  ( 4.102500000000000036, -1.734723475976807094E-15, 1.035000000000002141 ) ) ;
#1638 = PLANE ( 'NONE',  #3995 ) ;
#1639 = ADVANCED_FACE ( 'NONE', ( #2982 ), #1423, .F. ) ;
#1640 = CARTESIAN_POINT ( 'NONE',  ( 3.837500000000000355, -3.809999999999999165, 2.032500000000001084 ) ) ;
#1641 = FACE_OUTER_BOUND ( 'NONE', #776, .T. ) ;
#1642 = DIRECTION ( 'NONE',  ( -0.08682659386424441961, 0.9924325091389676334, -0.08682659386424441961 ) ) ;
#1643 = DIRECTION ( 'NONE',  ( -1.000000000000000000, -0.000000000000000000, -0.000000000000000000 ) ) ;
#1644 = DIRECTION ( 'NONE',  ( 0.000000000000000000, -0.000000000000000000, 1.000000000000000000 ) ) ;
#1645 = ORIENTED_EDGE ( 'NONE', *, *, #3181, .T. ) ;
#1646 = VERTEX_POINT ( 'NONE', #3917 ) ;
#1647 = FACE_OUTER_BOUND ( 'NONE', #1060, .T. ) ;
#1648 = CARTESIAN_POINT ( 'NONE',  ( -4.102500000000000036, -1.734723475976807094E-15, 3.575000000000001954 ) ) ;
#1649 = VERTEX_POINT ( 'NONE', #466 ) ;
#1650 = DIRECTION ( 'NONE',  ( -0.000000000000000000, -0.000000000000000000, -1.000000000000000000 ) ) ;
#1651 = ORIENTED_EDGE ( 'NONE', *, *, #3311, .F. ) ;
#1652 = VECTOR ( 'NONE', #1479, 1000.000000000000000 ) ;
#1653 = VERTEX_POINT ( 'NONE', #2933 ) ;
#1654 = EDGE_CURVE ( 'NONE', #3174, #3860, #3643, .T. ) ;
#1655 = EDGE_CURVE ( 'NONE', #703, #1161, #1734, .T. ) ;
#1656 = EDGE_LOOP ( 'NONE', ( #310, #1741, #1078, #2310 ) ) ;
#1657 = LINE ( 'NONE', #2929, #566 ) ;
#1658 = AXIS2_PLACEMENT_3D ( 'NONE', #1637, #3620, #448 ) ;
#1659 = VECTOR ( 'NONE', #2463, 1000.000000000000000 ) ;
#1660 = ORIENTED_EDGE ( 'NONE', *, *, #1130, .F. ) ;
#1661 = VECTOR ( 'NONE', #4091, 1000.000000000000000 ) ;
#1662 = VERTEX_POINT ( 'NONE', #2600 ) ;
#1663 = EDGE_CURVE ( 'NONE', #3137, #1347, #3306, .T. ) ;
#1664 = LINE ( 'NONE', #2068, #2931 ) ;
#1665 = AXIS2_PLACEMENT_3D ( 'NONE', #3500, #2469, #2162 ) ;
#1666 = CARTESIAN_POINT ( 'NONE',  ( -3.225907752082814550, 2.927500000000065050, 4.572499999999999787 ) ) ;
#1667 = DIRECTION ( 'NONE',  ( 0.9961946980917453232, 0.08715574274766166307, -0.000000000000000000 ) ) ;
#1668 = DIRECTION ( 'NONE',  ( 0.000000000000000000, 0.000000000000000000, 1.000000000000000000 ) ) ;
#1669 = AXIS2_PLACEMENT_3D ( 'NONE', #421, #2003, #2231 ) ;
#1670 = ORIENTED_EDGE ( 'NONE', *, *, #1100, .T. ) ;
#1671 = EDGE_CURVE ( 'NONE', #2245, #3783, #1026, .T. ) ;
#1672 = CARTESIAN_POINT ( 'NONE',  ( -4.102500000000000036, 0.000000000000000000, 1.505000000000000782 ) ) ;
#1673 = CARTESIAN_POINT ( 'NONE',  ( -3.237499999999999822, 2.795000000000064766, 0.5075000000000009504 ) ) ;
#1674 = CARTESIAN_POINT ( 'NONE',  ( -3.225907752082814550, 2.927500000000065050, 0.5075000000000009504 ) ) ;
#1675 = DIRECTION ( 'NONE',  ( -0.000000000000000000, -0.000000000000000000, -1.000000000000000000 ) ) ;
#1676 = ORIENTED_EDGE ( 'NONE', *, *, #2546, .F. ) ;
#1677 = DIRECTION ( 'NONE',  ( 0.000000000000000000, 0.000000000000000000, 1.000000000000000000 ) ) ;
#1678 = DIRECTION ( 'NONE',  ( 0.9961946980917458783, -0.08715574274765497398, 0.000000000000000000 ) ) ;
#1679 = ORIENTED_EDGE ( 'NONE', *, *, #1398, .T. ) ;
#1680 = PLANE ( 'NONE',  #2530 ) ;
#1681 = ORIENTED_EDGE ( 'NONE', *, *, #273, .T. ) ;
#1682 = ORIENTED_EDGE ( 'NONE', *, *, #1357, .T. ) ;
#1683 = ADVANCED_FACE ( 'NONE', ( #764 ), #2670, .T. ) ;
#1684 = ORIENTED_EDGE ( 'NONE', *, *, #348, .T. ) ;
#1685 = CARTESIAN_POINT ( 'NONE',  ( -4.102500000000000036, -3.575000000000000178, 1.035000000000001252 ) ) ;
#1686 = ORIENTED_EDGE ( 'NONE', *, *, #134, .T. ) ;
#1687 = ADVANCED_FACE ( 'NONE', ( #739 ), #3897, .F. ) ;
#1688 = DIRECTION ( 'NONE',  ( -1.000000000000000000, 0.000000000000000000, 0.000000000000000000 ) ) ;
#1689 = ORIENTED_EDGE ( 'NONE', *, *, #2960, .F. ) ;
#1690 = MECHANICAL_DESIGN_GEOMETRIC_PRESENTATION_REPRESENTATION (  '', ( #955 ), #4015 ) ;
#1691 = LINE ( 'NONE', #2031, #2962 ) ;
#1692 = VECTOR ( 'NONE', #2790, 1000.000000000000000 ) ;
#1693 = AXIS2_PLACEMENT_3D ( 'NONE', #1565, #2830, #4099 ) ;
#1694 = CARTESIAN_POINT ( 'NONE',  ( 3.637499999999999734, 2.662500000000064482, 3.047500000000000764 ) ) ;
#1695 = CARTESIAN_POINT ( 'NONE',  ( -3.637499999999999734, 2.662500000000064482, -0.5074999999999992850 ) ) ;
#1696 = EDGE_CURVE ( 'NONE', #1112, #2760, #1691, .T. ) ;
#1697 = CYLINDRICAL_SURFACE ( 'NONE', #68, 0.2349999999999999589 ) ;
#1698 = SURFACE_STYLE_USAGE ( .BOTH. , #1298 ) ;
#1699 = DIRECTION ( 'NONE',  ( -0.000000000000000000, -0.000000000000000000, -1.000000000000000000 ) ) ;
#1700 = ORIENTED_EDGE ( 'NONE', *, *, #3153, .T. ) ;
#1701 = LINE ( 'NONE', #1084, #2601 ) ;
#1702 = DIRECTION ( 'NONE',  ( -1.000000000000000000, 0.000000000000000000, 0.000000000000000000 ) ) ;
#1703 = ORIENTED_EDGE ( 'NONE', *, *, #4067, .F. ) ;
#1704 = CARTESIAN_POINT ( 'NONE',  ( 3.637499999999999734, 2.927500000000064606, -4.044999999999998153 ) ) ;
#1705 = VERTEX_POINT ( 'NONE', #1789 ) ;
#1706 = EDGE_CURVE ( 'NONE', #3604, #3315, #2815, .T. ) ;
#1707 = ORIENTED_EDGE ( 'NONE', *, *, #1654, .T. ) ;
#1708 = CARTESIAN_POINT ( 'NONE',  ( 3.837500000000000355, -3.809999999999999165, 4.572499999999999787 ) ) ;
#1709 = EDGE_CURVE ( 'NONE', #2328, #2900, #1831, .T. ) ;
#1710 = VERTEX_POINT ( 'NONE', #1187 ) ;
#1711 = PLANE ( 'NONE',  #2858 ) ;
#1712 = VERTEX_POINT ( 'NONE', #1813 ) ;
#1713 = ORIENTED_EDGE ( 'NONE', *, *, #2788, .T. ) ;
#1714 = DIRECTION ( 'NONE',  ( 0.000000000000000000, -1.000000000000000000, 0.000000000000000000 ) ) ;
#1715 = EDGE_CURVE ( 'NONE', #4049, #912, #2781, .T. ) ;
#1716 = CARTESIAN_POINT ( 'NONE',  ( -3.637499999999999734, 2.662500000000064482, 4.044999999999998153 ) ) ;
#1717 = DIRECTION ( 'NONE',  ( 1.000000000000000000, 1.053666270899885882E-15, 0.000000000000000000 ) ) ;
#1718 = SURFACE_STYLE_USAGE ( .BOTH. , #143 ) ;
#1719 = EDGE_CURVE ( 'NONE', #3635, #1452, #823, .T. ) ;
#1720 = FACE_OUTER_BOUND ( 'NONE', #973, .T. ) ;
#1721 = EDGE_LOOP ( 'NONE', ( #373, #3178, #811, #1292, #593, #3272, #1070, #1911, #661 ) ) ;
#1722 = CARTESIAN_POINT ( 'NONE',  ( -3.837499999999999023, 0.000000000000000000, 2.032500000000001084 ) ) ;
#1723 = DIRECTION ( 'NONE',  ( -0.000000000000000000, -0.000000000000000000, -1.000000000000000000 ) ) ;
#1724 = ORIENTED_EDGE ( 'NONE', *, *, #237, .F. ) ;
#1725 = CARTESIAN_POINT ( 'NONE',  ( 3.237499999999999822, 2.795000000000064766, -2.032499999999999307 ) ) ;
#1726 = ORIENTED_EDGE ( 'NONE', *, *, #1189, .T. ) ;
#1727 = VERTEX_POINT ( 'NONE', #3676 ) ;
#1728 = DIRECTION ( 'NONE',  ( -0.000000000000000000, 1.000000000000000000, -0.000000000000000000 ) ) ;
#1729 = EDGE_CURVE ( 'NONE', #3955, #3045, #3066, .T. ) ;
#1730 = ORIENTED_EDGE ( 'NONE', *, *, #2840, .T. ) ;
#1731 = MECHANICAL_DESIGN_GEOMETRIC_PRESENTATION_REPRESENTATION (  '', ( #3526 ), #1462 ) ;
#1732 = DIRECTION ( 'NONE',  ( -0.08715574274765516827, 0.9961946980917457672, 0.000000000000000000 ) ) ;
#1733 = VECTOR ( 'NONE', #3110, 1000.000000000000000 ) ;
#1734 = LINE ( 'NONE', #63, #975 ) ;
#1735 =( NAMED_UNIT ( * ) PLANE_ANGLE_UNIT ( ) SI_UNIT ( $, .RADIAN. ) );
#1736 = VECTOR ( 'NONE', #2270, 1000.000000000000000 ) ;
#1737 = UNCERTAINTY_MEASURE_WITH_UNIT (LENGTH_MEASURE( 1.000000000000000082E-05 ), #2368, 'distance_accuracy_value', 'NONE');
#1738 = DIRECTION ( 'NONE',  ( -6.914003491338339945E-17, 1.000000000000000000, 0.000000000000000000 ) ) ;
#1739 = DIRECTION ( 'NONE',  ( -1.000000000000000000, -0.000000000000000000, -0.000000000000000000 ) ) ;
#1740 = VECTOR ( 'NONE', #1339, 1000.000000000000000 ) ;
#1741 = ORIENTED_EDGE ( 'NONE', *, *, #2408, .F. ) ;
#1742 = EDGE_CURVE ( 'NONE', #1240, #642, #3982, .T. ) ;
#1743 = VECTOR ( 'NONE', #532, 1000.000000000000000 ) ;
#1744 = DIRECTION ( 'NONE',  ( 1.000000000000000000, 0.000000000000000000, 0.000000000000000000 ) ) ;
#1745 = ORIENTED_EDGE ( 'NONE', *, *, #3502, .T. ) ;
#1746 = DIRECTION ( 'NONE',  ( 0.000000000000000000, 1.000000000000000000, 0.000000000000000000 ) ) ;
#1747 = EDGE_LOOP ( 'NONE', ( #3282, #3435, #2738, #1090, #911, #2662, #2557, #3494 ) ) ;
#1748 = CARTESIAN_POINT ( 'NONE',  ( -4.102500000000000036, 2.462500000000064304, 2.032500000000001084 ) ) ;
#1749 = ORIENTED_EDGE ( 'NONE', *, *, #2230, .F. ) ;
#1750 = EDGE_LOOP ( 'NONE', ( #3360, #1393, #3739, #2719 ) ) ;
#1751 = LINE ( 'NONE', #3993, #1220 ) ;
#1752 = ORIENTED_EDGE ( 'NONE', *, *, #677, .T. ) ;
#1753 = CARTESIAN_POINT ( 'NONE',  ( 3.837500000000000355, -3.575000000000000178, -1.504999999999999005 ) ) ;
#1754 = ADVANCED_FACE ( 'NONE', ( #4051 ), #2454, .F. ) ;
#1755 = ORIENTED_EDGE ( 'NONE', *, *, #3658, .T. ) ;
#1756 = CARTESIAN_POINT ( 'NONE',  ( -4.102500000000000036, -1.734723475976807094E-15, 0.5075000000000018385 ) ) ;
#1757 = DIRECTION ( 'NONE',  ( -0.000000000000000000, -0.000000000000000000, -1.000000000000000000 ) ) ;
#1758 = AXIS2_PLACEMENT_3D ( 'NONE', #948, #3150, #2586 ) ;
#1759 = CARTESIAN_POINT ( 'NONE',  ( -2.337500000000000355, 4.169999999999999929, -3.335000000000000409 ) ) ;
#1760 = APPLICATION_PROTOCOL_DEFINITION ( 'draft international standard', 'automotive_design', 1998, #649 ) ;
#1761 = EDGE_CURVE ( 'NONE', #2503, #926, #2744, .T. ) ;
#1762 = VECTOR ( 'NONE', #1193, 1000.000000000000000 ) ;
#1763 = VECTOR ( 'NONE', #618, 1000.000000000000000 ) ;
#1764 = ADVANCED_FACE ( 'NONE', ( #2085 ), #2143, .F. ) ;
#1765 = LINE ( 'NONE', #1136, #2288 ) ;
#1766 = VECTOR ( 'NONE', #1021, 1000.000000000000000 ) ;
#1767 = VERTEX_POINT ( 'NONE', #3366 ) ;
#1768 = ADVANCED_FACE ( 'NONE', ( #855 ), #1512, .F. ) ;
#1769 = CARTESIAN_POINT ( 'NONE',  ( 3.637499999999999734, 2.462500000000064304, 0.5075000000000009504 ) ) ;
#1770 = EDGE_LOOP ( 'NONE', ( #1994, #3675, #3566, #2141, #87, #1679 ) ) ;
#1771 = DIRECTION ( 'NONE',  ( 0.000000000000000000, 1.000000000000000000, 0.000000000000000000 ) ) ;
#1772 = ORIENTED_EDGE ( 'NONE', *, *, #1787, .T. ) ;
#1773 = LINE ( 'NONE', #3653, #1546 ) ;
#1774 = ORIENTED_EDGE ( 'NONE', *, *, #714, .F. ) ;
#1775 = CARTESIAN_POINT ( 'NONE',  ( -4.102500000000000036, 0.000000000000000000, 1.505000000000000782 ) ) ;
#1776 = CARTESIAN_POINT ( 'NONE',  ( 3.837499999999999911, 2.462500000000065192, 4.044999999999998153 ) ) ;
#1777 = CARTESIAN_POINT ( 'NONE',  ( -2.337500000000000355, 4.570000000000000284, -3.735000000000000320 ) ) ;
#1778 = LINE ( 'NONE', #3967, #3793 ) ;
#1779 = LINE ( 'NONE', #551, #3147 ) ;
#1780 = LINE ( 'NONE', #2735, #1793 ) ;
#1781 = ORIENTED_EDGE ( 'NONE', *, *, #203, .F. ) ;
#1782 = LINE ( 'NONE', #2996, #3340 ) ;
#1783 = EDGE_LOOP ( 'NONE', ( #1475, #1254, #3483, #81 ) ) ;
#1784 = PLANE ( 'NONE',  #102 ) ;
#1785 = VERTEX_POINT ( 'NONE', #1776 ) ;
#1786 = DIRECTION ( 'NONE',  ( -1.000000000000000000, -0.000000000000000000, -0.000000000000000000 ) ) ;
#1787 = EDGE_CURVE ( 'NONE', #166, #577, #4020, .T. ) ;
#1788 = ORIENTED_EDGE ( 'NONE', *, *, #3337, .T. ) ;
#1789 = CARTESIAN_POINT ( 'NONE',  ( 3.237499999999999822, 2.795000000000064766, 4.044999999999998153 ) ) ;
#1790 = AXIS2_PLACEMENT_3D ( 'NONE', #996, #3444, #4068 ) ;
#1791 = DIRECTION ( 'NONE',  ( 0.000000000000000000, 0.000000000000000000, 1.000000000000000000 ) ) ;
#1792 = LINE ( 'NONE', #3070, #2806 ) ;
#1793 = VECTOR ( 'NONE', #1434, 999.9999999999998863 ) ;
#1794 = AXIS2_PLACEMENT_3D ( 'NONE', #958, #1602, #650 ) ;
#1795 = CARTESIAN_POINT ( 'NONE',  ( 3.637499999999999734, 2.927500000000064606, 2.032500000000001084 ) ) ;
#1796 = FACE_OUTER_BOUND ( 'NONE', #2915, .T. ) ;
#1797 = VECTOR ( 'NONE', #4095, 1000.000000000000000 ) ;
#1798 = VECTOR ( 'NONE', #913, 1000.000000000000000 ) ;
#1799 = EDGE_CURVE ( 'NONE', #1325, #3017, #565, .T. ) ;
#1800 = DIRECTION ( 'NONE',  ( 0.000000000000000000, 0.000000000000000000, 1.000000000000000000 ) ) ;
#1801 = EDGE_LOOP ( 'NONE', ( #1184, #2743, #3317 ) ) ;
#1802 = VECTOR ( 'NONE', #2098, 1000.000000000000000 ) ;
#1803 = DIRECTION ( 'NONE',  ( -1.000000000000000000, 0.000000000000000000, 0.000000000000000000 ) ) ;
#1804 = VERTEX_POINT ( 'NONE', #489 ) ;
#1805 = VERTEX_POINT ( 'NONE', #2164 ) ;
#1806 = AXIS2_PLACEMENT_3D ( 'NONE', #1069, #1895, #1270 ) ;
#1807 = CARTESIAN_POINT ( 'NONE',  ( -3.837499999999999911, 2.462500000000064304, 4.044999999999998153 ) ) ;
#1808 = ORIENTED_EDGE ( 'NONE', *, *, #3299, .F. ) ;
#1809 = LINE ( 'NONE', #192, #359 ) ;
#1810 = ADVANCED_FACE ( 'NONE', ( #2419 ), #3709, .F. ) ;
#1811 = ORIENTED_EDGE ( 'NONE', *, *, #1576, .F. ) ;
#1812 = ORIENTED_EDGE ( 'NONE', *, *, #2945, .F. ) ;
#1813 = CARTESIAN_POINT ( 'NONE',  ( 3.637499999999999734, 2.662500000000064482, 2.032500000000001084 ) ) ;
#1814 = EDGE_CURVE ( 'NONE', #2903, #483, #3422, .T. ) ;
#1815 = CARTESIAN_POINT ( 'NONE',  ( 4.102500000000000036, -1.734723475976807094E-15, -1.504999999999998117 ) ) ;
#1816 = LINE ( 'NONE', #1461, #1590 ) ;
#1817 = PRESENTATION_LAYER_ASSIGNMENT (  '', '', ( #3948 ) ) ;
#1818 = DIRECTION ( 'NONE',  ( -0.9961946980917453232, 0.08715574274766166307, 0.000000000000000000 ) ) ;
#1819 = DIRECTION ( 'NONE',  ( -0.000000000000000000, -0.000000000000000000, -1.000000000000000000 ) ) ;
#1820 = VERTEX_POINT ( 'NONE', #545 ) ;
#1821 = ORIENTED_EDGE ( 'NONE', *, *, #1425, .F. ) ;
#1822 = DIRECTION ( 'NONE',  ( 0.000000000000000000, 0.000000000000000000, 1.000000000000000000 ) ) ;
#1823 = VERTEX_POINT ( 'NONE', #3028 ) ;
#1824 = CIRCLE ( 'NONE', #895, 0.2000000000000000944 ) ;
#1825 = ORIENTED_EDGE ( 'NONE', *, *, #2624, .F. ) ;
#1826 = PLANE ( 'NONE',  #1103 ) ;
#1827 = ORIENTED_EDGE ( 'NONE', *, *, #1696, .F. ) ;
#1828 = FACE_OUTER_BOUND ( 'NONE', #1509, .T. ) ;
#1829 = ADVANCED_FACE ( 'NONE', ( #181 ), #1497, .F. ) ;
#1830 = EDGE_LOOP ( 'NONE', ( #1774, #57, #1889, #3829 ) ) ;
#1831 = LINE ( 'NONE', #3102, #1171 ) ;
#1832 = EDGE_CURVE ( 'NONE', #208, #1710, #1868, .T. ) ;
#1833 = CARTESIAN_POINT ( 'NONE',  ( -3.058971298493843971, 0.7544076042405599702, 4.456471298493842603 ) ) ;
#1834 = DIRECTION ( 'NONE',  ( -0.000000000000000000, -0.000000000000000000, -1.000000000000000000 ) ) ;
#1835 = LINE ( 'NONE', #1448, #1163 ) ;
#1836 = VECTOR ( 'NONE', #3319, 1000.000000000000000 ) ;
#1837 = LINE ( 'NONE', #3109, #1692 ) ;
#1838 = EDGE_CURVE ( 'NONE', #1374, #115, #2860, .T. ) ;
#1839 = ADVANCED_FACE ( 'NONE', ( #3484 ), #2882, .F. ) ;
#1840 = VERTEX_POINT ( 'NONE', #15 ) ;
#1841 = CARTESIAN_POINT ( 'NONE',  ( -3.837499999999999911, 0.000000000000000000, -3.047499999999999432 ) ) ;
#1842 = ORIENTED_EDGE ( 'NONE', *, *, #86, .T. ) ;
#1843 = DIRECTION ( 'NONE',  ( 0.000000000000000000, 1.000000000000000000, 0.000000000000000000 ) ) ;
#1844 = ADVANCED_FACE ( 'NONE', ( #2179 ), #978, .F. ) ;
#1845 = CARTESIAN_POINT ( 'NONE',  ( 4.102500000000000036, -1.734723475976807094E-15, -1.504999999999998117 ) ) ;
#1846 = ORIENTED_EDGE ( 'NONE', *, *, #845, .F. ) ;
#1847 = CARTESIAN_POINT ( 'NONE',  ( 4.102500000000000036, -3.575000000000000178, -4.044999999999999041 ) ) ;
#1848 = DIRECTION ( 'NONE',  ( -0.000000000000000000, -0.000000000000000000, -1.000000000000000000 ) ) ;
#1849 = LINE ( 'NONE', #3118, #2583 ) ;
#1850 = UNCERTAINTY_MEASURE_WITH_UNIT (LENGTH_MEASURE( 1.000000000000000082E-05 ), #3718, 'distance_accuracy_value', 'NONE');
#1851 = CARTESIAN_POINT ( 'NONE',  ( 4.102500000000000036, -1.734723475976807094E-15, -4.044999999999998153 ) ) ;
#1852 = CIRCLE ( 'NONE', #1790, 0.4650000000000005795 ) ;
#1853 = CARTESIAN_POINT ( 'NONE',  ( 3.637499999999999734, 2.927500000000064606, -0.5074999999999992850 ) ) ;
#1854 = FACE_OUTER_BOUND ( 'NONE', #2831, .T. ) ;
#1855 = VECTOR ( 'NONE', #2482, 1000.000000000000000 ) ;
#1856 = ADVANCED_FACE ( 'NONE', ( #3784 ), #3138, .F. ) ;
#1857 = CARTESIAN_POINT ( 'NONE',  ( -3.637500000000000178, 2.927500000000064606, 4.044999999999998153 ) ) ;
#1858 = ORIENTED_EDGE ( 'NONE', *, *, #687, .F. ) ;
#1859 = FILL_AREA_STYLE_COLOUR ( '', #3204 ) ;
#1860 = CLOSED_SHELL ( 'NONE', ( #1856, #1344, #2315, #61, #3424, #1011, #1844, #3475, #1309, #645, #3203, #2369, #1527 ) ) ;
#1861 = AXIS2_PLACEMENT_3D ( 'NONE', #2188, #633, #1604 ) ;
#1862 = ORIENTED_EDGE ( 'NONE', *, *, #2094, .F. ) ;
#1863 = DIRECTION ( 'NONE',  ( 1.000000000000000000, -6.914003491338339945E-17, -0.000000000000000000 ) ) ;
#1864 = AXIS2_PLACEMENT_3D ( 'NONE', #2659, #1650, #1974 ) ;
#1865 = ORIENTED_EDGE ( 'NONE', *, *, #362, .F. ) ;
#1866 = DIRECTION ( 'NONE',  ( -1.000000000000000000, 0.000000000000000000, 0.000000000000000000 ) ) ;
#1867 = AXIS2_PLACEMENT_3D ( 'NONE', #3170, #1843, #2214 ) ;
#1868 = LINE ( 'NONE', #1597, #1798 ) ;
#1869 = AXIS2_PLACEMENT_3D ( 'NONE', #1458, #837, #2705 ) ;
#1870 = PLANE ( 'NONE',  #3394 ) ;
#1871 = EDGE_CURVE ( 'NONE', #1180, #847, #4088, .T. ) ;
#1872 = FILL_AREA_STYLE ('',( #2166 ) ) ;
#1873 = FACE_OUTER_BOUND ( 'NONE', #2588, .T. ) ;
#1874 = ORIENTED_EDGE ( 'NONE', *, *, #1457, .F. ) ;
#1875 = ADVANCED_FACE ( 'NONE', ( #302 ), #2202, .T. ) ;
#1876 = CARTESIAN_POINT ( 'NONE',  ( 3.225907752082815438, 2.662500000000064482, 4.044999999999998153 ) ) ;
#1877 = CARTESIAN_POINT ( 'NONE',  ( 3.837499999999999911, 2.462500000000064304, -0.5074999999999992850 ) ) ;
#1878 = DIRECTION ( 'NONE',  ( -1.000000000000000000, -6.914003491338339945E-17, 0.000000000000000000 ) ) ;
#1879 = ORIENTED_EDGE ( 'NONE', *, *, #2509, .T. ) ;
#1880 = DIRECTION ( 'NONE',  ( -0.000000000000000000, -0.000000000000000000, -1.000000000000000000 ) ) ;
#1881 = DIRECTION ( 'NONE',  ( 1.000000000000000000, 0.000000000000000000, -0.000000000000000000 ) ) ;
#1882 = CIRCLE ( 'NONE', #1758, 0.2349999999999999589 ) ;
#1883 = LINE ( 'NONE', #1588, #2424 ) ;
#1884 = VECTOR ( 'NONE', #828, 1000.000000000000000 ) ;
#1885 = ORIENTED_EDGE ( 'NONE', *, *, #529, .T. ) ;
#1886 = AXIS2_PLACEMENT_3D ( 'NONE', #2240, #2814, #2529 ) ;
#1887 = LINE ( 'NONE', #1547, #876 ) ;
#1888 = VERTEX_POINT ( 'NONE', #1306 ) ;
#1889 = ORIENTED_EDGE ( 'NONE', *, *, #2624, .T. ) ;
#1890 = EDGE_CURVE ( 'NONE', #3818, #59, #2246, .T. ) ;
#1891 = CARTESIAN_POINT ( 'NONE',  ( 4.102500000000000036, -1.734723475976807094E-15, 0.5075000000000018385 ) ) ;
#1892 = FACE_OUTER_BOUND ( 'NONE', #1437, .T. ) ;
#1893 = AXIS2_PLACEMENT_3D ( 'NONE', #3592, #3570, #716 ) ;
#1894 = DIRECTION ( 'NONE',  ( 1.000000000000000000, 0.000000000000000000, 0.000000000000000000 ) ) ;
#1895 = DIRECTION ( 'NONE',  ( -1.053666270899885882E-15, -1.000000000000000000, 0.000000000000000000 ) ) ;
#1896 = AXIS2_PLACEMENT_3D ( 'NONE', #250, #1172, #2397 ) ;
#1897 = DIRECTION ( 'NONE',  ( -1.000000000000000000, -0.000000000000000000, -0.000000000000000000 ) ) ;
#1898 = LINE ( 'NONE', #309, #2365 ) ;
#1899 = EDGE_CURVE ( 'NONE', #1324, #715, #3522, .T. ) ;
#1900 = CARTESIAN_POINT ( 'NONE',  ( 3.837500000000000355, -3.809999999999999165, -3.574999999999999289 ) ) ;
#1901 = FACE_OUTER_BOUND ( 'NONE', #2552, .T. ) ;
#1902 = VECTOR ( 'NONE', #1378, 1000.000000000000000 ) ;
#1903 = CARTESIAN_POINT ( 'NONE',  ( 4.102500000000000036, -3.575000000000000178, -1.504999999999999005 ) ) ;
#1904 = PLANE ( 'NONE',  #2747 ) ;
#1905 = ORIENTED_EDGE ( 'NONE', *, *, #667, .F. ) ;
#1906 = DIRECTION ( 'NONE',  ( -1.000000000000000000, -0.000000000000000000, -0.000000000000000000 ) ) ;
#1907 = ORIENTED_EDGE ( 'NONE', *, *, #3232, .T. ) ;
#1908 = CARTESIAN_POINT ( 'NONE',  ( -3.837500000000000355, -3.809999999999999165, 4.045000000000000817 ) ) ;
#1909 = ORIENTED_EDGE ( 'NONE', *, *, #2861, .F. ) ;
#1910 = VERTEX_POINT ( 'NONE', #321 ) ;
#1911 = ORIENTED_EDGE ( 'NONE', *, *, #3270, .F. ) ;
#1912 = CARTESIAN_POINT ( 'NONE',  ( -3.837500000000000355, -3.809999999999999165, 2.032500000000001084 ) ) ;
#1913 = EDGE_CURVE ( 'NONE', #54, #3130, #647, .T. ) ;
#1914 = EDGE_CURVE ( 'NONE', #1325, #1469, #536, .T. ) ;
#1915 = EDGE_LOOP ( 'NONE', ( #2407, #3190, #1621, #2829 ) ) ;
#1916 = DIRECTION ( 'NONE',  ( 0.000000000000000000, 1.000000000000000000, 0.000000000000000000 ) ) ;
#1917 = DIRECTION ( 'NONE',  ( -1.000000000000000000, 0.000000000000000000, 0.000000000000000000 ) ) ;
#1918 = ORIENTED_EDGE ( 'NONE', *, *, #121, .F. ) ;
#1919 = CARTESIAN_POINT ( 'NONE',  ( 3.637499999999999734, 2.927500000000064606, -3.047499999999999432 ) ) ;
#1920 = DIRECTION ( 'NONE',  ( -1.000000000000000000, 0.000000000000000000, 0.000000000000000000 ) ) ;
#1921 = VECTOR ( 'NONE', #728, 1000.000000000000000 ) ;
#1922 = CARTESIAN_POINT ( 'NONE',  ( 4.102500000000000036, -1.734723475976807094E-15, 0.5075000000000018385 ) ) ;
#1923 = CARTESIAN_POINT ( 'NONE',  ( -3.837500000000000355, -3.809999999999998721, -1.504999999999999005 ) ) ;
#1924 = DIRECTION ( 'NONE',  ( 0.000000000000000000, -1.000000000000000000, 0.000000000000000000 ) ) ;
#1925 = DIRECTION ( 'NONE',  ( -1.000000000000000000, 0.000000000000000000, 0.000000000000000000 ) ) ;
#1926 = ADVANCED_FACE ( 'NONE', ( #1532 ), #2512, .F. ) ;
#1927 = AXIS2_PLACEMENT_3D ( 'NONE', #2011, #2319, #746 ) ;
#1928 = CARTESIAN_POINT ( 'NONE',  ( -4.102500000000000036, 0.000000000000000000, 2.032500000000001084 ) ) ;
#1929 = EDGE_LOOP ( 'NONE', ( #1037, #2492, #1703, #170 ) ) ;
#1930 = AXIS2_PLACEMENT_3D ( 'NONE', #3816, #294, #1229 ) ;
#1931 = CYLINDRICAL_SURFACE ( 'NONE', #75, 0.2349999999999999589 ) ;
#1932 = VERTEX_POINT ( 'NONE', #2495 ) ;
#1933 = EDGE_LOOP ( 'NONE', ( #2800, #3569, #1842, #1755, #3651, #2505, #2046, #1467, #2899 ) ) ;
#1934 = AXIS2_PLACEMENT_3D ( 'NONE', #2235, #2171, #573 ) ;
#1935 = ORIENTED_EDGE ( 'NONE', *, *, #3006, .T. ) ;
#1936 = DIRECTION ( 'NONE',  ( 1.000000000000000000, 0.000000000000000000, -0.000000000000000000 ) ) ;
#1937 = EDGE_CURVE ( 'NONE', #354, #2328, #624, .T. ) ;
#1938 = VECTOR ( 'NONE', #930, 1000.000000000000000 ) ;
#1939 = CARTESIAN_POINT ( 'NONE',  ( -4.102500000000000036, 2.462500000000064304, -3.047499999999999432 ) ) ;
#1940 = EDGE_CURVE ( 'NONE', #2762, #354, #1852, .T. ) ;
#1941 = AXIS2_PLACEMENT_3D ( 'NONE', #3822, #988, #1987 ) ;
#1942 = DIRECTION ( 'NONE',  ( 0.000000000000000000, 0.000000000000000000, 1.000000000000000000 ) ) ;
#1943 = CARTESIAN_POINT ( 'NONE',  ( 2.994638793376242441E-17, 4.169999999999999929, -4.479707622241487108 ) ) ;
#1944 = DIRECTION ( 'NONE',  ( 0.000000000000000000, 0.000000000000000000, 1.000000000000000000 ) ) ;
#1945 = LINE ( 'NONE', #1608, #1194 ) ;
#1946 = CARTESIAN_POINT ( 'NONE',  ( 4.102500000000000036, -1.734723475976807094E-15, 3.047500000000001652 ) ) ;
#1947 = CARTESIAN_POINT ( 'NONE',  ( 3.237499999999999822, 2.795000000000064766, 0.5075000000000009504 ) ) ;
#1948 = DIRECTION ( 'NONE',  ( 0.000000000000000000, 0.000000000000000000, 1.000000000000000000 ) ) ;
#1949 = VERTEX_POINT ( 'NONE', #1224 ) ;
#1950 = VECTOR ( 'NONE', #3011, 1000.000000000000000 ) ;
#1951 = CARTESIAN_POINT ( 'NONE',  ( 4.102500000000000036, -3.574999999999999734, 3.810000000000000941 ) ) ;
#1952 = ORIENTED_EDGE ( 'NONE', *, *, #1447, .T. ) ;
#1953 = CARTESIAN_POINT ( 'NONE',  ( 3.837499999999999911, -1.734723475976807094E-15, 1.035000000000002141 ) ) ;
#1954 = AXIS2_PLACEMENT_3D ( 'NONE', #881, #857, #2383 ) ;
#1955 = ORIENTED_EDGE ( 'NONE', *, *, #2159, .T. ) ;
#1956 = VERTEX_POINT ( 'NONE', #1551 ) ;
#1957 = PLANE ( 'NONE',  #3429 ) ;
#1958 = CIRCLE ( 'NONE', #2220, 0.2000000000000000944 ) ;
#1959 = EDGE_CURVE ( 'NONE', #3656, #3080, #3809, .T. ) ;
#1960 = ORIENTED_EDGE ( 'NONE', *, *, #4005, .F. ) ;
#1961 = CIRCLE ( 'NONE', #1431, 0.4650000000000005795 ) ;
#1962 = VECTOR ( 'NONE', #802, 1000.000000000000000 ) ;
#1963 = CARTESIAN_POINT ( 'NONE',  ( 4.102500000000000036, 2.462500000000064304, -3.047499999999999432 ) ) ;
#1964 = FACE_OUTER_BOUND ( 'NONE', #1561, .T. ) ;
#1965 = CARTESIAN_POINT ( 'NONE',  ( -3.237499999999999822, 2.795000000000064766, -4.044999999999998153 ) ) ;
#1966 = DIRECTION ( 'NONE',  ( 0.000000000000000000, 1.000000000000000000, 0.000000000000000000 ) ) ;
#1967 = CARTESIAN_POINT ( 'NONE',  ( -4.102500000000000036, -3.574999999999999734, 3.810000000000000941 ) ) ;
#1968 = EDGE_CURVE ( 'NONE', #3310, #854, #62, .T. ) ;
#1969 = DIRECTION ( 'NONE',  ( -0.000000000000000000, 1.000000000000000000, -0.000000000000000000 ) ) ;
#1970 = ORIENTED_EDGE ( 'NONE', *, *, #875, .F. ) ;
#1971 = DIRECTION ( 'NONE',  ( -0.08715574274765516827, -0.9961946980917457672, -0.000000000000000000 ) ) ;
#1972 = CARTESIAN_POINT ( 'NONE',  ( -3.637499999999999734, 2.462500000000064304, 3.047500000000000764 ) ) ;
#1973 = ORIENTED_EDGE ( 'NONE', *, *, #1481, .F. ) ;
#1974 = DIRECTION ( 'NONE',  ( -1.000000000000000000, 0.000000000000000000, 0.000000000000000000 ) ) ;
#1975 = EDGE_CURVE ( 'NONE', #3101, #849, #3252, .T. ) ;
#1976 = EDGE_LOOP ( 'NONE', ( #1091, #1137, #2263, #780 ) ) ;
#1977 = ORIENTED_EDGE ( 'NONE', *, *, #2058, .F. ) ;
#1978 = DIRECTION ( 'NONE',  ( -6.914003491338339945E-17, -1.000000000000000000, 0.000000000000000000 ) ) ;
#1979 = EDGE_LOOP ( 'NONE', ( #2248, #11, #3454, #3583, #105, #2177, #2478, #41, #18 ) ) ;
#1980 = EDGE_CURVE ( 'NONE', #3564, #1549, #162, .T. ) ;
#1981 = DIRECTION ( 'NONE',  ( -0.000000000000000000, 0.000000000000000000, -1.000000000000000000 ) ) ;
#1982 = FACE_OUTER_BOUND ( 'NONE', #1747, .T. ) ;
#1983 = DIRECTION ( 'NONE',  ( 0.000000000000000000, -0.08715574274765497398, 0.9961946980917458783 ) ) ;
#1984 = DIRECTION ( 'NONE',  ( -6.914003491338339945E-17, 1.000000000000000000, -1.213093339843921105E-16 ) ) ;
#1985 = DIRECTION ( 'NONE',  ( -0.000000000000000000, 0.000000000000000000, -1.000000000000000000 ) ) ;
#1986 = EDGE_CURVE ( 'NONE', #2353, #1999, #2007, .T. ) ;
#1987 = DIRECTION ( 'NONE',  ( 1.000000000000000000, 0.000000000000000000, 0.000000000000000000 ) ) ;
#1988 = LINE ( 'NONE', #431, #432 ) ;
#1989 = EDGE_LOOP ( 'NONE', ( #3412, #3292, #622, #891 ) ) ;
#1990 = VERTEX_POINT ( 'NONE', #2382 ) ;
#1991 = DIRECTION ( 'NONE',  ( 1.000000000000000000, 0.000000000000000000, 0.000000000000000000 ) ) ;
#1992 = EDGE_CURVE ( 'NONE', #151, #3130, #3644, .T. ) ;
#1993 = DIRECTION ( 'NONE',  ( 0.000000000000000000, 0.000000000000000000, -1.000000000000000000 ) ) ;
#1994 = ORIENTED_EDGE ( 'NONE', *, *, #2180, .T. ) ;
#1995 = CARTESIAN_POINT ( 'NONE',  ( -2.337500000000000355, 4.169999999999999929, -3.335000000000000409 ) ) ;
#1996 = ORIENTED_EDGE ( 'NONE', *, *, #3673, .T. ) ;
#1997 = AXIS2_PLACEMENT_3D ( 'NONE', #2473, #2726, #1535 ) ;
#1998 = ORIENTED_EDGE ( 'NONE', *, *, #311, .F. ) ;
#1999 = VERTEX_POINT ( 'NONE', #3966 ) ;
#2000 = PLANE ( 'NONE',  #2291 ) ;
#2001 = CIRCLE ( 'NONE', #2124, 0.2349999999999999589 ) ;
#2002 = VERTEX_POINT ( 'NONE', #2628 ) ;
#2003 = DIRECTION ( 'NONE',  ( 0.000000000000000000, -2.426186679687843197E-16, 1.000000000000000000 ) ) ;
#2004 = AXIS2_PLACEMENT_3D ( 'NONE', #1157, #1445, #1175 ) ;
#2005 = CARTESIAN_POINT ( 'NONE',  ( -3.637499999999999734, 2.662500000000064482, -0.5074999999999992850 ) ) ;
#2006 = VECTOR ( 'NONE', #4047, 1000.000000000000000 ) ;
#2007 = LINE ( 'NONE', #1666, #2394 ) ;
#2008 = CARTESIAN_POINT ( 'NONE',  ( 3.237499999999999822, 2.795000000000064766, 4.572499999999999787 ) ) ;
#2009 = FACE_OUTER_BOUND ( 'NONE', #1989, .T. ) ;
#2010 = VECTOR ( 'NONE', #2967, 1000.000000000000000 ) ;
#2011 = CARTESIAN_POINT ( 'NONE',  ( 4.102500000000000036, 2.462500000000064304, -3.047499999999999432 ) ) ;
#2012 = ADVANCED_FACE ( 'NONE', ( #3899 ), #1424, .F. ) ;
#2013 = CARTESIAN_POINT ( 'NONE',  ( 3.637499999999999734, 2.927500000000064606, 4.044999999999998153 ) ) ;
#2014 = MANIFOLD_SOLID_BREP ( 'LPattern1[2]', #2127 ) ;
#2015 = PLANE ( 'NONE',  #2216 ) ;
#2016 = ORIENTED_EDGE ( 'NONE', *, *, #2441, .F. ) ;
#2017 = LINE ( 'NONE', #3221, #1266 ) ;
#2018 = CARTESIAN_POINT ( 'NONE',  ( -3.225907752082814550, 2.927500000000064606, 4.044999999999998153 ) ) ;
#2019 = VERTEX_POINT ( 'NONE', #3919 ) ;
#2020 = CARTESIAN_POINT ( 'NONE',  ( 3.225907752082815438, 2.662500000000064482, -3.047499999999999432 ) ) ;
#2021 = EDGE_LOOP ( 'NONE', ( #3460, #4065 ) ) ;
#2022 = EDGE_CURVE ( 'NONE', #77, #1820, #2069, .T. ) ;
#2023 = VERTEX_POINT ( 'NONE', #3344 ) ;
#2024 = PLANE ( 'NONE',  #504 ) ;
#2025 = AXIS2_PLACEMENT_3D ( 'NONE', #3071, #4073, #2147 ) ;
#2026 = ORIENTED_EDGE ( 'NONE', *, *, #1696, .T. ) ;
#2027 = DIRECTION ( 'NONE',  ( 0.000000000000000000, -2.426186679687843197E-16, 1.000000000000000000 ) ) ;
#2028 = ADVANCED_FACE ( 'NONE', ( #1444 ), #491, .F. ) ;
#2029 = EDGE_LOOP ( 'NONE', ( #463, #3863, #462, #438 ) ) ;
#2030 =( GEOMETRIC_REPRESENTATION_CONTEXT ( 3 ) GLOBAL_UNCERTAINTY_ASSIGNED_CONTEXT ( ( #2182 ) ) GLOBAL_UNIT_ASSIGNED_CONTEXT ( ( #1585, #658, #967 ) ) REPRESENTATION_CONTEXT ( 'NONE', 'WORKASPACE' ) );
#2031 = CARTESIAN_POINT ( 'NONE',  ( 4.102500000000000036, 0.000000000000000000, 1.505000000000000782 ) ) ;
#2032 = CIRCLE ( 'NONE', #232, 0.4650000000000005795 ) ;
#2033 = CARTESIAN_POINT ( 'NONE',  ( -3.082207622241484923, 4.570000000000000284, -0.000000000000000000 ) ) ;
#2034 = CARTESIAN_POINT ( 'NONE',  ( 3.225907752082815438, 2.662500000000064482, -2.032499999999999307 ) ) ;
#2035 = ORIENTED_EDGE ( 'NONE', *, *, #1130, .T. ) ;
#2036 = FACE_OUTER_BOUND ( 'NONE', #2625, .T. ) ;
#2037 = CARTESIAN_POINT ( 'NONE',  ( 3.225907752082815438, 2.662500000000064482, -2.032499999999999307 ) ) ;
#2038 = ORIENTED_EDGE ( 'NONE', *, *, #3058, .F. ) ;
#2039 = EDGE_CURVE ( 'NONE', #1820, #3889, #118, .T. ) ;
#2040 = CARTESIAN_POINT ( 'NONE',  ( 4.102500000000000036, 0.000000000000000000, -3.047499999999999432 ) ) ;
#2041 = CARTESIAN_POINT ( 'NONE',  ( -3.048435745274456377, 4.956014320095573744, 4.445935745274455009 ) ) ;
#2042 = EDGE_LOOP ( 'NONE', ( #533, #2080, #540, #2855, #3334, #1168, #2142, #3324, #516 ) ) ;
#2043 = DIRECTION ( 'NONE',  ( 0.000000000000000000, 0.000000000000000000, 1.000000000000000000 ) ) ;
#2044 = ORIENTED_EDGE ( 'NONE', *, *, #1405, .T. ) ;
#2045 = PLANE ( 'NONE',  #3562 ) ;
#2046 = ORIENTED_EDGE ( 'NONE', *, *, #1323, .T. ) ;
#2047 = DIRECTION ( 'NONE',  ( 0.000000000000000000, 1.000000000000000000, 0.000000000000000000 ) ) ;
#2048 = AXIS2_PLACEMENT_3D ( 'NONE', #1397, #161, #3871 ) ;
#2049 = PLANE ( 'NONE',  #1658 ) ;
#2050 = EDGE_CURVE ( 'NONE', #1142, #3269, #1399, .T. ) ;
#2051 = FACE_OUTER_BOUND ( 'NONE', #4077, .T. ) ;
#2052 = CARTESIAN_POINT ( 'NONE',  ( 4.102500000000000036, 2.462500000000064304, -0.5074999999999992850 ) ) ;
#2053 = CARTESIAN_POINT ( 'NONE',  ( -3.837499999999999911, -1.734723475976807094E-15, -0.5074999999999992850 ) ) ;
#2054 = VERTEX_POINT ( 'NONE', #2295 ) ;
#2055 = LINE ( 'NONE', #1468, #2255 ) ;
#2056 = ORIENTED_EDGE ( 'NONE', *, *, #583, .T. ) ;
#2057 = CARTESIAN_POINT ( 'NONE',  ( 3.237499999999999822, 2.795000000000064766, -0.5074999999999992850 ) ) ;
#2058 = EDGE_CURVE ( 'NONE', #1396, #446, #592, .T. ) ;
#2059 = ORIENTED_EDGE ( 'NONE', *, *, #1450, .T. ) ;
#2060 = ORIENTED_EDGE ( 'NONE', *, *, #3016, .T. ) ;
#2061 = DIRECTION ( 'NONE',  ( -0.000000000000000000, -0.000000000000000000, -1.000000000000000000 ) ) ;
#2062 = ORIENTED_EDGE ( 'NONE', *, *, #1117, .T. ) ;
#2063 = AXIS2_PLACEMENT_3D ( 'NONE', #935, #2203, #626 ) ;
#2064 = CARTESIAN_POINT ( 'NONE',  ( -3.225907752082815438, 2.662500000000064482, 2.032500000000001084 ) ) ;
#2065 = ADVANCED_FACE ( 'NONE', ( #1982 ), #1097, .F. ) ;
#2066 = ORIENTED_EDGE ( 'NONE', *, *, #3014, .F. ) ;
#2067 = AXIS2_PLACEMENT_3D ( 'NONE', #1504, #3799, #2130 ) ;
#2068 = CARTESIAN_POINT ( 'NONE',  ( -3.225907752082815438, 2.662500000000064482, 4.044999999999998153 ) ) ;
#2069 = LINE ( 'NONE', #1716, #4042 ) ;
#2070 = VECTOR ( 'NONE', #3527, 1000.000000000000000 ) ;
#2071 = FACE_OUTER_BOUND ( 'NONE', #3981, .T. ) ;
#2072 = DIRECTION ( 'NONE',  ( -1.053666270899885882E-15, -1.000000000000000000, 0.000000000000000000 ) ) ;
#2073 = EDGE_CURVE ( 'NONE', #682, #3586, #3059, .T. ) ;
#2074 = COLOUR_RGB ( '',0.7921568627450980005, 0.8196078431372548767, 0.9333333333333333481 ) ;
#2075 =( GEOMETRIC_REPRESENTATION_CONTEXT ( 3 ) GLOBAL_UNCERTAINTY_ASSIGNED_CONTEXT ( ( #3182 ) ) GLOBAL_UNIT_ASSIGNED_CONTEXT ( ( #941, #2644, #1 ) ) REPRESENTATION_CONTEXT ( 'NONE', 'WORKASPACE' ) );
#2076 = DIRECTION ( 'NONE',  ( -0.000000000000000000, 0.000000000000000000, -1.000000000000000000 ) ) ;
#2077 = CARTESIAN_POINT ( 'NONE',  ( 3.837499999999999911, -3.575000000000000178, 4.045000000000000817 ) ) ;
#2078 = ORIENTED_EDGE ( 'NONE', *, *, #3647, .F. ) ;
#2079 = DIRECTION ( 'NONE',  ( 0.000000000000000000, 0.000000000000000000, 1.000000000000000000 ) ) ;
#2080 = ORIENTED_EDGE ( 'NONE', *, *, #1235, .T. ) ;
#2081 = FACE_OUTER_BOUND ( 'NONE', #3352, .T. ) ;
#2082 = ORIENTED_EDGE ( 'NONE', *, *, #3923, .T. ) ;
#2083 = CARTESIAN_POINT ( 'NONE',  ( 3.225907752082815438, 2.662500000000064482, -4.044999999999998153 ) ) ;
#2084 = ORIENTED_EDGE ( 'NONE', *, *, #2706, .T. ) ;
#2085 = FACE_OUTER_BOUND ( 'NONE', #481, .T. ) ;
#2086 = EDGE_CURVE ( 'NONE', #3052, #3988, #3384, .T. ) ;
#2087 = CARTESIAN_POINT ( 'NONE',  ( 3.225907752082814550, 2.927500000000065050, -3.047499999999999432 ) ) ;
#2088 = VECTOR ( 'NONE', #2805, 1000.000000000000000 ) ;
#2089 = CARTESIAN_POINT ( 'NONE',  ( -3.637499999999999734, 2.462500000000064304, 2.032500000000001084 ) ) ;
#2090 = VECTOR ( 'NONE', #2091, 1000.000000000000000 ) ;
#2091 = DIRECTION ( 'NONE',  ( -0.000000000000000000, 1.000000000000000000, 2.426186679687843197E-16 ) ) ;
#2092 = VECTOR ( 'NONE', #3546, 1000.000000000000000 ) ;
#2093 = ORIENTED_EDGE ( 'NONE', *, *, #1516, .T. ) ;
#2094 = EDGE_CURVE ( 'NONE', #21, #906, #2783, .T. ) ;
#2095 = DIRECTION ( 'NONE',  ( 0.000000000000000000, -1.213093339843921105E-16, -1.000000000000000000 ) ) ;
#2096 = ADVANCED_FACE ( 'NONE', ( #269 ), #2398, .F. ) ;
#2097 = ORIENTED_EDGE ( 'NONE', *, *, #1799, .F. ) ;
#2098 = DIRECTION ( 'NONE',  ( 1.000000000000000000, -0.000000000000000000, -0.000000000000000000 ) ) ;
#2099 = CARTESIAN_POINT ( 'NONE',  ( 4.102500000000000036, -3.575000000000000178, 1.035000000000001252 ) ) ;
#2100 = VERTEX_POINT ( 'NONE', #3748 ) ;
#2101 = FACE_OUTER_BOUND ( 'NONE', #2286, .T. ) ;
#2102 = ORIENTED_EDGE ( 'NONE', *, *, #3682, .F. ) ;
#2103 = DIRECTION ( 'NONE',  ( 1.053666270899885882E-15, -1.000000000000000000, 0.000000000000000000 ) ) ;
#2104 = EDGE_CURVE ( 'NONE', #1421, #1095, #1174, .T. ) ;
#2105 = DIRECTION ( 'NONE',  ( 0.9961946980917458783, -0.08715574274765519602, 0.000000000000000000 ) ) ;
#2106 = ADVANCED_FACE ( 'NONE', ( #2420 ), #1188, .T. ) ;
#2107 = CARTESIAN_POINT ( 'NONE',  ( -4.102500000000000036, -3.575000000000000178, -3.574999999999999289 ) ) ;
#2108 = PRODUCT_CONTEXT ( 'NONE', #649, 'mechanical' ) ;
#2109 = PLANE ( 'NONE',  #172 ) ;
#2110 = LINE ( 'NONE', #3431, #627 ) ;
#2111 = CARTESIAN_POINT ( 'NONE',  ( 3.637499999999999734, 2.662500000000064482, -0.5074999999999992850 ) ) ;
#2112 = ORIENTED_EDGE ( 'NONE', *, *, #945, .F. ) ;
#2113 = CARTESIAN_POINT ( 'NONE',  ( 3.637499999999999734, 2.927500000000064606, -2.032499999999999307 ) ) ;
#2114 = ORIENTED_EDGE ( 'NONE', *, *, #841, .F. ) ;
#2115 = EDGE_CURVE ( 'NONE', #3438, #3723, #2439, .T. ) ;
#2116 = CARTESIAN_POINT ( 'NONE',  ( 0.9000000000000000222, 4.570000000000000284, -4.479707622241485332 ) ) ;
#2117 = VERTEX_POINT ( 'NONE', #1155 ) ;
#2118 = PLANE ( 'NONE',  #1869 ) ;
#2119 = ORIENTED_EDGE ( 'NONE', *, *, #2460, .T. ) ;
#2120 = CARTESIAN_POINT ( 'NONE',  ( -3.637499999999999734, 2.462500000000064304, 4.572499999999999787 ) ) ;
#2121 = VECTOR ( 'NONE', #2984, 999.9999999999998863 ) ;
#2122 = DIRECTION ( 'NONE',  ( 0.000000000000000000, 0.000000000000000000, 1.000000000000000000 ) ) ;
#2123 = FACE_OUTER_BOUND ( 'NONE', #1108, .T. ) ;
#2124 = AXIS2_PLACEMENT_3D ( 'NONE', #1539, #1878, #223 ) ;
#2125 = FACE_OUTER_BOUND ( 'NONE', #3230, .T. ) ;
#2126 = PLANE ( 'NONE',  #501 ) ;
#2127 = CLOSED_SHELL ( 'NONE', ( #1019, #3624, #1810, #3363, #2885, #1926, #884, #511, #3327, #1829, #1606, #108, #3440, #976, #2711 ) ) ;
#2128 = VECTOR ( 'NONE', #39, 1000.000000000000000 ) ;
#2129 = EDGE_CURVE ( 'NONE', #3805, #3949, #3710, .T. ) ;
#2130 = DIRECTION ( 'NONE',  ( 0.000000000000000000, 1.000000000000000000, -1.213093339843921105E-16 ) ) ;
#2131 = EDGE_LOOP ( 'NONE', ( #3354, #3628, #38, #798, #965, #3883, #2078, #2178, #1724 ) ) ;
#2132 = STYLED_ITEM ( 'NONE', ( #2133 ), #588 ) ;
#2133 = PRESENTATION_STYLE_ASSIGNMENT (( #4096 ) ) ;
#2134 = ADVANCED_FACE ( 'NONE', ( #3697 ), #4034, .F. ) ;
#2135 = ORIENTED_EDGE ( 'NONE', *, *, #3959, .F. ) ;
#2136 = CIRCLE ( 'NONE', #338, 0.2349999999999999589 ) ;
#2137 = CARTESIAN_POINT ( 'NONE',  ( -3.637499999999999734, 2.662500000000064482, -2.032499999999999307 ) ) ;
#2138 = ORIENTED_EDGE ( 'NONE', *, *, #315, .F. ) ;
#2139 = DIRECTION ( 'NONE',  ( 0.000000000000000000, 0.000000000000000000, 1.000000000000000000 ) ) ;
#2140 = EDGE_CURVE ( 'NONE', #446, #3723, #735, .T. ) ;
#2141 = ORIENTED_EDGE ( 'NONE', *, *, #569, .T. ) ;
#2142 = ORIENTED_EDGE ( 'NONE', *, *, #497, .F. ) ;
#2143 = CYLINDRICAL_SURFACE ( 'NONE', #1896, 0.2000000000000000944 ) ;
#2144 = FACE_OUTER_BOUND ( 'NONE', #343, .T. ) ;
#2145 = EDGE_CURVE ( 'NONE', #623, #3654, #3402, .T. ) ;
#2146 = FACE_OUTER_BOUND ( 'NONE', #3341, .T. ) ;
#2147 = DIRECTION ( 'NONE',  ( 1.000000000000000000, 0.000000000000000000, 0.000000000000000000 ) ) ;
#2148 = EDGE_CURVE ( 'NONE', #153, #758, #393, .T. ) ;
#2149 = CARTESIAN_POINT ( 'NONE',  ( 3.837499999999999911, 2.462500000000064304, 0.5075000000000009504 ) ) ;
#2150 = DIRECTION ( 'NONE',  ( 1.000000000000000000, 0.000000000000000000, 0.000000000000000000 ) ) ;
#2151 = EDGE_CURVE ( 'NONE', #1705, #1093, #3086, .T. ) ;
#2152 = ORIENTED_EDGE ( 'NONE', *, *, #2575, .T. ) ;
#2153 = VECTOR ( 'NONE', #3472, 1000.000000000000114 ) ;
#2154 = AXIS2_PLACEMENT_3D ( 'NONE', #1148, #2776, #3417 ) ;
#2155 = DIRECTION ( 'NONE',  ( 0.08715574274765519602, 0.9961946980917458783, 0.000000000000000000 ) ) ;
#2156 = ORIENTED_EDGE ( 'NONE', *, *, #28, .T. ) ;
#2157 = VECTOR ( 'NONE', #3797, 1000.000000000000000 ) ;
#2158 = AXIS2_PLACEMENT_3D ( 'NONE', #3358, #535, #559 ) ;
#2159 = EDGE_CURVE ( 'NONE', #1649, #1949, #3678, .T. ) ;
#2160 = DIRECTION ( 'NONE',  ( 1.000000000000000000, 0.000000000000000000, 0.000000000000000000 ) ) ;
#2161 = ORIENTED_EDGE ( 'NONE', *, *, #28, .F. ) ;
#2162 = DIRECTION ( 'NONE',  ( 1.000000000000000000, -1.053666270899885882E-15, 0.000000000000000000 ) ) ;
#2163 = ORIENTED_EDGE ( 'NONE', *, *, #1072, .F. ) ;
#2164 = CARTESIAN_POINT ( 'NONE',  ( -3.225907752082815438, 2.662500000000064482, -0.5074999999999992850 ) ) ;
#2165 = PLANE ( 'NONE',  #805 ) ;
#2166 = FILL_AREA_STYLE_COLOUR ( '', #4069 ) ;
#2167 = ADVANCED_FACE ( 'NONE', ( #2144 ), #2165, .F. ) ;
#2168 = DIRECTION ( 'NONE',  ( -0.000000000000000000, -0.000000000000000000, -1.000000000000000000 ) ) ;
#2169 = PLANE ( 'NONE',  #1489 ) ;
#2170 = DIRECTION ( 'NONE',  ( 0.000000000000000000, -1.000000000000000000, 0.000000000000000000 ) ) ;
#2171 = DIRECTION ( 'NONE',  ( -0.000000000000000000, -0.000000000000000000, -1.000000000000000000 ) ) ;
#2172 = ORIENTED_EDGE ( 'NONE', *, *, #3172, .T. ) ;
#2173 = DIRECTION ( 'NONE',  ( -0.000000000000000000, -0.000000000000000000, -1.000000000000000000 ) ) ;
#2174 = EDGE_CURVE ( 'NONE', #420, #3726, #3425, .T. ) ;
#2175 = ORIENTED_EDGE ( 'NONE', *, *, #1787, .F. ) ;
#2176 = CARTESIAN_POINT ( 'NONE',  ( 3.637499999999999734, 2.662500000000064482, 2.032500000000001084 ) ) ;
#2177 = ORIENTED_EDGE ( 'NONE', *, *, #514, .T. ) ;
#2178 = ORIENTED_EDGE ( 'NONE', *, *, #3918, .F. ) ;
#2179 = FACE_OUTER_BOUND ( 'NONE', #3443, .T. ) ;
#2180 = EDGE_CURVE ( 'NONE', #2493, #1785, #1849, .T. ) ;
#2181 = CARTESIAN_POINT ( 'NONE',  ( -4.102500000000000036, 2.462500000000064304, 0.5075000000000009504 ) ) ;
#2182 = UNCERTAINTY_MEASURE_WITH_UNIT (LENGTH_MEASURE( 1.000000000000000082E-05 ), #1585, 'distance_accuracy_value', 'NONE');
#2183 = SURFACE_SIDE_STYLE ('',( #1243 ) ) ;
#2184 = DIRECTION ( 'NONE',  ( 0.000000000000000000, -1.000000000000000000, 1.213093339843921105E-16 ) ) ;
#2185 = VECTOR ( 'NONE', #234, 999.9999999999998863 ) ;
#2186 = EDGE_CURVE ( 'NONE', #2054, #3604, #510, .T. ) ;
#2187 = ORIENTED_EDGE ( 'NONE', *, *, #2496, .F. ) ;
#2188 = CARTESIAN_POINT ( 'NONE',  ( -0.9000000000000000222, 4.169999999999999929, -4.790292377758512465 ) ) ;
#2189 = CARTESIAN_POINT ( 'NONE',  ( 3.225907752082815438, 2.662500000000064482, 2.032500000000001084 ) ) ;
#2190 = VECTOR ( 'NONE', #4026, 1000.000000000000000 ) ;
#2191 = LINE ( 'NONE', #3148, #1855 ) ;
#2192 = CARTESIAN_POINT ( 'NONE',  ( -2.337500000000000355, 4.169999999999999929, -3.735000000000000320 ) ) ;
#2193 = CARTESIAN_POINT ( 'NONE',  ( 3.837499999999999911, 2.462500000000064304, -3.047499999999999432 ) ) ;
#2194 = CARTESIAN_POINT ( 'NONE',  ( 0.9000000000000000222, 4.169999999999999929, -4.479707622241487996 ) ) ;
#2195 = VECTOR ( 'NONE', #1272, 999.9999999999998863 ) ;
#2196 = ORIENTED_EDGE ( 'NONE', *, *, #3311, .T. ) ;
#2197 = FACE_OUTER_BOUND ( 'NONE', #1197, .T. ) ;
#2198 = VECTOR ( 'NONE', #3864, 1000.000000000000114 ) ;
#2199 = ORIENTED_EDGE ( 'NONE', *, *, #3350, .T. ) ;
#2200 = DIRECTION ( 'NONE',  ( 1.000000000000000000, -0.000000000000000000, -0.000000000000000000 ) ) ;
#2201 =( GEOMETRIC_REPRESENTATION_CONTEXT ( 3 ) GLOBAL_UNCERTAINTY_ASSIGNED_CONTEXT ( ( #2401 ) ) GLOBAL_UNIT_ASSIGNED_CONTEXT ( ( #591, #3802, #3436 ) ) REPRESENTATION_CONTEXT ( 'NONE', 'WORKASPACE' ) );
#2202 = PLANE ( 'NONE',  #4112 ) ;
#2203 = DIRECTION ( 'NONE',  ( 0.000000000000000000, 0.000000000000000000, 1.000000000000000000 ) ) ;
#2204 = EDGE_CURVE ( 'NONE', #364, #1112, #1370, .T. ) ;
#2205 = CARTESIAN_POINT ( 'NONE',  ( 1.092855659836795602E-17, 4.169999999999999929, -4.790292377758513354 ) ) ;
#2206 = VECTOR ( 'NONE', #1478, 1000.000000000000000 ) ;
#2207 = PLANE ( 'NONE',  #1806 ) ;
#2208 = CARTESIAN_POINT ( 'NONE',  ( 4.102500000000000036, -1.734723475976807094E-15, 3.047500000000001652 ) ) ;
#2209 = CARTESIAN_POINT ( 'NONE',  ( 4.102500000000000036, -3.575000000000000178, -4.044999999999999041 ) ) ;
#2210 = ORIENTED_EDGE ( 'NONE', *, *, #3568, .F. ) ;
#2211 =( GEOMETRIC_REPRESENTATION_CONTEXT ( 3 ) GLOBAL_UNCERTAINTY_ASSIGNED_CONTEXT ( ( #2227 ) ) GLOBAL_UNIT_ASSIGNED_CONTEXT ( ( #2649, #3347, #1119 ) ) REPRESENTATION_CONTEXT ( 'NONE', 'WORKASPACE' ) );
#2212 = DIRECTION ( 'NONE',  ( 0.000000000000000000, 0.000000000000000000, 1.000000000000000000 ) ) ;
#2213 = ORIENTED_EDGE ( 'NONE', *, *, #2094, .T. ) ;
#2214 = DIRECTION ( 'NONE',  ( 0.000000000000000000, 0.000000000000000000, 1.000000000000000000 ) ) ;
#2215 = SURFACE_SIDE_STYLE ('',( #363 ) ) ;
#2216 = AXIS2_PLACEMENT_3D ( 'NONE', #3259, #3303, #1644 ) ;
#2217 = EDGE_LOOP ( 'NONE', ( #3304, #2612, #2264, #3963 ) ) ;
#2218 = LINE ( 'NONE', #3762, #433 ) ;
#2219 = ADVANCED_FACE ( 'NONE', ( #290 ), #1870, .F. ) ;
#2220 = AXIS2_PLACEMENT_3D ( 'NONE', #3579, #1058, #1408 ) ;
#2221 = ORIENTED_EDGE ( 'NONE', *, *, #2668, .T. ) ;
#2222 = VECTOR ( 'NONE', #2488, 1000.000000000000000 ) ;
#2223 = DIRECTION ( 'NONE',  ( 0.000000000000000000, 0.000000000000000000, -1.000000000000000000 ) ) ;
#2224 = VERTEX_POINT ( 'NONE', #2804 ) ;
#2225 = ORIENTED_EDGE ( 'NONE', *, *, #2749, .T. ) ;
#2226 = CARTESIAN_POINT ( 'NONE',  ( -2.337500000000000355, 4.169999999999999929, -3.735000000000000320 ) ) ;
#2227 = UNCERTAINTY_MEASURE_WITH_UNIT (LENGTH_MEASURE( 1.000000000000000082E-05 ), #2649, 'distance_accuracy_value', 'NONE');
#2228 = CARTESIAN_POINT ( 'NONE',  ( 4.102500000000000036, 0.000000000000000000, -0.5074999999999992850 ) ) ;
#2229 = LINE ( 'NONE', #3209, #3001 ) ;
#2230 = EDGE_CURVE ( 'NONE', #3277, #1237, #1574, .T. ) ;
#2231 = DIRECTION ( 'NONE',  ( 0.000000000000000000, -1.000000000000000000, -2.426186679687843197E-16 ) ) ;
#2232 = DIRECTION ( 'NONE',  ( -1.000000000000000000, -0.000000000000000000, -0.000000000000000000 ) ) ;
#2233 = LINE ( 'NONE', #675, #2157 ) ;
#2234 = FACE_OUTER_BOUND ( 'NONE', #2680, .T. ) ;
#2235 = CARTESIAN_POINT ( 'NONE',  ( 3.637499999999999734, 2.462500000000064304, -0.5074999999999992850 ) ) ;
#2236 = AXIS2_PLACEMENT_3D ( 'NONE', #3342, #1714, #3965 ) ;
#2237 = FILL_AREA_STYLE_COLOUR ( '', #2685 ) ;
#2238 = ORIENTED_EDGE ( 'NONE', *, *, #2771, .T. ) ;
#2239 = EDGE_CURVE ( 'NONE', #14, #554, #2837, .T. ) ;
#2240 = CARTESIAN_POINT ( 'NONE',  ( -3.637499999999999734, 2.462500000000064304, -3.047499999999999432 ) ) ;
#2241 = ORIENTED_EDGE ( 'NONE', *, *, #3877, .T. ) ;
#2242 = CARTESIAN_POINT ( 'NONE',  ( 4.102500000000000036, 2.462500000000064304, -0.5074999999999992850 ) ) ;
#2243 = EDGE_LOOP ( 'NONE', ( #3930, #951, #1472, #114 ) ) ;
#2244 = EDGE_CURVE ( 'NONE', #3996, #54, #3291, .T. ) ;
#2245 = VERTEX_POINT ( 'NONE', #707 ) ;
#2246 = LINE ( 'NONE', #3767, #329 ) ;
#2247 = FACE_OUTER_BOUND ( 'NONE', #1721, .T. ) ;
#2248 = ORIENTED_EDGE ( 'NONE', *, *, #2104, .T. ) ;
#2249 = DIRECTION ( 'NONE',  ( -1.000000000000000000, -0.000000000000000000, -0.000000000000000000 ) ) ;
#2250 = CARTESIAN_POINT ( 'NONE',  ( 4.102500000000000036, 0.000000000000000000, -1.034999999999999476 ) ) ;
#2251 = DIRECTION ( 'NONE',  ( -0.000000000000000000, -0.000000000000000000, -1.000000000000000000 ) ) ;
#2252 = VECTOR ( 'NONE', #2364, 1000.000000000000000 ) ;
#2253 = DIRECTION ( 'NONE',  ( -0.000000000000000000, -0.000000000000000000, -1.000000000000000000 ) ) ;
#2254 = CARTESIAN_POINT ( 'NONE',  ( 4.102500000000000036, -3.575000000000000178, 1.505000000000001226 ) ) ;
#2255 = VECTOR ( 'NONE', #150, 1000.000000000000000 ) ;
#2256 = ORIENTED_EDGE ( 'NONE', *, *, #1980, .F. ) ;
#2257 = EDGE_CURVE ( 'NONE', #2638, #1368, #1014, .T. ) ;
#2258 = DIRECTION ( 'NONE',  ( 1.000000000000000000, 0.000000000000000000, 0.000000000000000000 ) ) ;
#2259 = ORIENTED_EDGE ( 'NONE', *, *, #2129, .T. ) ;
#2260 = VECTOR ( 'NONE', #2866, 1000.000000000000000 ) ;
#2261 = DIRECTION ( 'NONE',  ( 1.000000000000000000, -0.000000000000000000, 0.000000000000000000 ) ) ;
#2262 = ORIENTED_EDGE ( 'NONE', *, *, #134, .F. ) ;
#2263 = ORIENTED_EDGE ( 'NONE', *, *, #3420, .T. ) ;
#2264 = ORIENTED_EDGE ( 'NONE', *, *, #2821, .F. ) ;
#2265 = LINE ( 'NONE', #2287, #698 ) ;
#2266 = ORIENTED_EDGE ( 'NONE', *, *, #2987, .T. ) ;
#2267 = AXIS2_PLACEMENT_3D ( 'NONE', #2040, #2325, #2656 ) ;
#2268 = AXIS2_PLACEMENT_3D ( 'NONE', #3956, #3704, #2079 ) ;
#2269 = EDGE_CURVE ( 'NONE', #3743, #1636, #1225, .T. ) ;
#2270 = DIRECTION ( 'NONE',  ( -0.000000000000000000, 1.000000000000000000, -0.000000000000000000 ) ) ;
#2271 = CARTESIAN_POINT ( 'NONE',  ( -3.225907752082814550, 2.927500000000065050, 4.572499999999999787 ) ) ;
#2272 = DIRECTION ( 'NONE',  ( -0.08715574274765516827, 0.9961946980917457672, 0.000000000000000000 ) ) ;
#2273 = ORIENTED_EDGE ( 'NONE', *, *, #214, .F. ) ;
#2274 = CARTESIAN_POINT ( 'NONE',  ( 3.637499999999999734, 2.662500000000064482, -2.032499999999999307 ) ) ;
#2275 = LINE ( 'NONE', #1673, #479 ) ;
#2276 = DIRECTION ( 'NONE',  ( -1.000000000000000000, 6.914003491338339945E-17, 0.000000000000000000 ) ) ;
#2277 = ORIENTED_EDGE ( 'NONE', *, *, #2148, .T. ) ;
#2278 = VECTOR ( 'NONE', #2937, 1000.000000000000114 ) ;
#2279 = DIRECTION ( 'NONE',  ( -1.000000000000000000, -0.000000000000000000, 0.000000000000000000 ) ) ;
#2280 = LINE ( 'NONE', #1553, #859 ) ;
#2281 = ORIENTED_EDGE ( 'NONE', *, *, #3497, .T. ) ;
#2282 = FACE_OUTER_BOUND ( 'NONE', #244, .T. ) ;
#2283 = EDGE_CURVE ( 'NONE', #1785, #1347, #2280, .T. ) ;
#2284 = AXIS2_PLACEMENT_3D ( 'NONE', #2498, #899, #2514 ) ;
#2285 = EDGE_LOOP ( 'NONE', ( #137, #2636, #1563, #851 ) ) ;
#2286 = EDGE_LOOP ( 'NONE', ( #1589, #2525, #231, #2595 ) ) ;
#2287 = CARTESIAN_POINT ( 'NONE',  ( 4.102500000000000036, 2.462500000000064304, 0.5075000000000009504 ) ) ;
#2288 = VECTOR ( 'NONE', #238, 1000.000000000000000 ) ;
#2289 = VECTOR ( 'NONE', #1439, 1000.000000000000000 ) ;
#2290 = ORIENTED_EDGE ( 'NONE', *, *, #4053, .T. ) ;
#2291 = AXIS2_PLACEMENT_3D ( 'NONE', #1708, #156, #133 ) ;
#2292 = ORIENTED_EDGE ( 'NONE', *, *, #1178, .T. ) ;
#2293 = DIRECTION ( 'NONE',  ( 6.914003491338339945E-17, -1.000000000000000000, -2.426186679687843197E-16 ) ) ;
#2294 = EDGE_CURVE ( 'NONE', #2470, #1324, #3263, .T. ) ;
#2295 = CARTESIAN_POINT ( 'NONE',  ( -3.837499999999999023, -3.575000000000000178, -1.034999999999999032 ) ) ;
#2296 = CARTESIAN_POINT ( 'NONE',  ( 4.102500000000000036, -1.734723475976807094E-15, 3.047500000000001652 ) ) ;
#2297 = CYLINDRICAL_SURFACE ( 'NONE', #358, 0.4000000000000001887 ) ;
#2298 = ADVANCED_FACE ( 'NONE', ( #104 ), #2614, .F. ) ;
#2299 = LINE ( 'NONE', #336, #863 ) ;
#2300 = FACE_OUTER_BOUND ( 'NONE', #3149, .T. ) ;
#2301 = VERTEX_POINT ( 'NONE', #2820 ) ;
#2302 = LINE ( 'NONE', #657, #2731 ) ;
#2303 = PLANE ( 'NONE',  #3426 ) ;
#2304 = ORIENTED_EDGE ( 'NONE', *, *, #3186, .F. ) ;
#2305 = VERTEX_POINT ( 'NONE', #2181 ) ;
#2306 = LINE ( 'NONE', #2919, #2409 ) ;
#2307 = FACE_OUTER_BOUND ( 'NONE', #2217, .T. ) ;
#2308 = ORIENTED_EDGE ( 'NONE', *, *, #3053, .F. ) ;
#2309 = CARTESIAN_POINT ( 'NONE',  ( -3.237499999999999822, 2.794999999999936424, 4.634999999999998899 ) ) ;
#2310 = ORIENTED_EDGE ( 'NONE', *, *, #1890, .F. ) ;
#2311 = ORIENTED_EDGE ( 'NONE', *, *, #4014, .T. ) ;
#2312 = DIRECTION ( 'NONE',  ( -6.914003491338339945E-17, 1.000000000000000000, -1.213093339843921105E-16 ) ) ;
#2313 = EDGE_LOOP ( 'NONE', ( #2489, #1115, #1615, #4010 ) ) ;
#2314 = FACE_OUTER_BOUND ( 'NONE', #3690, .T. ) ;
#2315 = ADVANCED_FACE ( 'NONE', ( #80 ), #3609, .F. ) ;
#2316 = DIRECTION ( 'NONE',  ( 0.000000000000000000, -1.000000000000000000, 0.000000000000000000 ) ) ;
#2317 = LINE ( 'NONE', #377, #2846 ) ;
#2318 = LINE ( 'NONE', #2034, #2278 ) ;
#2319 = DIRECTION ( 'NONE',  ( -1.000000000000000000, 0.000000000000000000, 0.000000000000000000 ) ) ;
#2320 = EDGE_CURVE ( 'NONE', #2117, #1251, #3465, .T. ) ;
#2321 = DIRECTION ( 'NONE',  ( -1.000000000000000000, 0.000000000000000000, 0.000000000000000000 ) ) ;
#2322 = PLANE ( 'NONE',  #560 ) ;
#2323 = VERTEX_POINT ( 'NONE', #1242 ) ;
#2325 = DIRECTION ( 'NONE',  ( -0.000000000000000000, 1.000000000000000000, 0.000000000000000000 ) ) ;
#2324 = AXIS2_PLACEMENT_3D ( 'NONE', #219, #898, #1209 ) ;
#2326 = ADVANCED_FACE ( 'NONE', ( #2307 ), #3888, .T. ) ;
#2327 = DIRECTION ( 'NONE',  ( 0.08715574274766166307, 0.9961946980917453232, 0.000000000000000000 ) ) ;
#2328 = VERTEX_POINT ( 'NONE', #3787 ) ;
#2329 = DIRECTION ( 'NONE',  ( 1.000000000000000000, 1.053666270899885882E-15, 0.000000000000000000 ) ) ;
#2330 = VERTEX_POINT ( 'NONE', #2539 ) ;
#2331 = AXIS2_PLACEMENT_3D ( 'NONE', #2111, #2714, #3389 ) ;
#2332 = ORIENTED_EDGE ( 'NONE', *, *, #842, .F. ) ;
#2333 = CYLINDRICAL_SURFACE ( 'NONE', #3369, 0.8999999999999998002 ) ;
#2334 = VECTOR ( 'NONE', #2168, 1000.000000000000000 ) ;
#2335 = ORIENTED_EDGE ( 'NONE', *, *, #3413, .T. ) ;
#2336 = CARTESIAN_POINT ( 'NONE',  ( -3.837499999999999911, 2.462500000000064304, -0.5074999999999992850 ) ) ;
#2337 = VECTOR ( 'NONE', #921, 1000.000000000000000 ) ;
#2338 = VECTOR ( 'NONE', #3116, 1000.000000000000000 ) ;
#2339 = VERTEX_POINT ( 'NONE', #3245 ) ;
#2340 = CARTESIAN_POINT ( 'NONE',  ( 3.837500000000000355, -3.809999999999998721, 3.575000000000001066 ) ) ;
#2341 = AXIS2_PLACEMENT_3D ( 'NONE', #383, #2634, #3290 ) ;
#2342 = VECTOR ( 'NONE', #2490, 1000.000000000000000 ) ;
#2343 = DIRECTION ( 'NONE',  ( -0.9961946980917458783, -0.08715574274765519602, 0.000000000000000000 ) ) ;
#2344 = EDGE_CURVE ( 'NONE', #814, #553, #1517, .T. ) ;
#2345 = CARTESIAN_POINT ( 'NONE',  ( 4.102500000000000036, -3.575000000000000178, -1.504999999999999005 ) ) ;
#2346 = VECTOR ( 'NONE', #1732, 1000.000000000000114 ) ;
#2347 = DIRECTION ( 'NONE',  ( -1.000000000000000000, 0.000000000000000000, 0.000000000000000000 ) ) ;
#2348 = SURFACE_STYLE_USAGE ( .BOTH. , #3925 ) ;
#2349 = DIRECTION ( 'NONE',  ( 0.000000000000000000, -0.000000000000000000, 1.000000000000000000 ) ) ;
#2350 = ORIENTED_EDGE ( 'NONE', *, *, #3811, .F. ) ;
#2351 = CARTESIAN_POINT ( 'NONE',  ( 3.237499999999999822, 2.795000000000064766, 2.032500000000001084 ) ) ;
#2352 = DIRECTION ( 'NONE',  ( -0.000000000000000000, -0.000000000000000000, -1.000000000000000000 ) ) ;
#2353 = VERTEX_POINT ( 'NONE', #2018 ) ;
#2354 = CARTESIAN_POINT ( 'NONE',  ( 4.102500000000000036, 0.000000000000000000, -0.5074999999999992850 ) ) ;
#2355 = VERTEX_POINT ( 'NONE', #1040 ) ;
#2356 = ADVANCED_FACE ( 'NONE', ( #1892 ), #3160, .F. ) ;
#2357 = ORIENTED_EDGE ( 'NONE', *, *, #4, .T. ) ;
#2358 = DIRECTION ( 'NONE',  ( 0.000000000000000000, 0.000000000000000000, 1.000000000000000000 ) ) ;
#2359 = EDGE_LOOP ( 'NONE', ( #3639, #3652, #2590, #1487 ) ) ;
#2360 = DIRECTION ( 'NONE',  ( -0.000000000000000000, -0.000000000000000000, -1.000000000000000000 ) ) ;
#2361 = ORIENTED_EDGE ( 'NONE', *, *, #2344, .T. ) ;
#2362 = CARTESIAN_POINT ( 'NONE',  ( -3.225907752082815438, 2.662500000000064482, 4.572499999999999787 ) ) ;
#2363 = VECTOR ( 'NONE', #2377, 1000.000000000000000 ) ;
#2364 = DIRECTION ( 'NONE',  ( -0.000000000000000000, -0.000000000000000000, -1.000000000000000000 ) ) ;
#2365 = VECTOR ( 'NONE', #2564, 1000.000000000000000 ) ;
#2366 = VECTOR ( 'NONE', #486, 1000.000000000000000 ) ;
#2367 = FACE_OUTER_BOUND ( 'NONE', #1783, .T. ) ;
#2368 =( LENGTH_UNIT ( ) NAMED_UNIT ( * ) SI_UNIT ( .MILLI., .METRE. ) );
#2369 = ADVANCED_FACE ( 'NONE', ( #1141 ), #186, .F. ) ;
#2370 = DIRECTION ( 'NONE',  ( 0.000000000000000000, 0.000000000000000000, -1.000000000000000000 ) ) ;
#2371 = EDGE_CURVE ( 'NONE', #3480, #3688, #2587, .T. ) ;
#2372 = LINE ( 'NONE', #2041, #528 ) ;
#2373 = ORIENTED_EDGE ( 'NONE', *, *, #3538, .F. ) ;
#2374 = CARTESIAN_POINT ( 'NONE',  ( 3.637499999999999734, 2.927500000000064606, -0.5074999999999992850 ) ) ;
#2375 = ORIENTED_EDGE ( 'NONE', *, *, #2174, .T. ) ;
#2376 = ORIENTED_EDGE ( 'NONE', *, *, #2320, .T. ) ;
#2377 = DIRECTION ( 'NONE',  ( -0.000000000000000000, 1.000000000000000000, -0.000000000000000000 ) ) ;
#2378 = EDGE_LOOP ( 'NONE', ( #2062, #819, #1494, #712 ) ) ;
#2379 = EDGE_CURVE ( 'NONE', #1767, #993, #3054, .T. ) ;
#2380 = LINE ( 'NONE', #3655, #2092 ) ;
#2381 = FACE_BOUND ( 'NONE', #3286, .T. ) ;
#2382 = CARTESIAN_POINT ( 'NONE',  ( -3.237499999999999822, 2.795000000000064766, -4.634999999999999787 ) ) ;
#2383 = DIRECTION ( 'NONE',  ( 1.000000000000000000, -1.053666270899885882E-15, 0.000000000000000000 ) ) ;
#2384 = PLANE ( 'NONE',  #164 ) ;
#2385 = DIRECTION ( 'NONE',  ( 0.9961946980917453232, 0.08715574274766166307, -0.000000000000000000 ) ) ;
#2386 = ORIENTED_EDGE ( 'NONE', *, *, #2239, .F. ) ;
#2387 = CARTESIAN_POINT ( 'NONE',  ( 3.637499999999999734, 2.662500000000064482, -0.5074999999999992850 ) ) ;
#2388 = ORIENTED_EDGE ( 'NONE', *, *, #2619, .T. ) ;
#2389 = DIRECTION ( 'NONE',  ( 0.000000000000000000, -0.000000000000000000, 1.000000000000000000 ) ) ;
#2390 = ORIENTED_EDGE ( 'NONE', *, *, #471, .T. ) ;
#2391 = ADVANCED_FACE ( 'NONE', ( #2699 ), #205, .F. ) ;
#2392 = LINE ( 'NONE', #503, #2289 ) ;
#2393 = ORIENTED_EDGE ( 'NONE', *, *, #4067, .T. ) ;
#2394 = VECTOR ( 'NONE', #1757, 1000.000000000000000 ) ;
#2395 = DIRECTION ( 'NONE',  ( -0.000000000000000000, -0.000000000000000000, -1.000000000000000000 ) ) ;
#2396 = VECTOR ( 'NONE', #1582, 1000.000000000000000 ) ;
#2397 = DIRECTION ( 'NONE',  ( -1.000000000000000000, 0.000000000000000000, 0.000000000000000000 ) ) ;
#2398 = PLANE ( 'NONE',  #260 ) ;
#2399 = VECTOR ( 'NONE', #2567, 1000.000000000000000 ) ;
#2400 = VECTOR ( 'NONE', #983, 1000.000000000000000 ) ;
#2401 = UNCERTAINTY_MEASURE_WITH_UNIT (LENGTH_MEASURE( 1.000000000000000082E-05 ), #591, 'distance_accuracy_value', 'NONE');
#2402 = CARTESIAN_POINT ( 'NONE',  ( 3.637499999999999734, 2.462500000000064304, -3.047499999999999432 ) ) ;
#2403 = EDGE_CURVE ( 'NONE', #2995, #2638, #1780, .T. ) ;
#2404 = VECTOR ( 'NONE', #1369, 1000.000000000000000 ) ;
#2405 = VECTOR ( 'NONE', #1017, 1000.000000000000000 ) ;
#2406 = LINE ( 'NONE', #3075, #3750 ) ;
#2407 = ORIENTED_EDGE ( 'NONE', *, *, #1515, .F. ) ;
#2408 = EDGE_CURVE ( 'NONE', #1662, #2330, #2055, .T. ) ;
#2409 = VECTOR ( 'NONE', #2279, 1000.000000000000000 ) ;
#2410 = CIRCLE ( 'NONE', #611, 0.2000000000000000944 ) ;
#2411 = LINE ( 'NONE', #2387, #473 ) ;
#2412 = ORIENTED_EDGE ( 'NONE', *, *, #2320, .F. ) ;
#2413 = CARTESIAN_POINT ( 'NONE',  ( -3.237499999999999822, 2.795000000000064766, 4.044999999999998153 ) ) ;
#2414 = ORIENTED_EDGE ( 'NONE', *, *, #2294, .T. ) ;
#2415 = DIRECTION ( 'NONE',  ( -1.000000000000000000, 0.000000000000000000, 0.000000000000000000 ) ) ;
#2416 = EDGE_CURVE ( 'NONE', #2704, #1374, #2411, .T. ) ;
#2417 = ORIENTED_EDGE ( 'NONE', *, *, #1719, .T. ) ;
#2418 = LINE ( 'NONE', #229, #3224 ) ;
#2419 = FACE_OUTER_BOUND ( 'NONE', #3382, .T. ) ;
#2420 = FACE_OUTER_BOUND ( 'NONE', #886, .T. ) ;
#2421 = AXIS2_PLACEMENT_3D ( 'NONE', #1287, #1555, #3770 ) ;
#2422 = CARTESIAN_POINT ( 'NONE',  ( -4.102500000000000036, -3.575000000000000178, -1.504999999999999005 ) ) ;
#2423 = AXIS2_PLACEMENT_3D ( 'NONE', #3734, #883, #2150 ) ;
#2424 = VECTOR ( 'NONE', #3112, 1000.000000000000114 ) ;
#2425 = EDGE_CURVE ( 'NONE', #3390, #3017, #793, .T. ) ;
#2426 = DIRECTION ( 'NONE',  ( 0.000000000000000000, 0.000000000000000000, 1.000000000000000000 ) ) ;
#2427 = PLANE ( 'NONE',  #2954 ) ;
#2428 = DIRECTION ( 'NONE',  ( 6.914003491338339945E-17, -1.000000000000000000, -0.000000000000000000 ) ) ;
#2429 = EDGE_LOOP ( 'NONE', ( #191, #3298, #4016, #1454 ) ) ;
#2430 = LINE ( 'NONE', #777, #936 ) ;
#2431 = ORIENTED_EDGE ( 'NONE', *, *, #3549, .F. ) ;
#2432 = ORIENTED_EDGE ( 'NONE', *, *, #2403, .T. ) ;
#2433 = ORIENTED_EDGE ( 'NONE', *, *, #3701, .T. ) ;
#2434 = CARTESIAN_POINT ( 'NONE',  ( -3.637499999999999734, 2.662500000000064482, 4.572499999999999787 ) ) ;
#2435 = ORIENTED_EDGE ( 'NONE', *, *, #2344, .F. ) ;
#2436 = CARTESIAN_POINT ( 'NONE',  ( -3.837499999999999023, -1.734723475976807094E-15, 1.035000000000002141 ) ) ;
#2437 = ORIENTED_EDGE ( 'NONE', *, *, #1832, .T. ) ;
#2438 = DIRECTION ( 'NONE',  ( -0.000000000000000000, -0.000000000000000000, -1.000000000000000000 ) ) ;
#2439 = LINE ( 'NONE', #1460, #2455 ) ;
#2440 = LINE ( 'NONE', #2457, #210 ) ;
#2441 = EDGE_CURVE ( 'NONE', #670, #59, #4009, .T. ) ;
#2442 = EDGE_CURVE ( 'NONE', #2330, #3818, #458, .T. ) ;
#2443 = LINE ( 'NONE', #3713, #1429 ) ;
#2444 = DIRECTION ( 'NONE',  ( -1.000000000000000000, 6.914003491338339945E-17, 0.000000000000000000 ) ) ;
#2445 = PRODUCT_DEFINITION ( 'UNKNOWN', '', #3745, #2474 ) ;
#2446 = DIRECTION ( 'NONE',  ( 0.000000000000000000, 0.000000000000000000, -1.000000000000000000 ) ) ;
#2447 = ORIENTED_EDGE ( 'NONE', *, *, #581, .T. ) ;
#2448 = CARTESIAN_POINT ( 'NONE',  ( 3.837499999999999911, -1.734723475976807094E-15, -0.5074999999999992850 ) ) ;
#2449 = LINE ( 'NONE', #3722, #2879 ) ;
#2450 = ADVANCED_FACE ( 'NONE', ( #1451 ), #846, .F. ) ;
#2451 = ORIENTED_EDGE ( 'NONE', *, *, #1289, .F. ) ;
#2452 = CARTESIAN_POINT ( 'NONE',  ( -3.237499999999999822, 2.795000000000064766, -0.5074999999999992850 ) ) ;
#2453 = ORIENTED_EDGE ( 'NONE', *, *, #3959, .T. ) ;
#2454 = PLANE ( 'NONE',  #4063 ) ;
#2455 = VECTOR ( 'NONE', #856, 1000.000000000000000 ) ;
#2456 = CARTESIAN_POINT ( 'NONE',  ( 3.237499999999999822, 2.795000000000064766, 4.044999999999998153 ) ) ;
#2457 = CARTESIAN_POINT ( 'NONE',  ( 3.837500000000000355, -3.809999999999998721, 1.035000000000001252 ) ) ;
#2458 = VECTOR ( 'NONE', #2889, 1000.000000000000000 ) ;
#2459 = VECTOR ( 'NONE', #961, 1000.000000000000000 ) ;
#2460 = EDGE_CURVE ( 'NONE', #1396, #908, #2994, .T. ) ;
#2461 = DIRECTION ( 'NONE',  ( -1.000000000000000000, -0.000000000000000000, -0.000000000000000000 ) ) ;
#2462 = DIRECTION ( 'NONE',  ( 0.000000000000000000, 0.000000000000000000, 1.000000000000000000 ) ) ;
#2463 = DIRECTION ( 'NONE',  ( 0.000000000000000000, -1.000000000000000000, 1.213093339843921105E-16 ) ) ;
#2464 = FACE_OUTER_BOUND ( 'NONE', #89, .T. ) ;
#2465 = VECTOR ( 'NONE', #1866, 1000.000000000000000 ) ;
#2466 = ORIENTED_EDGE ( 'NONE', *, *, #2244, .T. ) ;
#2467 = DIRECTION ( 'NONE',  ( 0.000000000000000000, -1.000000000000000000, 0.000000000000000000 ) ) ;
#2468 = ORIENTED_EDGE ( 'NONE', *, *, #4052, .F. ) ;
#2469 = DIRECTION ( 'NONE',  ( -1.053666270899885882E-15, -1.000000000000000000, 0.000000000000000000 ) ) ;
#2470 = VERTEX_POINT ( 'NONE', #3929 ) ;
#2471 = EDGE_CURVE ( 'NONE', #78, #1804, #2971, .T. ) ;
#2472 = CARTESIAN_POINT ( 'NONE',  ( 4.102500000000000036, -1.734723475976807094E-15, 3.575000000000001954 ) ) ;
#2473 = CARTESIAN_POINT ( 'NONE',  ( 3.637499999999999734, 2.462500000000064304, 4.044999999999998153 ) ) ;
#2474 = PRODUCT_DEFINITION_CONTEXT ( 'detailed design', #862, 'design' ) ;
#2475 = PLANE ( 'NONE',  #625 ) ;
#2476 = LINE ( 'NONE', #2520, #3611 ) ;
#2477 = DIRECTION ( 'NONE',  ( 0.000000000000000000, -1.000000000000000000, 0.000000000000000000 ) ) ;
#2478 = ORIENTED_EDGE ( 'NONE', *, *, #1564, .T. ) ;
#2479 = EDGE_CURVE ( 'NONE', #1767, #2019, #2523, .T. ) ;
#2480 = AXIS2_PLACEMENT_3D ( 'NONE', #1192, #1818, #808 ) ;
#2481 = VECTOR ( 'NONE', #1183, 1000.000000000000000 ) ;
#2482 = DIRECTION ( 'NONE',  ( -1.000000000000000000, -0.000000000000000000, -0.000000000000000000 ) ) ;
#2483 = CARTESIAN_POINT ( 'NONE',  ( -3.837500000000000799, -3.575000000000000178, 1.035000000000001252 ) ) ;
#2484 = VECTOR ( 'NONE', #3235, 999.9999999999998863 ) ;
#2485 = AXIS2_PLACEMENT_3D ( 'NONE', #3725, #1493, #2139 ) ;
#2486 = ORIENTED_EDGE ( 'NONE', *, *, #1145, .F. ) ;
#2487 = EDGE_CURVE ( 'NONE', #1337, #483, #813, .T. ) ;
#2488 = DIRECTION ( 'NONE',  ( -0.000000000000000000, -0.000000000000000000, -1.000000000000000000 ) ) ;
#2489 = ORIENTED_EDGE ( 'NONE', *, *, #1986, .F. ) ;
#2490 = DIRECTION ( 'NONE',  ( -0.000000000000000000, -0.000000000000000000, -1.000000000000000000 ) ) ;
#2491 = EDGE_CURVE ( 'NONE', #3988, #1932, #2372, .T. ) ;
#2492 = ORIENTED_EDGE ( 'NONE', *, *, #3502, .F. ) ;
#2493 = VERTEX_POINT ( 'NONE', #2077 ) ;
#2494 = ORIENTED_EDGE ( 'NONE', *, *, #3992, .F. ) ;
#2495 = CARTESIAN_POINT ( 'NONE',  ( -3.082207622241484923, 4.570000000000000284, 4.479707622241483556 ) ) ;
#2496 = EDGE_CURVE ( 'NONE', #854, #3586, #3329, .T. ) ;
#2497 = CARTESIAN_POINT ( 'NONE',  ( 4.102500000000000036, 0.000000000000000000, 2.032500000000001084 ) ) ;
#2498 = CARTESIAN_POINT ( 'NONE',  ( 4.102500000000000036, -3.574999999999999734, -1.269999999999998908 ) ) ;
#2499 = VERTEX_POINT ( 'NONE', #3353 ) ;
#2500 = CARTESIAN_POINT ( 'NONE',  ( -3.237499999999999822, 2.795000000000064766, -3.047499999999999432 ) ) ;
#2501 = DIRECTION ( 'NONE',  ( -1.000000000000000000, 0.000000000000000000, 0.000000000000000000 ) ) ;
#2502 = DIRECTION ( 'NONE',  ( 1.000000000000000000, -6.914003491338339945E-17, -0.000000000000000000 ) ) ;
#2503 = VERTEX_POINT ( 'NONE', #498 ) ;
#2504 = DIRECTION ( 'NONE',  ( -0.000000000000000000, 1.000000000000000000, -0.000000000000000000 ) ) ;
#2505 = ORIENTED_EDGE ( 'NONE', *, *, #1980, .T. ) ;
#2506 = CARTESIAN_POINT ( 'NONE',  ( -3.837500000000000799, -3.574999999999999734, 1.270000000000001128 ) ) ;
#2507 = VERTEX_POINT ( 'NONE', #3037 ) ;
#2508 = CARTESIAN_POINT ( 'NONE',  ( -3.637499999999999734, 2.927500000000064606, 2.032500000000001084 ) ) ;
#2509 = EDGE_CURVE ( 'NONE', #2764, #642, #3987, .T. ) ;
#2510 = ORIENTED_EDGE ( 'NONE', *, *, #2784, .F. ) ;
#2511 = ORIENTED_EDGE ( 'NONE', *, *, #1450, .F. ) ;
#2512 = PLANE ( 'NONE',  #469 ) ;
#2513 = CARTESIAN_POINT ( 'NONE',  ( 3.082207622241484923, 1.020000000000000018, 0.000000000000000000 ) ) ;
#2514 = DIRECTION ( 'NONE',  ( 0.000000000000000000, 0.000000000000000000, 1.000000000000000000 ) ) ;
#2515 = AXIS2_PLACEMENT_3D ( 'NONE', #1050, #2343, #2708 ) ;
#2516 = CYLINDRICAL_SURFACE ( 'NONE', #1139, 0.2000000000000000944 ) ;
#2517 = DIRECTION ( 'NONE',  ( 0.08715574274766166307, -0.9961946980917453232, -0.000000000000000000 ) ) ;
#2518 = AXIS2_PLACEMENT_3D ( 'NONE', #3571, #3943, #718 ) ;
#2519 = ORIENTED_EDGE ( 'NONE', *, *, #4082, .F. ) ;
#2520 = CARTESIAN_POINT ( 'NONE',  ( 3.637499999999999734, 2.662500000000064482, -3.047499999999999432 ) ) ;
#2521 = CARTESIAN_POINT ( 'NONE',  ( -3.637499999999999734, 2.462500000000064304, 4.044999999999998153 ) ) ;
#2522 = EDGE_CURVE ( 'NONE', #1355, #371, #3529, .T. ) ;
#2523 = CIRCLE ( 'NONE', #3789, 0.2000000000000000944 ) ;
#2524 = PLANE ( 'NONE',  #2067 ) ;
#2525 = ORIENTED_EDGE ( 'NONE', *, *, #3181, .F. ) ;
#2526 = CARTESIAN_POINT ( 'NONE',  ( 3.637499999999999734, 2.462500000000064304, 0.5075000000000009504 ) ) ;
#2527 = CLOSED_SHELL ( 'NONE', ( #2872, #4044, #271, #2983 ) ) ;
#2528 = ORIENTED_EDGE ( 'NONE', *, *, #1564, .F. ) ;
#2529 = DIRECTION ( 'NONE',  ( 1.000000000000000000, 0.000000000000000000, -0.000000000000000000 ) ) ;
#2530 = AXIS2_PLACEMENT_3D ( 'NONE', #2572, #662, #2973 ) ;
#2531 = ORIENTED_EDGE ( 'NONE', *, *, #630, .F. ) ;
#2532 = LINE ( 'NONE', #4066, #1938 ) ;
#2533 = ORIENTED_EDGE ( 'NONE', *, *, #1313, .T. ) ;
#2534 = ORIENTED_EDGE ( 'NONE', *, *, #2598, .T. ) ;
#2535 = AXIS2_PLACEMENT_3D ( 'NONE', #922, #1880, #243 ) ;
#2536 = VERTEX_POINT ( 'NONE', #258 ) ;
#2537 = DIRECTION ( 'NONE',  ( 0.000000000000000000, 0.000000000000000000, 1.000000000000000000 ) ) ;
#2538 = EDGE_CURVE ( 'NONE', #1804, #3604, #1196, .T. ) ;
#2539 = CARTESIAN_POINT ( 'NONE',  ( 4.102500000000000036, 0.000000000000000000, -3.574999999999999734 ) ) ;
#2540 = CARTESIAN_POINT ( 'NONE',  ( -3.837500000000000799, -3.575000000000000178, -4.044999999999999041 ) ) ;
#2541 = LINE ( 'NONE', #3794, #2346 ) ;
#2542 = ORIENTED_EDGE ( 'NONE', *, *, #3721, .F. ) ;
#2543 = ADVANCED_FACE ( 'NONE', ( #3716 ), #614, .F. ) ;
#2544 = DIRECTION ( 'NONE',  ( -0.000000000000000000, -0.000000000000000000, -1.000000000000000000 ) ) ;
#2545 = CARTESIAN_POINT ( 'NONE',  ( 4.102500000000000036, -1.734723475976807094E-15, -2.032499999999998419 ) ) ;
#2546 = EDGE_CURVE ( 'NONE', #1712, #3101, #3065, .T. ) ;
#2547 = CARTESIAN_POINT ( 'NONE',  ( 4.102500000000000036, 0.000000000000000000, -1.034999999999999476 ) ) ;
#2548 = CARTESIAN_POINT ( 'NONE',  ( 4.102500000000000036, 0.000000000000000000, -0.5074999999999992850 ) ) ;
#2549 = DIRECTION ( 'NONE',  ( -6.914003491338339945E-17, -1.000000000000000000, 0.000000000000000000 ) ) ;
#2550 = PRESENTATION_STYLE_ASSIGNMENT (( #2569 ) ) ;
#2551 = COLOUR_RGB ( '',0.7921568627450980005, 0.8196078431372548767, 0.9333333333333333481 ) ;
#2552 = EDGE_LOOP ( 'NONE', ( #3978, #620, #3619, #2780 ) ) ;
#2553 = LINE ( 'NONE', #316, #1763 ) ;
#2554 = AXIS2_PLACEMENT_3D ( 'NONE', #3410, #3033, #2769 ) ;
#2555 = ORIENTED_EDGE ( 'NONE', *, *, #2630, .T. ) ;
#2556 = CARTESIAN_POINT ( 'NONE',  ( -3.637499999999999734, 2.662500000000064482, 0.5075000000000009504 ) ) ;
#2557 = ORIENTED_EDGE ( 'NONE', *, *, #3757, .F. ) ;
#2558 = DIRECTION ( 'NONE',  ( 0.08715574274765519602, -0.9961946980917458783, 0.000000000000000000 ) ) ;
#2559 =( LENGTH_UNIT ( ) NAMED_UNIT ( * ) SI_UNIT ( .MILLI., .METRE. ) );
#2560 = CARTESIAN_POINT ( 'NONE',  ( -4.102500000000000036, 2.462500000000064304, 2.032500000000001084 ) ) ;
#2561 = EDGE_LOOP ( 'NONE', ( #3587, #3250, #3518, #3126 ) ) ;
#2562 = EDGE_CURVE ( 'NONE', #3034, #2999, #903, .T. ) ;
#2563 = CARTESIAN_POINT ( 'NONE',  ( 4.102500000000000036, -1.734723475976807094E-15, 0.5075000000000018385 ) ) ;
#2564 = DIRECTION ( 'NONE',  ( -0.000000000000000000, -0.000000000000000000, -1.000000000000000000 ) ) ;
#2565 = ORIENTED_EDGE ( 'NONE', *, *, #214, .T. ) ;
#2566 = CARTESIAN_POINT ( 'NONE',  ( 3.225907752082814550, 2.927500000000065050, 4.572499999999999787 ) ) ;
#2567 = DIRECTION ( 'NONE',  ( -0.000000000000000000, -0.000000000000000000, -1.000000000000000000 ) ) ;
#2568 = SURFACE_STYLE_FILL_AREA ( #748 ) ;
#2569 = SURFACE_STYLE_USAGE ( .BOTH. , #3557 ) ;
#2570 = LINE ( 'NONE', #1300, #1335 ) ;
#2571 = ORIENTED_EDGE ( 'NONE', *, *, #3068, .T. ) ;
#2572 = CARTESIAN_POINT ( 'NONE',  ( 4.102500000000000036, 0.000000000000000000, 4.044999999999999929 ) ) ;
#2573 = VERTEX_POINT ( 'NONE', #2772 ) ;
#2574 = EDGE_CURVE ( 'NONE', #423, #3438, #741, .T. ) ;
#2575 = EDGE_CURVE ( 'NONE', #3080, #995, #530, .T. ) ;
#2576 = EDGE_LOOP ( 'NONE', ( #248, #2308, #1935, #1024 ) ) ;
#2577 = DIRECTION ( 'NONE',  ( -1.000000000000000000, 6.914003491338339945E-17, 0.000000000000000000 ) ) ;
#2578 = VERTEX_POINT ( 'NONE', #1213 ) ;
#2579 = EDGE_CURVE ( 'NONE', #2503, #3421, #572, .T. ) ;
#2580 = CARTESIAN_POINT ( 'NONE',  ( -3.637499999999999734, 2.662500000000064482, -2.032499999999999307 ) ) ;
#2581 = PLANE ( 'NONE',  #3670 ) ;
#2582 = LINE ( 'NONE', #3852, #176 ) ;
#2583 = VECTOR ( 'NONE', #1131, 1000.000000000000000 ) ;
#2584 = LINE ( 'NONE', #1054, #1073 ) ;
#2585 = CARTESIAN_POINT ( 'NONE',  ( 4.102500000000000036, -3.574999999999999734, -3.809999999999999165 ) ) ;
#2586 = DIRECTION ( 'NONE',  ( 0.000000000000000000, 1.000000000000000000, 0.000000000000000000 ) ) ;
#2587 = CIRCLE ( 'NONE', #1463, 0.2000000000000000944 ) ;
#2588 = EDGE_LOOP ( 'NONE', ( #3393, #1279, #760, #4087 ) ) ;
#2589 = DIRECTION ( 'NONE',  ( -1.000000000000000000, -0.000000000000000000, -0.000000000000000000 ) ) ;
#2590 = ORIENTED_EDGE ( 'NONE', *, *, #3711, .F. ) ;
#2591 = AXIS2_PLACEMENT_3D ( 'NONE', #2585, #98, #30 ) ;
#2592 = CARTESIAN_POINT ( 'NONE',  ( -3.837499999999999023, 0.000000000000000000, -3.574999999999999734 ) ) ;
#2593 = ORIENTED_EDGE ( 'NONE', *, *, #1438, .F. ) ;
#2594 = VECTOR ( 'NONE', #3933, 1000.000000000000000 ) ;
#2595 = ORIENTED_EDGE ( 'NONE', *, *, #2186, .T. ) ;
#2596 = CYLINDRICAL_SURFACE ( 'NONE', #3151, 0.4650000000000005795 ) ;
#2597 = ORIENTED_EDGE ( 'NONE', *, *, #2840, .F. ) ;
#2598 = EDGE_CURVE ( 'NONE', #3726, #2976, #2916, .T. ) ;
#2599 = PRESENTATION_LAYER_ASSIGNMENT (  '', '', ( #2932 ) ) ;
#2600 = CARTESIAN_POINT ( 'NONE',  ( 4.102500000000000036, 0.000000000000000000, -3.047499999999999432 ) ) ;
#2601 = VECTOR ( 'NONE', #51, 1000.000000000000000 ) ;
#2602 = AXIS2_PLACEMENT_3D ( 'NONE', #158, #179, #3419 ) ;
#2603 = LINE ( 'NONE', #376, #1736 ) ;
#2604 = CARTESIAN_POINT ( 'NONE',  ( -4.102500000000000036, 0.000000000000000000, 3.047500000000000764 ) ) ;
#2605 = DIRECTION ( 'NONE',  ( -1.000000000000000000, 0.000000000000000000, 0.000000000000000000 ) ) ;
#2606 = AXIS2_PLACEMENT_3D ( 'NONE', #3695, #2103, #522 ) ;
#2607 = DIRECTION ( 'NONE',  ( -0.08682659386424441961, -0.9924325091389676334, -0.08682659386424441961 ) ) ;
#2608 = CARTESIAN_POINT ( 'NONE',  ( 3.837499999999999911, 0.000000000000000000, -3.047499999999999432 ) ) ;
#2609 = LINE ( 'NONE', #76, #3693 ) ;
#2610 = ORIENTED_EDGE ( 'NONE', *, *, #558, .F. ) ;
#2611 = EDGE_CURVE ( 'NONE', #877, #1840, #2001, .T. ) ;
#2612 = ORIENTED_EDGE ( 'NONE', *, *, #3841, .F. ) ;
#2613 = CARTESIAN_POINT ( 'NONE',  ( 3.237499999999999822, 1.020000000000000018, -4.479707622241485332 ) ) ;
#2614 = PLANE ( 'NONE',  #1394 ) ;
#2615 = ORIENTED_EDGE ( 'NONE', *, *, #969, .F. ) ;
#2616 = CARTESIAN_POINT ( 'NONE',  ( 4.102500000000000036, 2.462500000000064304, 4.572499999999999787 ) ) ;
#2617 = MECHANICAL_DESIGN_GEOMETRIC_PRESENTATION_REPRESENTATION (  '', ( #496 ), #2030 ) ;
#2618 = ORIENTED_EDGE ( 'NONE', *, *, #2678, .T. ) ;
#2619 = EDGE_CURVE ( 'NONE', #1649, #420, #920, .T. ) ;
#2620 = ORIENTED_EDGE ( 'NONE', *, *, #1663, .T. ) ;
#2621 = ORIENTED_EDGE ( 'NONE', *, *, #1729, .T. ) ;
#2622 = DIRECTION ( 'NONE',  ( -0.08715574274765516827, -0.9961946980917457672, -0.000000000000000000 ) ) ;
#2623 = AXIS2_PLACEMENT_3D ( 'NONE', #1211, #202, #1484 ) ;
#2624 = EDGE_CURVE ( 'NONE', #4100, #2493, #2191, .T. ) ;
#2625 = EDGE_LOOP ( 'NONE', ( #1752, #792, #3503, #465 ) ) ;
#2626 = VECTOR ( 'NONE', #733, 1000.000000000000000 ) ;
#2627 = PLANE ( 'NONE',  #595 ) ;
#2628 = CARTESIAN_POINT ( 'NONE',  ( -3.837499999999999023, 0.000000000000000000, -1.034999999999999476 ) ) ;
#2629 = CARTESIAN_POINT ( 'NONE',  ( -4.102500000000000036, -1.734723475976807094E-15, -1.504999999999998117 ) ) ;
#2630 = EDGE_CURVE ( 'NONE', #874, #3038, #3758, .T. ) ;
#2631 = CARTESIAN_POINT ( 'NONE',  ( 3.837500000000000355, -3.809999999999999165, 1.505000000000001226 ) ) ;
#2632 = LINE ( 'NONE', #429, #871 ) ;
#2633 = DIRECTION ( 'NONE',  ( 1.000000000000000000, -0.000000000000000000, -0.000000000000000000 ) ) ;
#2634 = DIRECTION ( 'NONE',  ( 1.000000000000000000, 0.000000000000000000, -0.000000000000000000 ) ) ;
#2635 = CARTESIAN_POINT ( 'NONE',  ( -3.225907752082814550, 2.927500000000065050, -3.047499999999999432 ) ) ;
#2636 = ORIENTED_EDGE ( 'NONE', *, *, #1814, .T. ) ;
#2637 = LINE ( 'NONE', #2897, #1267 ) ;
#2638 = VERTEX_POINT ( 'NONE', #1560 ) ;
#2639 = ORIENTED_EDGE ( 'NONE', *, *, #408, .T. ) ;
#2640 = ORIENTED_EDGE ( 'NONE', *, *, #350, .T. ) ;
#2641 = FACE_OUTER_BOUND ( 'NONE', #3542, .T. ) ;
#2642 = ADVANCED_FACE ( 'NONE', ( #1250 ), #2524, .F. ) ;
#2643 = VERTEX_POINT ( 'NONE', #2756 ) ;
#2644 =( NAMED_UNIT ( * ) PLANE_ANGLE_UNIT ( ) SI_UNIT ( $, .RADIAN. ) );
#2645 = ORIENTED_EDGE ( 'NONE', *, *, #70, .F. ) ;
#2646 = PLANE ( 'NONE',  #2236 ) ;
#2647 = CARTESIAN_POINT ( 'NONE',  ( -3.637499999999999734, 2.662500000000064482, 4.572499999999999787 ) ) ;
#2648 = CARTESIAN_POINT ( 'NONE',  ( -4.102500000000000036, 2.462500000000064304, 2.032500000000001084 ) ) ;
#2649 =( LENGTH_UNIT ( ) NAMED_UNIT ( * ) SI_UNIT ( .MILLI., .METRE. ) );
#2650 = DIRECTION ( 'NONE',  ( 0.000000000000000000, 0.000000000000000000, 1.000000000000000000 ) ) ;
#2651 = FILL_AREA_STYLE ('',( #1383 ) ) ;
#2652 = EDGE_CURVE ( 'NONE', #1161, #2305, #1520, .T. ) ;
#2653 = DIRECTION ( 'NONE',  ( -0.08715574274766166307, 0.9961946980917453232, 0.000000000000000000 ) ) ;
#2654 = ORIENTED_EDGE ( 'NONE', *, *, #742, .F. ) ;
#2656 = DIRECTION ( 'NONE',  ( 0.000000000000000000, -0.000000000000000000, 1.000000000000000000 ) ) ;
#2655 = VECTOR ( 'NONE', #3582, 1000.000000000000000 ) ;
#2657 = CARTESIAN_POINT ( 'NONE',  ( 4.102500000000000036, 0.000000000000000000, -3.574999999999999734 ) ) ;
#2658 = EDGE_LOOP ( 'NONE', ( #2615, #325, #3156, #499 ) ) ;
#2659 = CARTESIAN_POINT ( 'NONE',  ( 3.637499999999999734, 2.462500000000064304, -0.5074999999999992850 ) ) ;
#2660 = EDGE_LOOP ( 'NONE', ( #1146, #1068, #3083, #357 ) ) ;
#2661 = AXIS2_PLACEMENT_3D ( 'NONE', #385, #2920, #830 ) ;
#2662 = ORIENTED_EDGE ( 'NONE', *, *, #2471, .F. ) ;
#2663 = CARTESIAN_POINT ( 'NONE',  ( -3.225907752082815438, 2.662500000000064482, -3.047499999999999432 ) ) ;
#2664 = VECTOR ( 'NONE', #2963, 1000.000000000000000 ) ;
#2665 = EDGE_LOOP ( 'NONE', ( #3136, #2466, #1222, #2412 ) ) ;
#2666 = LINE ( 'NONE', #3528, #3127 ) ;
#2667 = VECTOR ( 'NONE', #2819, 1000.000000000000114 ) ;
#2668 = EDGE_CURVE ( 'NONE', #3949, #2328, #1486, .T. ) ;
#2669 = VERTEX_POINT ( 'NONE', #1857 ) ;
#2670 = CYLINDRICAL_SURFACE ( 'NONE', #1893, 0.2349999999999999589 ) ;
#2671 = VECTOR ( 'NONE', #795, 999.9999999999998863 ) ;
#2672 = CARTESIAN_POINT ( 'NONE',  ( -3.637499999999999734, 2.662500000000064482, -3.047499999999999432 ) ) ;
#2673 = DIRECTION ( 'NONE',  ( -0.08715574274765519602, 0.9961946980917458783, 0.000000000000000000 ) ) ;
#2674 =( GEOMETRIC_REPRESENTATION_CONTEXT ( 3 ) GLOBAL_UNCERTAINTY_ASSIGNED_CONTEXT ( ( #2838 ) ) GLOBAL_UNIT_ASSIGNED_CONTEXT ( ( #1008, #2891, #1315 ) ) REPRESENTATION_CONTEXT ( 'NONE', 'WORKASPACE' ) );
#2675 = ADVANCED_FACE ( 'NONE', ( #3125 ), #278, .F. ) ;
#2676 = DIRECTION ( 'NONE',  ( -0.000000000000000000, -0.000000000000000000, -1.000000000000000000 ) ) ;
#2677 = CARTESIAN_POINT ( 'NONE',  ( -3.082207622241484923, 1.020000000000000018, 0.000000000000000000 ) ) ;
#2678 = EDGE_CURVE ( 'NONE', #1093, #166, #1295, .T. ) ;
#2679 = CARTESIAN_POINT ( 'NONE',  ( 3.837500000000000355, -3.809999999999999165, -3.047499999999999432 ) ) ;
#2680 = EDGE_LOOP ( 'NONE', ( #3765, #2277, #2533, #1128 ) ) ;
#2681 = LINE ( 'NONE', #3687, #4056 ) ;
#2682 = ORIENTED_EDGE ( 'NONE', *, *, #1617, .T. ) ;
#2683 = VERTEX_POINT ( 'NONE', #97 ) ;
#2684 = CARTESIAN_POINT ( 'NONE',  ( 3.637499999999999734, 2.462500000000064304, -0.5074999999999992850 ) ) ;
#2685 = COLOUR_RGB ( '',1.000000000000000000, 1.000000000000000000, 1.000000000000000000 ) ;
#2686 = ORIENTED_EDGE ( 'NONE', *, *, #3106, .T. ) ;
#2687 = CARTESIAN_POINT ( 'NONE',  ( 4.102500000000000036, 0.000000000000000000, 2.032500000000001084 ) ) ;
#2688 = AXIS2_PLACEMENT_3D ( 'NONE', #1294, #24, #3146 ) ;
#2689 = ORIENTED_EDGE ( 'NONE', *, *, #1228, .T. ) ;
#2690 = DIRECTION ( 'NONE',  ( -1.000000000000000000, 0.000000000000000000, 0.000000000000000000 ) ) ;
#2691 = AXIS2_PLACEMENT_3D ( 'NONE', #3097, #519, #2415 ) ;
#2692 = FILL_AREA_STYLE ('',( #450 ) ) ;
#2693 = VECTOR ( 'NONE', #696, 1000.000000000000000 ) ;
#2694 = UNCERTAINTY_MEASURE_WITH_UNIT (LENGTH_MEASURE( 1.000000000000000082E-05 ), #740, 'distance_accuracy_value', 'NONE');
#2695 = PLANE ( 'NONE',  #1954 ) ;
#2696 = ADVANCED_FACE ( 'NONE', ( #2234 ), #2939, .T. ) ;
#2697 = CARTESIAN_POINT ( 'NONE',  ( -4.102500000000000036, -3.575000000000000178, -1.034999999999999032 ) ) ;
#2698 = EDGE_CURVE ( 'NONE', #4045, #1396, #3195, .T. ) ;
#2699 = FACE_OUTER_BOUND ( 'NONE', #3205, .T. ) ;
#2700 = ORIENTED_EDGE ( 'NONE', *, *, #326, .F. ) ;
#2701 = DIRECTION ( 'NONE',  ( 1.000000000000000000, -6.914003491338339945E-17, -0.000000000000000000 ) ) ;
#2702 = ORIENTED_EDGE ( 'NONE', *, *, #348, .F. ) ;
#2703 = DIRECTION ( 'NONE',  ( -6.914003491338339945E-17, 1.000000000000000000, 0.000000000000000000 ) ) ;
#2704 = VERTEX_POINT ( 'NONE', #379 ) ;
#2705 = DIRECTION ( 'NONE',  ( 0.000000000000000000, -0.000000000000000000, 1.000000000000000000 ) ) ;
#2706 = EDGE_CURVE ( 'NONE', #2999, #3818, #722, .T. ) ;
#2707 = DIRECTION ( 'NONE',  ( 0.000000000000000000, 0.000000000000000000, 1.000000000000000000 ) ) ;
#2708 = DIRECTION ( 'NONE',  ( 0.08715574274765519602, -0.9961946980917458783, 0.000000000000000000 ) ) ;
#2709 = CARTESIAN_POINT ( 'NONE',  ( 4.102500000000000036, -3.574999999999999734, -3.809999999999999165 ) ) ;
#2710 = DIRECTION ( 'NONE',  ( 0.000000000000000000, 0.000000000000000000, 1.000000000000000000 ) ) ;
#2711 = ADVANCED_FACE ( 'NONE', ( #655 ), #678, .F. ) ;
#2712 = DIRECTION ( 'NONE',  ( 1.000000000000000000, 0.000000000000000000, -0.000000000000000000 ) ) ;
#2713 = EDGE_CURVE ( 'NONE', #3525, #1990, #2299, .T. ) ;
#2714 = DIRECTION ( 'NONE',  ( 0.000000000000000000, 1.000000000000000000, -0.000000000000000000 ) ) ;
#2715 = ORIENTED_EDGE ( 'NONE', *, *, #1425, .T. ) ;
#2716 = CARTESIAN_POINT ( 'NONE',  ( 3.637499999999999734, 2.662500000000064482, 0.5075000000000009504 ) ) ;
#2717 = ORIENTED_EDGE ( 'NONE', *, *, #1268, .T. ) ;
#2718 = CARTESIAN_POINT ( 'NONE',  ( -4.102500000000000036, -3.575000000000000178, -4.044999999999999041 ) ) ;
#2719 = ORIENTED_EDGE ( 'NONE', *, *, #2706, .F. ) ;
#2720 = AXIS2_PLACEMENT_3D ( 'NONE', #1241, #3159, #1616 ) ;
#2721 = LINE ( 'NONE', #3084, #2366 ) ;
#2722 = EDGE_CURVE ( 'NONE', #708, #2948, #1945, .T. ) ;
#2723 = VECTOR ( 'NONE', #1414, 1000.000000000000000 ) ;
#2724 = DIRECTION ( 'NONE',  ( -1.000000000000000000, 0.000000000000000000, 0.000000000000000000 ) ) ;
#2725 = ADVANCED_FACE ( 'NONE', ( #3257 ), #2869, .F. ) ;
#2726 = DIRECTION ( 'NONE',  ( 0.000000000000000000, 0.000000000000000000, -1.000000000000000000 ) ) ;
#2727 = VECTOR ( 'NONE', #264, 1000.000000000000000 ) ;
#2728 = VECTOR ( 'NONE', #549, 1000.000000000000000 ) ;
#2729 = LINE ( 'NONE', #1759, #3121 ) ;
#2730 = VECTOR ( 'NONE', #2223, 1000.000000000000000 ) ;
#2731 = VECTOR ( 'NONE', #3197, 1000.000000000000000 ) ;
#2732 = CARTESIAN_POINT ( 'NONE',  ( -3.237499999999999822, 2.794999999999936424, -4.634999999999999787 ) ) ;
#2733 = DIRECTION ( 'NONE',  ( 0.08715574274766166307, -0.9961946980917453232, -0.000000000000000000 ) ) ;
#2734 = EDGE_CURVE ( 'NONE', #1587, #485, #1338, .T. ) ;
#2735 = CARTESIAN_POINT ( 'NONE',  ( -3.237499999999999822, 2.795000000000064766, -3.047499999999999432 ) ) ;
#2736 = ORIENTED_EDGE ( 'NONE', *, *, #576, .T. ) ;
#2737 = DIRECTION ( 'NONE',  ( -1.000000000000000000, 0.000000000000000000, 0.000000000000000000 ) ) ;
#2738 = ORIENTED_EDGE ( 'NONE', *, *, #3666, .F. ) ;
#2739 = LINE ( 'NONE', #3705, #3029 ) ;
#2740 = ORIENTED_EDGE ( 'NONE', *, *, #3337, .F. ) ;
#2741 = DIRECTION ( 'NONE',  ( -0.9961946980917453232, 0.08715574274766166307, 0.000000000000000000 ) ) ;
#2742 = EDGE_CURVE ( 'NONE', #1990, #715, #3168, .T. ) ;
#2743 = ORIENTED_EDGE ( 'NONE', *, *, #3673, .F. ) ;
#2744 = LINE ( 'NONE', #1129, #1016 ) ;
#2745 = EDGE_CURVE ( 'NONE', #3045, #2245, #3533, .T. ) ;
#2746 = DIRECTION ( 'NONE',  ( 0.000000000000000000, 1.000000000000000000, 0.000000000000000000 ) ) ;
#2747 = AXIS2_PLACEMENT_3D ( 'NONE', #1299, #1925, #1948 ) ;
#2748 = DIRECTION ( 'NONE',  ( 0.000000000000000000, 1.000000000000000000, 0.000000000000000000 ) ) ;
#2749 = EDGE_CURVE ( 'NONE', #912, #3223, #3879, .T. ) ;
#2750 = VECTOR ( 'NONE', #378, 1000.000000000000000 ) ;
#2751 = VECTOR ( 'NONE', #970, 1000.000000000000000 ) ;
#2752 = FACE_OUTER_BOUND ( 'NONE', #4018, .T. ) ;
#2753 = DIRECTION ( 'NONE',  ( 0.000000000000000000, 1.000000000000000000, 0.000000000000000000 ) ) ;
#2754 = EDGE_CURVE ( 'NONE', #2100, #1095, #3214, .T. ) ;
#2755 = EDGE_LOOP ( 'NONE', ( #189, #1350, #262, #1126, #3649, #1607, #3432, #2451, #1905 ) ) ;
#2756 = CARTESIAN_POINT ( 'NONE',  ( -3.225907752082815438, 2.662500000000064482, 0.5075000000000009504 ) ) ;
#2757 = EDGE_LOOP ( 'NONE', ( #1390, #3561, #2618, #1772 ) ) ;
#2758 = CARTESIAN_POINT ( 'NONE',  ( -4.102500000000000036, 0.000000000000000000, 0.5075000000000009504 ) ) ;
#2759 = ORIENTED_EDGE ( 'NONE', *, *, #3795, .T. ) ;
#2760 = VERTEX_POINT ( 'NONE', #1363 ) ;
#2761 = PLANE ( 'NONE',  #892 ) ;
#2762 = VERTEX_POINT ( 'NONE', #46 ) ;
#2763 = DIRECTION ( 'NONE',  ( -0.000000000000000000, 1.000000000000000000, -0.000000000000000000 ) ) ;
#2764 = VERTEX_POINT ( 'NONE', #1312 ) ;
#2765 = CARTESIAN_POINT ( 'NONE',  ( -3.637499999999999734, 2.462500000000064304, 0.5075000000000009504 ) ) ;
#2766 = ADVANCED_FACE ( 'NONE', ( #71 ), #2847, .F. ) ;
#2767 = CARTESIAN_POINT ( 'NONE',  ( 3.637499999999999734, 2.662500000000064482, 4.572499999999999787 ) ) ;
#2768 = CYLINDRICAL_SURFACE ( 'NONE', #810, 0.2349999999999999589 ) ;
#2769 = DIRECTION ( 'NONE',  ( -1.000000000000000000, 0.000000000000000000, 0.000000000000000000 ) ) ;
#2770 = CARTESIAN_POINT ( 'NONE',  ( 3.082207622241484923, 1.020000000000000018, 4.634999999999998899 ) ) ;
#2771 = EDGE_CURVE ( 'NONE', #1351, #2760, #1032, .T. ) ;
#2772 = CARTESIAN_POINT ( 'NONE',  ( -4.102500000000000036, 0.000000000000000000, -3.574999999999999734 ) ) ;
#2773 = DIRECTION ( 'NONE',  ( 0.000000000000000000, -0.000000000000000000, 1.000000000000000000 ) ) ;
#2774 = DIRECTION ( 'NONE',  ( 1.000000000000000000, -6.914003491338339945E-17, -0.000000000000000000 ) ) ;
#2775 = ORIENTED_EDGE ( 'NONE', *, *, #630, .T. ) ;
#2776 = DIRECTION ( 'NONE',  ( 0.000000000000000000, 1.000000000000000000, 0.000000000000000000 ) ) ;
#2777 = EDGE_LOOP ( 'NONE', ( #2875, #3610, #2639, #2621, #3450, #2199 ) ) ;
#2778 = LINE ( 'NONE', #1908, #3731 ) ;
#2779 = ORIENTED_EDGE ( 'NONE', *, *, #3142, .F. ) ;
#2780 = ORIENTED_EDGE ( 'NONE', *, *, #230, .F. ) ;
#2781 = LINE ( 'NONE', #1153, #1496 ) ;
#2782 = VECTOR ( 'NONE', #140, 1000.000000000000000 ) ;
#2783 = LINE ( 'NONE', #252, #3848 ) ;
#2784 = EDGE_CURVE ( 'NONE', #77, #2536, #2584, .T. ) ;
#2785 = SURFACE_SIDE_STYLE ('',( #1600 ) ) ;
#2786 = VECTOR ( 'NONE', #1702, 1000.000000000000000 ) ;
#2787 = VECTOR ( 'NONE', #2184, 1000.000000000000000 ) ;
#2788 = EDGE_CURVE ( 'NONE', #3540, #115, #3493, .T. ) ;
#2789 = CARTESIAN_POINT ( 'NONE',  ( 4.102500000000000036, 0.000000000000000000, 4.044999999999999929 ) ) ;
#2790 = DIRECTION ( 'NONE',  ( 6.914003491338339945E-17, -1.000000000000000000, -2.426186679687843197E-16 ) ) ;
#2791 = AXIS2_PLACEMENT_3D ( 'NONE', #3665, #1181, #1803 ) ;
#2792 = EDGE_LOOP ( 'NONE', ( #1689, #3418, #2952, #1302 ) ) ;
#2793 = DIRECTION ( 'NONE',  ( -0.000000000000000000, -0.000000000000000000, -1.000000000000000000 ) ) ;
#2794 = ORIENTED_EDGE ( 'NONE', *, *, #659, .T. ) ;
#2795 = AXIS2_PLACEMENT_3D ( 'NONE', #3039, #3377, #3079 ) ;
#2796 = SURFACE_SIDE_STYLE ('',( #314 ) ) ;
#2797 = ADVANCED_FACE ( 'NONE', ( #428 ), #3599, .F. ) ;
#2798 = PRESENTATION_LAYER_ASSIGNMENT (  '', '', ( #218 ) ) ;
#2799 = LINE ( 'NONE', #3457, #1411 ) ;
#2800 = ORIENTED_EDGE ( 'NONE', *, *, #1975, .T. ) ;
#2801 = LINE ( 'NONE', #2508, #3473 ) ;
#2802 = VERTEX_POINT ( 'NONE', #3792 ) ;
#2803 = CARTESIAN_POINT ( 'NONE',  ( 4.102500000000000036, 2.927500000000064606, -4.044999999999998153 ) ) ;
#2804 = CARTESIAN_POINT ( 'NONE',  ( -4.102500000000000036, 2.462500000000064304, 4.044999999999998153 ) ) ;
#2805 = DIRECTION ( 'NONE',  ( -0.000000000000000000, 1.000000000000000000, -0.000000000000000000 ) ) ;
#2806 = VECTOR ( 'NONE', #804, 1000.000000000000000 ) ;
#2807 = DIRECTION ( 'NONE',  ( -1.000000000000000000, -0.000000000000000000, -0.000000000000000000 ) ) ;
#2808 = CARTESIAN_POINT ( 'NONE',  ( 3.637499999999999734, 2.927500000000064606, -3.047499999999999432 ) ) ;
#2809 = AXIS2_PLACEMENT_3D ( 'NONE', #3092, #1519, #239 ) ;
#2810 = DIRECTION ( 'NONE',  ( -1.000000000000000000, -0.000000000000000000, -0.000000000000000000 ) ) ;
#2811 = ORIENTED_EDGE ( 'NONE', *, *, #548, .F. ) ;
#2812 = CARTESIAN_POINT ( 'NONE',  ( -3.237499999999999822, 2.795000000000064766, -3.047499999999999432 ) ) ;
#2813 = VECTOR ( 'NONE', #464, 1000.000000000000000 ) ;
#2814 = DIRECTION ( 'NONE',  ( 0.000000000000000000, 0.000000000000000000, 1.000000000000000000 ) ) ;
#2815 = CIRCLE ( 'NONE', #1035, 0.2349999999999999589 ) ;
#2816 = ORIENTED_EDGE ( 'NONE', *, *, #2283, .F. ) ;
#2817 = CARTESIAN_POINT ( 'NONE',  ( 3.225907752082815438, 2.662500000000064482, 2.032500000000001084 ) ) ;
#2818 = EDGE_LOOP ( 'NONE', ( #2944, #1321, #3800, #1048 ) ) ;
#2819 = DIRECTION ( 'NONE',  ( 0.08682659386424446124, -0.9924325091389676334, -0.08682659386424446124 ) ) ;
#2820 = CARTESIAN_POINT ( 'NONE',  ( -3.837499999999999023, -1.734723475976807094E-15, -1.504999999999998117 ) ) ;
#2821 = EDGE_CURVE ( 'NONE', #715, #3895, #1577, .T. ) ;
#2822 = DIRECTION ( 'NONE',  ( 0.000000000000000000, -1.000000000000000000, -2.426186679687843197E-16 ) ) ;
#2823 = CARTESIAN_POINT ( 'NONE',  ( -4.102500000000000036, 2.462500000000064304, 4.572499999999999787 ) ) ;
#2824 = FACE_OUTER_BOUND ( 'NONE', #3632, .T. ) ;
#2825 = DIRECTION ( 'NONE',  ( 0.000000000000000000, -0.000000000000000000, 1.000000000000000000 ) ) ;
#2826 = CARTESIAN_POINT ( 'NONE',  ( -4.102500000000000036, 2.462500000000064304, -3.047499999999999432 ) ) ;
#2827 = VERTEX_POINT ( 'NONE', #1332 ) ;
#2828 = EDGE_CURVE ( 'NONE', #1662, #640, #3233, .T. ) ;
#2829 = ORIENTED_EDGE ( 'NONE', *, *, #497, .T. ) ;
#2830 = DIRECTION ( 'NONE',  ( 0.000000000000000000, 1.000000000000000000, -0.000000000000000000 ) ) ;
#2831 = EDGE_LOOP ( 'NONE', ( #341, #4008, #265, #3482 ) ) ;
#2832 = LINE ( 'NONE', #1847, #1143 ) ;
#2833 = ORIENTED_EDGE ( 'NONE', *, *, #2148, .F. ) ;
#2834 = ORIENTED_EDGE ( 'NONE', *, *, #2722, .T. ) ;
#2835 = ORIENTED_EDGE ( 'NONE', *, *, #768, .F. ) ;
#2836 = DIRECTION ( 'NONE',  ( -0.9961946980917458783, -0.08715574274765519602, 0.000000000000000000 ) ) ;
#2837 = LINE ( 'NONE', #1346, #3595 ) ;
#2838 = UNCERTAINTY_MEASURE_WITH_UNIT (LENGTH_MEASURE( 1.000000000000000082E-05 ), #1008, 'distance_accuracy_value', 'NONE');
#2839 = VECTOR ( 'NONE', #3446, 1000.000000000000000 ) ;
#2840 = EDGE_CURVE ( 'NONE', #2573, #3295, #64, .T. ) ;
#2841 = DIRECTION ( 'NONE',  ( 0.000000000000000000, -0.000000000000000000, 1.000000000000000000 ) ) ;
#2842 = LINE ( 'NONE', #3815, #3131 ) ;
#2843 = VECTOR ( 'NONE', #3903, 1000.000000000000000 ) ;
#2844 = PLANE ( 'NONE',  #1930 ) ;
#2845 = DIRECTION ( 'NONE',  ( 0.000000000000000000, 0.000000000000000000, -1.000000000000000000 ) ) ;
#2846 = VECTOR ( 'NONE', #119, 1000.000000000000114 ) ;
#2847 = PLANE ( 'NONE',  #1253 ) ;
#2848 = CARTESIAN_POINT ( 'NONE',  ( -4.102500000000000036, 2.462500000000064304, 2.032500000000001084 ) ) ;
#2849 = DIRECTION ( 'NONE',  ( -1.000000000000000000, 0.000000000000000000, 0.000000000000000000 ) ) ;
#2850 = AXIS2_PLACEMENT_3D ( 'NONE', #361, #723, #1296 ) ;
#2851 = LINE ( 'NONE', #989, #1426 ) ;
#2852 = AXIS2_PLACEMENT_3D ( 'NONE', #3180, #1572, #580 ) ;
#2853 = CARTESIAN_POINT ( 'NONE',  ( -3.637499999999999734, 2.662500000000064482, 0.5075000000000009504 ) ) ;
#2854 = VECTOR ( 'NONE', #1416, 1000.000000000000000 ) ;
#2855 = ORIENTED_EDGE ( 'NONE', *, *, #3845, .F. ) ;
#2856 = DIRECTION ( 'NONE',  ( 0.000000000000000000, 1.000000000000000000, -0.000000000000000000 ) ) ;
#2857 = ORIENTED_EDGE ( 'NONE', *, *, #2479, .F. ) ;
#2858 = AXIS2_PLACEMENT_3D ( 'NONE', #307, #2979, #1917 ) ;
#2859 = ORIENTED_EDGE ( 'NONE', *, *, #2575, .F. ) ;
#2860 = LINE ( 'NONE', #347, #3404 ) ;
#2861 = EDGE_CURVE ( 'NONE', #1237, #3330, #1308, .T. ) ;
#2862 = ORIENTED_EDGE ( 'NONE', *, *, #742, .T. ) ;
#2863 = CARTESIAN_POINT ( 'NONE',  ( -2.337500000000000355, 4.169999999999999929, -3.735000000000000320 ) ) ;
#2864 = CARTESIAN_POINT ( 'NONE',  ( 3.837499999999999911, 0.000000000000000000, 2.032500000000001084 ) ) ;
#2865 = EDGE_CURVE ( 'NONE', #416, #1396, #2603, .T. ) ;
#2866 = DIRECTION ( 'NONE',  ( -0.000000000000000000, -0.000000000000000000, -1.000000000000000000 ) ) ;
#2867 = DIRECTION ( 'NONE',  ( 0.000000000000000000, 1.000000000000000000, 0.000000000000000000 ) ) ;
#2868 = MECHANICAL_DESIGN_GEOMETRIC_PRESENTATION_REPRESENTATION (  '', ( #167 ), #3213 ) ;
#2869 = PLANE ( 'NONE',  #65 ) ;
#2870 = FACE_OUTER_BOUND ( 'NONE', #1288, .T. ) ;
#2871 = CARTESIAN_POINT ( 'NONE',  ( 3.225907752082815438, 2.662500000000064482, 3.047500000000000764 ) ) ;
#2872 = ADVANCED_FACE ( 'NONE', ( #3873 ), #693, .T. ) ;
#2873 = DIRECTION ( 'NONE',  ( -0.000000000000000000, -0.000000000000000000, -1.000000000000000000 ) ) ;
#2874 = VECTOR ( 'NONE', #1316, 1000.000000000000000 ) ;
#2875 = ORIENTED_EDGE ( 'NONE', *, *, #1313, .F. ) ;
#2876 = CYLINDRICAL_SURFACE ( 'NONE', #1598, 0.2349999999999999589 ) ;
#2877 = VECTOR ( 'NONE', #201, 1000.000000000000000 ) ;
#2878 = EDGE_LOOP ( 'NONE', ( #2431, #971, #131, #135 ) ) ;
#2879 = VECTOR ( 'NONE', #2061, 1000.000000000000000 ) ;
#2880 = CARTESIAN_POINT ( 'NONE',  ( -0.9000000000000000222, 4.169999999999999929, -4.479707622241487996 ) ) ;
#2881 = ORIENTED_EDGE ( 'NONE', *, *, #717, .F. ) ;
#2882 = PLANE ( 'NONE',  #2852 ) ;
#2883 = FACE_OUTER_BOUND ( 'NONE', #3947, .T. ) ;
#2884 = ORIENTED_EDGE ( 'NONE', *, *, #2460, .F. ) ;
#2885 = ADVANCED_FACE ( 'NONE', ( #3550 ), #1638, .F. ) ;
#2886 = CARTESIAN_POINT ( 'NONE',  ( 3.237499999999999822, 2.795000000000064766, -4.044999999999998153 ) ) ;
#2887 = DIRECTION ( 'NONE',  ( 0.08715574274766166307, 0.9961946980917453232, 0.000000000000000000 ) ) ;
#2888 = CARTESIAN_POINT ( 'NONE',  ( 3.637499999999999734, 2.462500000000064304, -2.032499999999999307 ) ) ;
#2889 = DIRECTION ( 'NONE',  ( -1.000000000000000000, -0.000000000000000000, -0.000000000000000000 ) ) ;
#2890 = CARTESIAN_POINT ( 'NONE',  ( 3.637499999999999734, 2.662500000000064482, -2.032499999999999307 ) ) ;
#2891 =( NAMED_UNIT ( * ) PLANE_ANGLE_UNIT ( ) SI_UNIT ( $, .RADIAN. ) );
#2892 = DIRECTION ( 'NONE',  ( 0.000000000000000000, 1.000000000000000000, -0.000000000000000000 ) ) ;
#2893 = EDGE_LOOP ( 'NONE', ( #3990, #320, #1821, #1686 ) ) ;
#2894 = CARTESIAN_POINT ( 'NONE',  ( -3.225907752082814550, 2.927500000000065050, 2.032500000000001084 ) ) ;
#2895 = ADVANCED_FACE ( 'NONE', ( #3187 ), #2905, .T. ) ;
#2896 = ORIENTED_EDGE ( 'NONE', *, *, #2379, .T. ) ;
#2897 = CARTESIAN_POINT ( 'NONE',  ( 0.000000000000000000, 4.169999999999999929, -4.514703087651853686 ) ) ;
#2898 = ORIENTED_EDGE ( 'NONE', *, *, #362, .T. ) ;
#2899 = ORIENTED_EDGE ( 'NONE', *, *, #2546, .T. ) ;
#2900 = VERTEX_POINT ( 'NONE', #2886 ) ;
#2901 = DIRECTION ( 'NONE',  ( -1.000000000000000000, -0.000000000000000000, -0.000000000000000000 ) ) ;
#2902 = ORIENTED_EDGE ( 'NONE', *, *, #1655, .T. ) ;
#2903 = VERTEX_POINT ( 'NONE', #1002 ) ;
#2904 = DIRECTION ( 'NONE',  ( 0.08715574274765519602, -0.9961946980917458783, 0.000000000000000000 ) ) ;
#2905 = PLANE ( 'NONE',  #4110 ) ;
#2906 = EDGE_CURVE ( 'NONE', #577, #726, #3468, .T. ) ;
#2907 = DIRECTION ( 'NONE',  ( -0.9961946980917458783, 0.08715574274765501561, 0.000000000000000000 ) ) ;
#2908 = DIRECTION ( 'NONE',  ( -1.000000000000000000, -0.000000000000000000, 0.000000000000000000 ) ) ;
#2909 = VECTOR ( 'NONE', #3593, 1000.000000000000000 ) ;
#2910 = CARTESIAN_POINT ( 'NONE',  ( -0.9000000000000000222, 4.570000000000000284, -4.479707622241485332 ) ) ;
#2911 = ADVANCED_FACE ( 'NONE', ( #1873 ), #629, .F. ) ;
#2912 = DIRECTION ( 'NONE',  ( 0.000000000000000000, 0.000000000000000000, 1.000000000000000000 ) ) ;
#2913 =( NAMED_UNIT ( * ) SI_UNIT ( $, .STERADIAN. ) SOLID_ANGLE_UNIT ( ) );
#2914 = CARTESIAN_POINT ( 'NONE',  ( -4.102500000000000036, -3.574999999999999734, 1.270000000000001128 ) ) ;
#2915 = EDGE_LOOP ( 'NONE', ( #1152, #319, #2702, #3763 ) ) ;
#2916 = CIRCLE ( 'NONE', #3189, 0.2349999999999999589 ) ;
#2917 = ORIENTED_EDGE ( 'NONE', *, *, #1301, .F. ) ;
#2918 = ADVANCED_FACE ( 'NONE', ( #940 ), #3141, .T. ) ;
#2919 = CARTESIAN_POINT ( 'NONE',  ( -3.637499999999999734, 0.000000000000000000, -0.5074999999999992850 ) ) ;
#2920 = DIRECTION ( 'NONE',  ( 0.000000000000000000, 1.000000000000000000, -0.000000000000000000 ) ) ;
#2921 = ORIENTED_EDGE ( 'NONE', *, *, #1719, .F. ) ;
#2922 = CLOSED_SHELL ( 'NONE', ( #2012, #897, #402, #199, #2065, #3803, #2974, #1687, #1173, #1104, #783, #963, #2642, #43, #3944 ) ) ;
#2923 = VECTOR ( 'NONE', #1003, 1000.000000000000000 ) ;
#2924 = DIRECTION ( 'NONE',  ( -1.000000000000000000, 1.053666270899885882E-15, -0.000000000000000000 ) ) ;
#2925 = ORIENTED_EDGE ( 'NONE', *, *, #70, .T. ) ;
#2926 = EDGE_CURVE ( 'NONE', #3726, #3295, #328, .T. ) ;
#2927 = CIRCLE ( 'NONE', #2791, 0.4650000000000005795 ) ;
#2928 = ORIENTED_EDGE ( 'NONE', *, *, #2745, .T. ) ;
#2929 = CARTESIAN_POINT ( 'NONE',  ( 3.225907752082815438, 2.662500000000064482, 0.5075000000000009504 ) ) ;
#2930 = ORIENTED_EDGE ( 'NONE', *, *, #160, .F. ) ;
#2931 = VECTOR ( 'NONE', #803, 999.9999999999998863 ) ;
#2932 = STYLED_ITEM ( 'NONE', ( #124 ), #737 ) ;
#2933 = CARTESIAN_POINT ( 'NONE',  ( -3.237499999999999822, 2.795000000000064766, 0.5075000000000009504 ) ) ;
#2934 = CIRCLE ( 'NONE', #938, 0.4650000000000005795 ) ;
#2935 = PRESENTATION_STYLE_ASSIGNMENT (( #3621 ) ) ;
#2936 = DIRECTION ( 'NONE',  ( -0.000000000000000000, -0.000000000000000000, -1.000000000000000000 ) ) ;
#2937 = DIRECTION ( 'NONE',  ( -0.08715574274765516827, -0.9961946980917457672, -0.000000000000000000 ) ) ;
#2938 = ORIENTED_EDGE ( 'NONE', *, *, #2425, .F. ) ;
#2939 = CYLINDRICAL_SURFACE ( 'NONE', #3724, 0.4650000000000005795 ) ;
#2940 = FACE_OUTER_BOUND ( 'NONE', #1354, .T. ) ;
#2941 = ORIENTED_EDGE ( 'NONE', *, *, #2408, .T. ) ;
#2942 = FACE_OUTER_BOUND ( 'NONE', #3095, .T. ) ;
#2943 = LINE ( 'NONE', #1384, #1215 ) ;
#2944 = ORIENTED_EDGE ( 'NONE', *, *, #1178, .F. ) ;
#2945 = EDGE_CURVE ( 'NONE', #2019, #2827, #2229, .T. ) ;
#2946 = PLANE ( 'NONE',  #2341 ) ;
#2947 = DIRECTION ( 'NONE',  ( 0.000000000000000000, 0.000000000000000000, -1.000000000000000000 ) ) ;
#2948 = VERTEX_POINT ( 'NONE', #1620 ) ;
#2949 = FACE_OUTER_BOUND ( 'NONE', #1830, .T. ) ;
#2950 = CIRCLE ( 'NONE', #888, 0.4650000000000005795 ) ;
#2951 = ORIENTED_EDGE ( 'NONE', *, *, #1890, .T. ) ;
#2952 = ORIENTED_EDGE ( 'NONE', *, *, #3512, .T. ) ;
#2953 = LINE ( 'NONE', #3589, #1766 ) ;
#2954 = AXIS2_PLACEMENT_3D ( 'NONE', #918, #2753, #1159 ) ;
#2955 = VECTOR ( 'NONE', #927, 1000.000000000000000 ) ;
#2956 = VERTEX_POINT ( 'NONE', #1556 ) ;
#2957 = DIRECTION ( 'NONE',  ( -0.08715574274765516827, 0.9961946980917457672, 0.000000000000000000 ) ) ;
#2958 = ORIENTED_EDGE ( 'NONE', *, *, #4014, .F. ) ;
#2959 = LINE ( 'NONE', #3657, #1902 ) ;
#2960 = EDGE_CURVE ( 'NONE', #2224, #151, #42, .T. ) ;
#2961 = DIRECTION ( 'NONE',  ( 1.000000000000000000, 6.914003491338339945E-17, -0.000000000000000000 ) ) ;
#2962 = VECTOR ( 'NONE', #3300, 1000.000000000000000 ) ;
#2963 = DIRECTION ( 'NONE',  ( -0.000000000000000000, -0.000000000000000000, -1.000000000000000000 ) ) ;
#2964 = DIRECTION ( 'NONE',  ( 0.000000000000000000, -0.000000000000000000, 1.000000000000000000 ) ) ;
#2965 = ORIENTED_EDGE ( 'NONE', *, *, #3886, .F. ) ;
#2966 = DIRECTION ( 'NONE',  ( 0.08715574274766166307, 0.9961946980917453232, 0.000000000000000000 ) ) ;
#2967 = DIRECTION ( 'NONE',  ( -1.000000000000000000, -0.000000000000000000, -0.000000000000000000 ) ) ;
#2968 = LINE ( 'NONE', #405, #769 ) ;
#2969 = ORIENTED_EDGE ( 'NONE', *, *, #1663, .F. ) ;
#2970 = DIRECTION ( 'NONE',  ( 6.914003491338339945E-17, 1.000000000000000000, 0.000000000000000000 ) ) ;
#2971 = LINE ( 'NONE', #3972, #1135 ) ;
#2972 = ORIENTED_EDGE ( 'NONE', *, *, #2050, .F. ) ;
#2973 = DIRECTION ( 'NONE',  ( 0.000000000000000000, 1.000000000000000000, -1.213093339843921105E-16 ) ) ;
#2974 = ADVANCED_FACE ( 'NONE', ( #1245 ), #2516, .F. ) ;
#2975 = ORIENTED_EDGE ( 'NONE', *, *, #581, .F. ) ;
#2976 = VERTEX_POINT ( 'NONE', #2540 ) ;
#2977 = DIRECTION ( 'NONE',  ( -0.9961946980917458783, -0.08715574274765519602, 0.000000000000000000 ) ) ;
#2978 = ORIENTED_EDGE ( 'NONE', *, *, #797, .F. ) ;
#2979 = DIRECTION ( 'NONE',  ( -0.000000000000000000, 0.000000000000000000, -1.000000000000000000 ) ) ;
#2980 = ORIENTED_EDGE ( 'NONE', *, *, #1975, .F. ) ;
#2981 = VERTEX_POINT ( 'NONE', #332 ) ;
#2982 = FACE_OUTER_BOUND ( 'NONE', #1915, .T. ) ;
#2983 = ADVANCED_FACE ( 'NONE', ( #900 ), #2844, .T. ) ;
#2984 = DIRECTION ( 'NONE',  ( 0.08715574274766166307, -0.9961946980917453232, -0.000000000000000000 ) ) ;
#2985 = CARTESIAN_POINT ( 'NONE',  ( 4.102500000000000036, 0.000000000000000000, -3.574999999999999734 ) ) ;
#2986 = CARTESIAN_POINT ( 'NONE',  ( 4.102500000000000036, -3.575000000000000178, 3.575000000000001066 ) ) ;
#2987 = EDGE_CURVE ( 'NONE', #2956, #1705, #2, .T. ) ;
#2988 = ORIENTED_EDGE ( 'NONE', *, *, #1413, .F. ) ;
#2989 = ORIENTED_EDGE ( 'NONE', *, *, #2906, .F. ) ;
#2990 = DIRECTION ( 'NONE',  ( 0.000000000000000000, 0.000000000000000000, 1.000000000000000000 ) ) ;
#2991 = EDGE_LOOP ( 'NONE', ( #2335, #1682, #366, #1865 ) ) ;
#2993 = PLANE ( 'NONE',  #3935 ) ;
#2992 = AXIS2_PLACEMENT_3D ( 'NONE', #412, #4089, #914 ) ;
#2994 = LINE ( 'NONE', #3954, #2786 ) ;
#2995 = VERTEX_POINT ( 'NONE', #2500 ) ;
#2996 = CARTESIAN_POINT ( 'NONE',  ( 3.837499999999999911, -1.734723475976807094E-15, 4.572499999999999787 ) ) ;
#2997 = ORIENTED_EDGE ( 'NONE', *, *, #2749, .F. ) ;
#2998 = AXIS2_PLACEMENT_3D ( 'NONE', #4039, #555, #1800 ) ;
#2999 = VERTEX_POINT ( 'NONE', #3773 ) ;
#3000 = DIRECTION ( 'NONE',  ( 0.000000000000000000, 0.000000000000000000, 1.000000000000000000 ) ) ;
#3001 = VECTOR ( 'NONE', #3486, 1000.000000000000000 ) ;
#3002 = ORIENTED_EDGE ( 'NONE', *, *, #875, .T. ) ;
#3003 = FACE_OUTER_BOUND ( 'NONE', #2991, .T. ) ;
#3004 = AXIS2_PLACEMENT_3D ( 'NONE', #1006, #1314, #1609 ) ;
#3005 = CARTESIAN_POINT ( 'NONE',  ( 3.637499999999999734, 2.927500000000064606, 0.5075000000000009504 ) ) ;
#3006 = EDGE_CURVE ( 'NONE', #1956, #2578, #612, .T. ) ;
#3007 = VECTOR ( 'NONE', #1510, 1000.000000000000000 ) ;
#3008 = SURFACE_SIDE_STYLE ('',( #1379 ) ) ;
#3009 = ADVANCED_FACE ( 'NONE', ( #2824 ), #917, .F. ) ;
#3010 = DIRECTION ( 'NONE',  ( 0.000000000000000000, -1.000000000000000000, 1.213093339843921105E-16 ) ) ;
#3011 = DIRECTION ( 'NONE',  ( 1.000000000000000000, 0.000000000000000000, 0.000000000000000000 ) ) ;
#3012 = AXIS2_PLACEMENT_3D ( 'NONE', #1056, #2276, #2549 ) ;
#3013 = DIRECTION ( 'NONE',  ( 0.9961946980917453232, 0.08715574274766166307, -0.000000000000000000 ) ) ;
#3014 = EDGE_CURVE ( 'NONE', #1452, #3038, #2476, .T. ) ;
#3015 = DIRECTION ( 'NONE',  ( -1.000000000000000000, 0.000000000000000000, 0.000000000000000000 ) ) ;
#3016 = EDGE_CURVE ( 'NONE', #2023, #3975, #3470, .T. ) ;
#3017 = VERTEX_POINT ( 'NONE', #3145 ) ;
#3018 = DIRECTION ( 'NONE',  ( 0.08715574274766166307, 0.9961946980917453232, 0.000000000000000000 ) ) ;
#3019 = ORIENTED_EDGE ( 'NONE', *, *, #1226, .F. ) ;
#3020 = COLOUR_RGB ( '',0.7921568627450980005, 0.8196078431372548767, 0.9333333333333333481 ) ;
#3021 = DIRECTION ( 'NONE',  ( 0.000000000000000000, 0.000000000000000000, 1.000000000000000000 ) ) ;
#3022 = EDGE_CURVE ( 'NONE', #906, #2903, #1558, .T. ) ;
#3023 = VECTOR ( 'NONE', #749, 1000.000000000000000 ) ;
#3024 = ORIENTED_EDGE ( 'NONE', *, *, #3068, .F. ) ;
#3025 = FACE_OUTER_BOUND ( 'NONE', #386, .T. ) ;
#3026 = AXIS2_PLACEMENT_3D ( 'NONE', #3906, #2676, #146 ) ;
#3027 = ORIENTED_EDGE ( 'NONE', *, *, #315, .T. ) ;
#3028 = CARTESIAN_POINT ( 'NONE',  ( -3.637499999999999734, 2.927500000000064606, 3.047500000000000764 ) ) ;
#3029 = VECTOR ( 'NONE', #850, 1000.000000000000000 ) ;
#3030 = CARTESIAN_POINT ( 'NONE',  ( 3.837500000000000355, -3.809999999999999165, -0.5074999999999992850 ) ) ;
#3031 = EDGE_CURVE ( 'NONE', #3564, #3580, #3509, .T. ) ;
#3032 = DIRECTION ( 'NONE',  ( 0.000000000000000000, 0.000000000000000000, 1.000000000000000000 ) ) ;
#3033 = DIRECTION ( 'NONE',  ( 0.000000000000000000, 0.000000000000000000, 1.000000000000000000 ) ) ;
#3034 = VERTEX_POINT ( 'NONE', #4092 ) ;
#3035 = VECTOR ( 'NONE', #3383, 1000.000000000000000 ) ;
#3036 = EDGE_CURVE ( 'NONE', #561, #502, #1247, .T. ) ;
#3037 = CARTESIAN_POINT ( 'NONE',  ( -3.837499999999999023, 0.000000000000000000, -0.5074999999999992850 ) ) ;
#3038 = VERTEX_POINT ( 'NONE', #3755 ) ;
#3039 = CARTESIAN_POINT ( 'NONE',  ( 0.000000000000000000, 4.570000000000000284, 4.479707622241483556 ) ) ;
#3040 = ORIENTED_EDGE ( 'NONE', *, *, #3064, .F. ) ;
#3041 = ADVANCED_FACE ( 'NONE', ( #3835 ), #3123, .F. ) ;
#3042 = DIRECTION ( 'NONE',  ( 0.000000000000000000, -2.426186679687843197E-16, 1.000000000000000000 ) ) ;
#3043 = ORIENTED_EDGE ( 'NONE', *, *, #2086, .F. ) ;
#3044 = FACE_OUTER_BOUND ( 'NONE', #1656, .T. ) ;
#3045 = VERTEX_POINT ( 'NONE', #1623 ) ;
#3046 = DIRECTION ( 'NONE',  ( -1.000000000000000000, -0.000000000000000000, -0.000000000000000000 ) ) ;
#3047 = CARTESIAN_POINT ( 'NONE',  ( 4.102500000000000036, -3.575000000000000178, -1.034999999999999032 ) ) ;
#3048 = DIRECTION ( 'NONE',  ( 0.000000000000000000, 0.000000000000000000, 1.000000000000000000 ) ) ;
#3049 = CARTESIAN_POINT ( 'NONE',  ( 0.9000000000000000222, 4.570000000000000284, -4.479707622241487996 ) ) ;
#3050 = LINE ( 'NONE', #3076, #833 ) ;
#3051 = EDGE_LOOP ( 'NONE', ( #2736, #3960, #287, #1996, #3096 ) ) ;
#3052 = VERTEX_POINT ( 'NONE', #275 ) ;
#3053 = EDGE_CURVE ( 'NONE', #1956, #1343, #3191, .T. ) ;
#3054 = LINE ( 'NONE', #3648, #3922 ) ;
#3055 = ORIENTED_EDGE ( 'NONE', *, *, #3053, .T. ) ;
#3056 = LINE ( 'NONE', #3331, #2854 ) ;
#3057 = ORIENTED_EDGE ( 'NONE', *, *, #4053, .F. ) ;
#3058 = EDGE_CURVE ( 'NONE', #122, #2683, #1536, .T. ) ;
#3059 = CIRCLE ( 'NONE', #525, 0.4000000000000001887 ) ;
#3060 = DIRECTION ( 'NONE',  ( 0.000000000000000000, 1.000000000000000000, 0.000000000000000000 ) ) ;
#3061 = ORIENTED_EDGE ( 'NONE', *, *, #812, .T. ) ;
#3062 = VECTOR ( 'NONE', #2607, 1000.000000000000114 ) ;
#3063 = CARTESIAN_POINT ( 'NONE',  ( 3.637499999999999734, 2.462500000000064304, -4.044999999999998153 ) ) ;
#3064 = EDGE_CURVE ( 'NONE', #3656, #413, #3490, .T. ) ;
#3065 = CIRCLE ( 'NONE', #807, 0.2000000000000000944 ) ;
#3066 = LINE ( 'NONE', #2472, #492 ) ;
#3067 = DIRECTION ( 'NONE',  ( -0.000000000000000000, 0.000000000000000000, -1.000000000000000000 ) ) ;
#3068 = EDGE_CURVE ( 'NONE', #3805, #354, #1579, .T. ) ;
#3069 = AXIS2_PLACEMENT_3D ( 'NONE', #1943, #3796, #653 ) ;
#3070 = CARTESIAN_POINT ( 'NONE',  ( -3.837499999999999911, 2.462500000000064304, -3.047499999999999432 ) ) ;
#3071 = CARTESIAN_POINT ( 'NONE',  ( 0.000000000000000000, 0.000000000000000000, 0.000000000000000000 ) ) ;
#3072 = VECTOR ( 'NONE', #2924, 1000.000000000000000 ) ;
#3073 = EDGE_CURVE ( 'NONE', #3885, #1999, #23, .T. ) ;
#3074 = COLOUR_RGB ( '',0.7921568627450980005, 0.8196078431372548767, 0.9333333333333333481 ) ;
#3075 = CARTESIAN_POINT ( 'NONE',  ( 0.9000000000000000222, 4.169999999999999929, -4.790292377758513354 ) ) ;
#3076 = CARTESIAN_POINT ( 'NONE',  ( -4.102500000000000036, 2.462500000000064304, -3.047499999999999432 ) ) ;
#3077 = DIRECTION ( 'NONE',  ( 0.08715574274766166307, 0.9961946980917453232, 0.000000000000000000 ) ) ;
#3078 = ORIENTED_EDGE ( 'NONE', *, *, #304, .F. ) ;
#3079 = DIRECTION ( 'NONE',  ( -1.000000000000000000, 0.000000000000000000, 0.000000000000000000 ) ) ;
#3080 = VERTEX_POINT ( 'NONE', #2563 ) ;
#3081 = ADVANCED_FACE ( 'NONE', ( #3530 ), #3210, .F. ) ;
#3082 = CARTESIAN_POINT ( 'NONE',  ( -3.837499999999999023, -3.575000000000000178, 4.045000000000000817 ) ) ;
#3083 = ORIENTED_EDGE ( 'NONE', *, *, #714, .T. ) ;
#3084 = CARTESIAN_POINT ( 'NONE',  ( 3.237499999999999822, 2.795000000000064766, 4.572499999999999787 ) ) ;
#3085 = DIRECTION ( 'NONE',  ( 0.08715574274766166307, -0.9961946980917453232, -0.000000000000000000 ) ) ;
#3086 = LINE ( 'NONE', #2456, #2185 ) ;
#3087 = VECTOR ( 'NONE', #1619, 1000.000000000000000 ) ;
#3088 = PLANE ( 'NONE',  #2004 ) ;
#3089 = ADVANCED_FACE ( 'NONE', ( #3874 ), #743, .F. ) ;
#3090 = CIRCLE ( 'NONE', #4019, 0.2000000000000000944 ) ;
#3091 = CARTESIAN_POINT ( 'NONE',  ( -4.102500000000000036, 2.462500000000064304, 4.572499999999999787 ) ) ;
#3092 = CARTESIAN_POINT ( 'NONE',  ( 4.102500000000000036, -1.734723475976807094E-15, 0.5075000000000018385 ) ) ;
#3093 = CARTESIAN_POINT ( 'NONE',  ( 4.102500000000000036, -3.575000000000000178, -3.574999999999999289 ) ) ;
#3094 = DIRECTION ( 'NONE',  ( -0.000000000000000000, 1.000000000000000000, 0.000000000000000000 ) ) ;
#3095 = EDGE_LOOP ( 'NONE', ( #3019, #763, #4048, #2376, #756, #4084 ) ) ;
#3096 = ORIENTED_EDGE ( 'NONE', *, *, #449, .F. ) ;
#3097 = CARTESIAN_POINT ( 'NONE',  ( -3.637499999999999734, 2.462500000000064304, 4.572499999999999787 ) ) ;
#3098 = ADVANCED_FACE ( 'NONE', ( #2051 ), #3645, .T. ) ;
#3099 = ORIENTED_EDGE ( 'NONE', *, *, #1516, .F. ) ;
#3100 = LINE ( 'NONE', #1258, #3007 ) ;
#3101 = VERTEX_POINT ( 'NONE', #3851 ) ;
#3102 = CARTESIAN_POINT ( 'NONE',  ( 3.237499999999999822, 2.795000000000064766, -4.044999999999998153 ) ) ;
#3103 = DIRECTION ( 'NONE',  ( -0.08682659386424441961, 0.9924325091389676334, 0.08682659386424441961 ) ) ;
#3104 = VECTOR ( 'NONE', #2293, 1000.000000000000000 ) ;
#3105 = SHAPE_DEFINITION_REPRESENTATION ( #73, #3242 ) ;
#3106 = EDGE_CURVE ( 'NONE', #2330, #3034, #1333, .T. ) ;
#3107 = EDGE_CURVE ( 'NONE', #3688, #995, #3900, .T. ) ;
#3108 = LINE ( 'NONE', #2789, #1028 ) ;
#3109 = CARTESIAN_POINT ( 'NONE',  ( 3.837500000000000355, -3.809999999999998721, -1.504999999999999005 ) ) ;
#3110 = DIRECTION ( 'NONE',  ( -0.000000000000000000, -0.000000000000000000, -1.000000000000000000 ) ) ;
#3111 = ORIENTED_EDGE ( 'NONE', *, *, #2403, .F. ) ;
#3112 = DIRECTION ( 'NONE',  ( -0.08715574274765516827, -0.9961946980917457672, -0.000000000000000000 ) ) ;
#3113 = ORIENTED_EDGE ( 'NONE', *, *, #2698, .F. ) ;
#3114 = CARTESIAN_POINT ( 'NONE',  ( 3.837499999999999911, 2.462500000000064304, -3.047499999999999432 ) ) ;
#3115 = ORIENTED_EDGE ( 'NONE', *, *, #4, .F. ) ;
#3116 = DIRECTION ( 'NONE',  ( -0.000000000000000000, -0.000000000000000000, -1.000000000000000000 ) ) ;
#3117 = VECTOR ( 'NONE', #196, 1000.000000000000000 ) ;
#3118 = CARTESIAN_POINT ( 'NONE',  ( 3.837500000000000355, -3.809999999999999165, 4.045000000000000817 ) ) ;
#3119 = VECTOR ( 'NONE', #1746, 1000.000000000000000 ) ;
#3120 = EDGE_CURVE ( 'NONE', #553, #2305, #3280, .T. ) ;
#3121 = VECTOR ( 'NONE', #2748, 1000.000000000000000 ) ;
#3122 = ADVANCED_FACE ( 'NONE', ( #93 ), #788, .T. ) ;
#3123 = CYLINDRICAL_SURFACE ( 'NONE', #3069, 0.8999999999999998002 ) ;
#3124 = CARTESIAN_POINT ( 'NONE',  ( -4.102500000000000036, -3.574999999999999734, -3.809999999999999165 ) ) ;
#3125 = FACE_OUTER_BOUND ( 'NONE', #1570, .T. ) ;
#3126 = ORIENTED_EDGE ( 'NONE', *, *, #3036, .T. ) ;
#3127 = VECTOR ( 'NONE', #2517, 999.9999999999998863 ) ;
#3128 = PLANE ( 'NONE',  #1336 ) ;
#3129 = DIRECTION ( 'NONE',  ( -0.000000000000000000, 0.000000000000000000, -1.000000000000000000 ) ) ;
#3130 = VERTEX_POINT ( 'NONE', #2604 ) ;
#3131 = VECTOR ( 'NONE', #959, 1000.000000000000000 ) ;
#3132 = CARTESIAN_POINT ( 'NONE',  ( 3.082207622241484923, 4.570000000000000284, -4.479707622241485332 ) ) ;
#3133 = ADVANCED_FACE ( 'NONE', ( #2367 ), #451, .F. ) ;
#3134 = ORIENTED_EDGE ( 'NONE', *, *, #3591, .T. ) ;
#3135 = LINE ( 'NONE', #3114, #1001 ) ;
#3136 = ORIENTED_EDGE ( 'NONE', *, *, #4102, .T. ) ;
#3137 = VERTEX_POINT ( 'NONE', #1694 ) ;
#3138 = PLANE ( 'NONE',  #3932 ) ;
#3139 = EDGE_CURVE ( 'NONE', #3045, #122, #141, .T. ) ;
#3140 = DIRECTION ( 'NONE',  ( 0.000000000000000000, 0.000000000000000000, -1.000000000000000000 ) ) ;
#3141 = PLANE ( 'NONE',  #1257 ) ;
#3142 = EDGE_CURVE ( 'NONE', #640, #3805, #3927, .T. ) ;
#3143 = AXIS2_PLACEMENT_3D ( 'NONE', #1562, #639, #1276 ) ;
#3144 = ORIENTED_EDGE ( 'NONE', *, *, #1959, .T. ) ;
#3145 = CARTESIAN_POINT ( 'NONE',  ( -3.637499999999999734, 2.927500000000064606, -2.032499999999999307 ) ) ;
#3146 = DIRECTION ( 'NONE',  ( 1.000000000000000000, 0.000000000000000000, 0.000000000000000000 ) ) ;
#3147 = VECTOR ( 'NONE', #3373, 1000.000000000000000 ) ;
#3148 = CARTESIAN_POINT ( 'NONE',  ( 4.102500000000000036, -3.575000000000000178, 4.045000000000000817 ) ) ;
#3149 = EDGE_LOOP ( 'NONE', ( #3759, #476, #904, #1973 ) ) ;
#3150 = DIRECTION ( 'NONE',  ( -1.000000000000000000, -6.914003491338339945E-17, 0.000000000000000000 ) ) ;
#3151 = AXIS2_PLACEMENT_3D ( 'NONE', #3914, #3616, #1352 ) ;
#3152 = DIRECTION ( 'NONE',  ( -0.000000000000000000, -0.000000000000000000, -1.000000000000000000 ) ) ;
#3153 = EDGE_CURVE ( 'NONE', #2827, #14, #2317, .T. ) ;
#3154 = ORIENTED_EDGE ( 'NONE', *, *, #1244, .T. ) ;
#3155 = LINE ( 'NONE', #1238, #2730 ) ;
#3156 = ORIENTED_EDGE ( 'NONE', *, *, #550, .T. ) ;
#3157 = ORIENTED_EDGE ( 'NONE', *, *, #934, .F. ) ;
#3158 = ADVANCED_FACE ( 'NONE', ( #1402 ), #2581, .F. ) ;
#3159 = DIRECTION ( 'NONE',  ( 0.000000000000000000, 0.000000000000000000, 1.000000000000000000 ) ) ;
#3160 = PLANE ( 'NONE',  #2661 ) ;
#3161 = PRESENTATION_STYLE_ASSIGNMENT (( #1514 ) ) ;
#3162 = AXIS2_PLACEMENT_3D ( 'NONE', #2362, #394, #2904 ) ;
#3163 = CARTESIAN_POINT ( 'NONE',  ( -3.637499999999999734, 2.462500000000064304, -0.5074999999999992850 ) ) ;
#3164 = CARTESIAN_POINT ( 'NONE',  ( 3.837500000000000355, -3.574999999999999734, 1.270000000000001128 ) ) ;
#3165 = ORIENTED_EDGE ( 'NONE', *, *, #1899, .T. ) ;
#3166 = CARTESIAN_POINT ( 'NONE',  ( 4.102500000000000036, -1.734723475976807094E-15, 1.035000000000002141 ) ) ;
#3167 = DIRECTION ( 'NONE',  ( 1.000000000000000000, 0.000000000000000000, 0.000000000000000000 ) ) ;
#3168 = LINE ( 'NONE', #3838, #597 ) ;
#3169 = LINE ( 'NONE', #242, #2337 ) ;
#3170 = CARTESIAN_POINT ( 'NONE',  ( -2.337500000000000355, 4.570000000000000284, -3.735000000000000320 ) ) ;
#3171 = ORIENTED_EDGE ( 'NONE', *, *, #1871, .F. ) ;
#3172 = EDGE_CURVE ( 'NONE', #1888, #3179, #1077, .T. ) ;
#3173 = CARTESIAN_POINT ( 'NONE',  ( 3.837499999999999911, 2.462500000000064304, 3.047500000000000764 ) ) ;
#3174 = VERTEX_POINT ( 'NONE', #2629 ) ;
#3175 = DIRECTION ( 'NONE',  ( -6.914003491338339945E-17, -1.000000000000000000, 1.213093339843921105E-16 ) ) ;
#3176 = EDGE_CURVE ( 'NONE', #640, #2762, #3321, .T. ) ;
#3177 = ORIENTED_EDGE ( 'NONE', *, *, #3682, .T. ) ;
#3178 = ORIENTED_EDGE ( 'NONE', *, *, #858, .F. ) ;
#3179 = VERTEX_POINT ( 'NONE', #1380 ) ;
#3180 = CARTESIAN_POINT ( 'NONE',  ( 4.102500000000000036, -1.734723475976807094E-15, -2.032499999999998419 ) ) ;
#3181 = EDGE_CURVE ( 'NONE', #1066, #3315, #3945, .T. ) ;
#3182 = UNCERTAINTY_MEASURE_WITH_UNIT (LENGTH_MEASURE( 1.000000000000000082E-05 ), #941, 'distance_accuracy_value', 'NONE');
#3183 = CARTESIAN_POINT ( 'NONE',  ( 4.102500000000000036, 2.462500000000064304, 3.047500000000000764 ) ) ;
#3184 = VERTEX_POINT ( 'NONE', #766 ) ;
#3185 = VECTOR ( 'NONE', #3140, 1000.000000000000000 ) ;
#3186 = EDGE_CURVE ( 'NONE', #1785, #13, #3469, .T. ) ;
#3187 = FACE_OUTER_BOUND ( 'NONE', #2021, .T. ) ;
#3188 = CARTESIAN_POINT ( 'NONE',  ( 3.225907752082814550, 2.927500000000065050, -2.032499999999999307 ) ) ;
#3189 = AXIS2_PLACEMENT_3D ( 'NONE', #1179, #2502, #2170 ) ;
#3190 = ORIENTED_EDGE ( 'NONE', *, *, #1576, .T. ) ;
#3191 = LINE ( 'NONE', #2250, #69 ) ;
#3192 = CARTESIAN_POINT ( 'NONE',  ( 3.225907752082815438, 2.662500000000064482, 0.5075000000000009504 ) ) ;
#3193 = ORIENTED_EDGE ( 'NONE', *, *, #2204, .F. ) ;
#3194 = VECTOR ( 'NONE', #352, 1000.000000000000114 ) ;
#3195 = LINE ( 'NONE', #2910, #738 ) ;
#3196 = CARTESIAN_POINT ( 'NONE',  ( 3.225907752082814550, 2.927500000000065050, 3.047500000000000764 ) ) ;
#3197 = DIRECTION ( 'NONE',  ( -1.000000000000000000, -0.000000000000000000, -0.000000000000000000 ) ) ;
#3198 = LINE ( 'NONE', #2812, #2874 ) ;
#3199 = CARTESIAN_POINT ( 'NONE',  ( -3.637499999999999734, 2.927500000000064606, -3.047499999999999432 ) ) ;
#3200 = AXIS2_PLACEMENT_3D ( 'NONE', #3202, #367, #1372 ) ;
#3201 = VERTEX_POINT ( 'NONE', #695 ) ;
#3202 = CARTESIAN_POINT ( 'NONE',  ( 3.237499999999999822, 2.795000000000064766, -3.047499999999999432 ) ) ;
#3203 = ADVANCED_FACE ( 'NONE', ( #1964 ), #2768, .T. ) ;
#3204 = COLOUR_RGB ( '',0.7921568627450980005, 0.8196078431372548767, 0.9333333333333333481 ) ;
#3205 = EDGE_LOOP ( 'NONE', ( #2816, #3671, #2682, #2620 ) ) ;
#3206 = DIRECTION ( 'NONE',  ( -1.000000000000000000, 0.000000000000000000, 0.000000000000000000 ) ) ;
#3207 = CARTESIAN_POINT ( 'NONE',  ( -3.225907752082814550, 2.927500000000065050, -0.5074999999999992850 ) ) ;
#3208 = ORIENTED_EDGE ( 'NONE', *, *, #1481, .T. ) ;
#3209 = CARTESIAN_POINT ( 'NONE',  ( -3.637499999999999734, 2.662500000000064482, 2.032500000000001084 ) ) ;
#3210 = PLANE ( 'NONE',  #1262 ) ;
#3211 = CARTESIAN_POINT ( 'NONE',  ( -3.837500000000000355, -3.809999999999999165, 1.505000000000001226 ) ) ;
#3212 = EDGE_CURVE ( 'NONE', #3310, #682, #2729, .T. ) ;
#3213 =( GEOMETRIC_REPRESENTATION_CONTEXT ( 3 ) GLOBAL_UNCERTAINTY_ASSIGNED_CONTEXT ( ( #235 ) ) GLOBAL_UNIT_ASSIGNED_CONTEXT ( ( #1629, #3516, #681 ) ) REPRESENTATION_CONTEXT ( 'NONE', 'WORKASPACE' ) );
#3214 = LINE ( 'NONE', #699, #2458 ) ;
#3215 = LINE ( 'NONE', #2254, #1740 ) ;
#3216 = AXIS2_PLACEMENT_3D ( 'NONE', #2765, #2707, #1936 ) ;
#3217 = CARTESIAN_POINT ( 'NONE',  ( -2.337500000000000355, 4.570000000000000284, -3.735000000000000320 ) ) ;
#3218 = VECTOR ( 'NONE', #526, 1000.000000000000000 ) ;
#3219 = VECTOR ( 'NONE', #247, 999.9999999999998863 ) ;
#3220 = ORIENTED_EDGE ( 'NONE', *, *, #2906, .T. ) ;
#3221 = CARTESIAN_POINT ( 'NONE',  ( 4.102500000000000036, 2.927500000000064606, 4.044999999999998153 ) ) ;
#3222 = VECTOR ( 'NONE', #944, 999.9999999999998863 ) ;
#3223 = VERTEX_POINT ( 'NONE', #1190 ) ;
#3224 = VECTOR ( 'NONE', #3964, 1000.000000000000000 ) ;
#3225 = DIRECTION ( 'NONE',  ( 1.053666270899885882E-15, -1.000000000000000000, 0.000000000000000000 ) ) ;
#3226 = EDGE_LOOP ( 'NONE', ( #1595, #1955, #3825, #3615, #3002, #2432, #790, #3208, #2759 ) ) ;
#3227 = ORIENTED_EDGE ( 'NONE', *, *, #2828, .T. ) ;
#3228 = FACE_OUTER_BOUND ( 'NONE', #2878, .T. ) ;
#3229 = EDGE_CURVE ( 'NONE', #1251, #54, #3698, .T. ) ;
#3230 = EDGE_LOOP ( 'NONE', ( #1307, #2135, #2386, #2044 ) ) ;
#3231 = ORIENTED_EDGE ( 'NONE', *, *, #2180, .F. ) ;
#3232 = EDGE_CURVE ( 'NONE', #3034, #1371, #745, .T. ) ;
#3233 = LINE ( 'NONE', #1963, #2070 ) ;
#3234 = DIRECTION ( 'NONE',  ( 1.053666270899885882E-15, -1.000000000000000000, 0.000000000000000000 ) ) ;
#3235 = DIRECTION ( 'NONE',  ( 0.08715574274766166307, 0.9961946980917453232, -0.000000000000000000 ) ) ;
#3236 = ADVANCED_FACE ( 'NONE', ( #2123 ), #3088, .F. ) ;
#3237 = CARTESIAN_POINT ( 'NONE',  ( 3.637499999999999734, 2.462500000000064304, 4.572499999999999787 ) ) ;
#3238 = DIRECTION ( 'NONE',  ( -0.000000000000000000, -0.000000000000000000, -1.000000000000000000 ) ) ;
#3239 = CARTESIAN_POINT ( 'NONE',  ( 4.102500000000000036, 0.000000000000000000, -3.047499999999999432 ) ) ;
#3240 = CARTESIAN_POINT ( 'NONE',  ( 3.637499999999999734, 2.662500000000064482, 0.5075000000000009504 ) ) ;
#3241 = EDGE_LOOP ( 'NONE', ( #1684, #2437, #3590, #2084, #2951, #2016 ) ) ;
#3242 = ADVANCED_BREP_SHAPE_REPRESENTATION ( 'BQ2002GPN', ( #3434, #3453, #706, #2014, #684, #3349, #635, #737, #3407, #588, #2025 ), #2211 ) ;
#3243 = ORIENTED_EDGE ( 'NONE', *, *, #607, .T. ) ;
#3244 = CARTESIAN_POINT ( 'NONE',  ( -4.102500000000000036, 2.462500000000064304, -0.5074999999999992850 ) ) ;
#3245 = CARTESIAN_POINT ( 'NONE',  ( -3.837499999999999911, 2.462500000000064304, 3.047500000000000764 ) ) ;
#3246 = ORIENTED_EDGE ( 'NONE', *, *, #2987, .F. ) ;
#3247 = CYLINDRICAL_SURFACE ( 'NONE', #1864, 0.2000000000000000944 ) ;
#3248 = ORIENTED_EDGE ( 'NONE', *, *, #667, .T. ) ;
#3249 = CARTESIAN_POINT ( 'NONE',  ( 4.102500000000000036, -3.575000000000000178, 1.505000000000001226 ) ) ;
#3250 = ORIENTED_EDGE ( 'NONE', *, *, #2722, .F. ) ;
#3251 = LINE ( 'NONE', #116, #1836 ) ;
#3252 = LINE ( 'NONE', #765, #2909 ) ;
#3253 = EDGE_CURVE ( 'NONE', #2002, #1804, #1816, .T. ) ;
#3254 = CARTESIAN_POINT ( 'NONE',  ( 3.637499999999999734, 2.462500000000064304, -3.047499999999999432 ) ) ;
#3255 = CARTESIAN_POINT ( 'NONE',  ( -0.9000000000000000222, 4.169999999999999929, -4.514703087651853686 ) ) ;
#3256 = VECTOR ( 'NONE', #2316, 1000.000000000000000 ) ;
#3257 = FACE_OUTER_BOUND ( 'NONE', #2576, .T. ) ;
#3258 = FACE_OUTER_BOUND ( 'NONE', #1557, .T. ) ;
#3259 = CARTESIAN_POINT ( 'NONE',  ( -3.637499999999999734, 2.662500000000064482, -3.047499999999999432 ) ) ;
#3260 = VECTOR ( 'NONE', #2253, 1000.000000000000000 ) ;
#3261 = VERTEX_POINT ( 'NONE', #1118 ) ;
#3262 = DIRECTION ( 'NONE',  ( -0.000000000000000000, 1.000000000000000000, 0.000000000000000000 ) ) ;
#3263 = LINE ( 'NONE', #1062, #3185 ) ;
#3264 = ORIENTED_EDGE ( 'NONE', *, *, #759, .F. ) ;
#3265 = CLOSED_SHELL ( 'NONE', ( #422, #3041, #1625, #3780, #518, #3098, #3122, #3696, #3601, #1568, #2326, #3786, #1533, #1114, #3009, #2918, #168, #2895 ) ) ;
#3266 = CIRCLE ( 'NONE', #1466, 0.2000000000000000944 ) ;
#3267 = CYLINDRICAL_SURFACE ( 'NONE', #1331, 0.4000000000000001887 ) ;
#3268 = ORIENTED_EDGE ( 'NONE', *, *, #311, .T. ) ;
#3269 = VERTEX_POINT ( 'NONE', #4022 ) ;
#3270 = EDGE_CURVE ( 'NONE', #1371, #2762, #3984, .T. ) ;
#3271 = CIRCLE ( 'NONE', #3408, 0.2000000000000000944 ) ;
#3272 = ORIENTED_EDGE ( 'NONE', *, *, #1937, .F. ) ;
#3273 = FACE_OUTER_BOUND ( 'NONE', #1433, .T. ) ;
#3274 = ORIENTED_EDGE ( 'NONE', *, *, #245, .F. ) ;
#3275 = LINE ( 'NONE', #651, #4001 ) ;
#3276 = MECHANICAL_DESIGN_GEOMETRIC_PRESENTATION_REPRESENTATION (  '', ( #3544 ), #1531 ) ;
#3277 = VERTEX_POINT ( 'NONE', #3370 ) ;
#3278 = ORIENTED_EDGE ( 'NONE', *, *, #2086, .T. ) ;
#3279 = DIRECTION ( 'NONE',  ( 0.000000000000000000, 1.000000000000000000, 0.000000000000000000 ) ) ;
#3280 = LINE ( 'NONE', #2648, #1525 ) ;
#3281 = CARTESIAN_POINT ( 'NONE',  ( -2.337500000000000355, 4.169999999999999929, -3.735000000000000320 ) ) ;
#3282 = ORIENTED_EDGE ( 'NONE', *, *, #960, .T. ) ;
#3283 = EDGE_CURVE ( 'NONE', #3892, #1237, #3266, .T. ) ;
#3284 = DIRECTION ( 'NONE',  ( 1.000000000000000000, -0.000000000000000000, -0.000000000000000000 ) ) ;
#3285 = CYLINDRICAL_SURFACE ( 'NONE', #3994, 0.4650000000000005795 ) ;
#3286 = EDGE_LOOP ( 'NONE', ( #3380, #2468 ) ) ;
#3287 = CARTESIAN_POINT ( 'NONE',  ( 3.225907752082814550, 2.927500000000065050, 2.032500000000001084 ) ) ;
#3288 = ORIENTED_EDGE ( 'NONE', *, *, #1937, .T. ) ;
#3289 = VECTOR ( 'NONE', #1739, 1000.000000000000000 ) ;
#3290 = DIRECTION ( 'NONE',  ( -0.000000000000000000, 0.000000000000000000, -1.000000000000000000 ) ) ;
#3291 = LINE ( 'NONE', #1648, #1581 ) ;
#3292 = ORIENTED_EDGE ( 'NONE', *, *, #3031, .F. ) ;
#3293 = FACE_OUTER_BOUND ( 'NONE', #3499, .T. ) ;
#3294 = EDGE_LOOP ( 'NONE', ( #1043, #2114, #3907, #1811, #1960, #1449, #2494, #2281, #2163 ) ) ;
#3295 = VERTEX_POINT ( 'NONE', #2107 ) ;
#3296 = CARTESIAN_POINT ( 'NONE',  ( 2.994638793376242441E-17, 4.169999999999999929, -4.479707622241487108 ) ) ;
#3297 = CIRCLE ( 'NONE', #2688, 0.2000000000000000944 ) ;
#3298 = ORIENTED_EDGE ( 'NONE', *, *, #375, .F. ) ;
#3299 = EDGE_CURVE ( 'NONE', #3635, #874, #1778, .T. ) ;
#3300 = DIRECTION ( 'NONE',  ( -1.000000000000000000, -0.000000000000000000, -0.000000000000000000 ) ) ;
#3301 = DIRECTION ( 'NONE',  ( 0.000000000000000000, 1.000000000000000000, -1.213093339843921105E-16 ) ) ;
#3302 = CARTESIAN_POINT ( 'NONE',  ( -3.637499999999999734, 2.462500000000064304, -0.5074999999999992850 ) ) ;
#3303 = DIRECTION ( 'NONE',  ( 0.000000000000000000, 1.000000000000000000, 0.000000000000000000 ) ) ;
#3304 = ORIENTED_EDGE ( 'NONE', *, *, #2734, .T. ) ;
#3305 = DIRECTION ( 'NONE',  ( 0.000000000000000000, -0.000000000000000000, 1.000000000000000000 ) ) ;
#3306 = CIRCLE ( 'NONE', #2048, 0.2000000000000000944 ) ;
#3307 = DIRECTION ( 'NONE',  ( 1.000000000000000000, -0.000000000000000000, -0.000000000000000000 ) ) ;
#3308 = ORIENTED_EDGE ( 'NONE', *, *, #3923, .F. ) ;
#3309 = DIRECTION ( 'NONE',  ( -0.000000000000000000, -0.000000000000000000, -1.000000000000000000 ) ) ;
#3310 = VERTEX_POINT ( 'NONE', #236 ) ;
#3311 = EDGE_CURVE ( 'NONE', #413, #847, #2440, .T. ) ;
#3312 = EDGE_LOOP ( 'NONE', ( #1367, #2097, #1387, #2925 ) ) ;
#3313 = CARTESIAN_POINT ( 'NONE',  ( 4.102500000000000036, -3.575000000000000178, 4.045000000000000817 ) ) ;
#3314 = ADVANCED_FACE ( 'NONE', ( #3730 ), #3385, .T. ) ;
#3315 = VERTEX_POINT ( 'NONE', #2422 ) ;
#3316 = CARTESIAN_POINT ( 'NONE',  ( -3.837500000000000355, -3.809999999999999165, -2.032499999999999307 ) ) ;
#3317 = ORIENTED_EDGE ( 'NONE', *, *, #2115, .T. ) ;
#3318 = ORIENTED_EDGE ( 'NONE', *, *, #3578, .F. ) ;
#3319 = DIRECTION ( 'NONE',  ( -1.000000000000000000, -0.000000000000000000, -0.000000000000000000 ) ) ;
#3320 = DIRECTION ( 'NONE',  ( -6.914003491338339945E-17, 1.000000000000000000, 0.000000000000000000 ) ) ;
#3321 = LINE ( 'NONE', #3594, #2664 ) ;
#3322 = DIRECTION ( 'NONE',  ( 0.000000000000000000, 1.000000000000000000, 0.000000000000000000 ) ) ;
#3323 = ADVANCED_FACE ( 'NONE', ( #3712 ), #2695, .F. ) ;
#3324 = ORIENTED_EDGE ( 'NONE', *, *, #117, .F. ) ;
#3325 = DIRECTION ( 'NONE',  ( 0.000000000000000000, 0.000000000000000000, -1.000000000000000000 ) ) ;
#3326 = EDGE_CURVE ( 'NONE', #364, #849, #3660, .T. ) ;
#3327 = ADVANCED_FACE ( 'NONE', ( #2146 ), #568, .T. ) ;
#3328 = AXIS2_PLACEMENT_3D ( 'NONE', #2513, #1678, #2947 ) ;
#3329 = LINE ( 'NONE', #477, #3119 ) ;
#3330 = VERTEX_POINT ( 'NONE', #524 ) ;
#3331 = CARTESIAN_POINT ( 'NONE',  ( -0.9000000000000000222, 4.169999999999999929, -4.790292377758512465 ) ) ;
#3332 = ORIENTED_EDGE ( 'NONE', *, *, #3232, .F. ) ;
#3333 = VECTOR ( 'NONE', #2446, 1000.000000000000000 ) ;
#3334 = ORIENTED_EDGE ( 'NONE', *, *, #1057, .F. ) ;
#3335 = LINE ( 'NONE', #2116, #3219 ) ;
#3336 = AXIS2_PLACEMENT_3D ( 'NONE', #2033, #2907, #66 ) ;
#3337 = EDGE_CURVE ( 'NONE', #1949, #3261, #1792, .T. ) ;
#3338 = ORIENTED_EDGE ( 'NONE', *, *, #539, .F. ) ;
#3339 = DIRECTION ( 'NONE',  ( -0.000000000000000000, -0.000000000000000000, -1.000000000000000000 ) ) ;
#3340 = VECTOR ( 'NONE', #152, 1000.000000000000000 ) ;
#3341 = EDGE_LOOP ( 'NONE', ( #1304, #782, #4079, #1044, #1700, #4098, #2093, #2361, #2156 ) ) ;
#3342 = CARTESIAN_POINT ( 'NONE',  ( 0.000000000000000000, 4.570000000000000284, 0.000000000000000000 ) ) ;
#3343 = MECHANICAL_DESIGN_GEOMETRIC_PRESENTATION_REPRESENTATION (  '', ( #218 ), #3941 ) ;
#3344 = CARTESIAN_POINT ( 'NONE',  ( 4.102500000000000036, 2.462500000000064304, 2.032500000000001084 ) ) ;
#3345 = CARTESIAN_POINT ( 'NONE',  ( -3.637499999999999734, 2.462500000000064304, -2.032499999999999307 ) ) ;
#3346 = VECTOR ( 'NONE', #3908, 1000.000000000000000 ) ;
#3347 =( NAMED_UNIT ( * ) PLANE_ANGLE_UNIT ( ) SI_UNIT ( $, .RADIAN. ) );
#3348 = CIRCLE ( 'NONE', #1086, 0.4650000000000005795 ) ;
#3349 = MANIFOLD_SOLID_BREP ( 'LPattern1[5]', #672 ) ;
#3350 = EDGE_CURVE ( 'NONE', #122, #2323, #606, .T. ) ;
#3351 = LINE ( 'NONE', #495, #2877 ) ;
#3352 = EDGE_LOOP ( 'NONE', ( #2593, #2059, #453, #2393, #4104, #1063, #1538, #942, #1507 ) ) ;
#3353 = CARTESIAN_POINT ( 'NONE',  ( -3.837499999999999023, -3.575000000000000178, 1.505000000000001226 ) ) ;
#3354 = ORIENTED_EDGE ( 'NONE', *, *, #4023, .T. ) ;
#3355 = CARTESIAN_POINT ( 'NONE',  ( 3.082207622241484923, 1.020000000000000018, 4.479707622241483556 ) ) ;
#3356 = ORIENTED_EDGE ( 'NONE', *, *, #2039, .T. ) ;
#3357 = VECTOR ( 'NONE', #2964, 1000.000000000000000 ) ;
#3358 = CARTESIAN_POINT ( 'NONE',  ( -3.637499999999999734, 2.462500000000064304, -0.5074999999999992850 ) ) ;
#3359 = AXIS2_PLACEMENT_3D ( 'NONE', #1939, #1881, #3129 ) ;
#3360 = ORIENTED_EDGE ( 'NONE', *, *, #2562, .F. ) ;
#3361 = LINE ( 'NONE', #2064, #85 ) ;
#3362 = ORIENTED_EDGE ( 'NONE', *, *, #607, .F. ) ;
#3363 = ADVANCED_FACE ( 'NONE', ( #2071 ), #668, .T. ) ;
#3364 = VECTOR ( 'NONE', #3325, 1000.000000000000000 ) ;
#3365 = VERTEX_POINT ( 'NONE', #4072 ) ;
#3366 = CARTESIAN_POINT ( 'NONE',  ( -3.837499999999999911, 2.462500000000064304, 2.032500000000001084 ) ) ;
#3367 = VECTOR ( 'NONE', #3395, 1000.000000000000114 ) ;
#3368 = CARTESIAN_POINT ( 'NONE',  ( -3.837500000000000355, -3.809999999999999165, -3.047499999999999432 ) ) ;
#3369 = AXIS2_PLACEMENT_3D ( 'NONE', #3296, #1728, #3000 ) ;
#3370 = CARTESIAN_POINT ( 'NONE',  ( -3.637499999999999734, 2.662500000000064482, -0.5074999999999992850 ) ) ;
#3371 = EDGE_CURVE ( 'NONE', #286, #561, #2950, .T. ) ;
#3372 = ADVANCED_FACE ( 'NONE', ( #253 ), #2475, .F. ) ;
#3373 = DIRECTION ( 'NONE',  ( -0.000000000000000000, -0.000000000000000000, -1.000000000000000000 ) ) ;
#3374 = ORIENTED_EDGE ( 'NONE', *, *, #812, .F. ) ;
#3375 = DIRECTION ( 'NONE',  ( 1.000000000000000000, 0.000000000000000000, 0.000000000000000000 ) ) ;
#3376 = ORIENTED_EDGE ( 'NONE', *, *, #2022, .T. ) ;
#3377 = DIRECTION ( 'NONE',  ( 0.000000000000000000, 0.08715574274765501561, 0.9961946980917458783 ) ) ;
#3378 = EDGE_LOOP ( 'NONE', ( #60, #731, #3318, #3865 ) ) ;
#3379 = LINE ( 'NONE', #1490, #2363 ) ;
#3380 = ORIENTED_EDGE ( 'NONE', *, *, #619, .F. ) ;
#3381 = LINE ( 'NONE', #3980, #3867 ) ;
#3382 = EDGE_LOOP ( 'NONE', ( #2902, #440, #3099, #2453 ) ) ;
#3383 = DIRECTION ( 'NONE',  ( -0.000000000000000000, -0.000000000000000000, -1.000000000000000000 ) ) ;
#3384 = LINE ( 'NONE', #1833, #4103 ) ;
#3385 = CYLINDRICAL_SURFACE ( 'NONE', #3634, 0.4650000000000005795 ) ;
#3386 = ADVANCED_FACE ( 'NONE', ( #2247 ), #3751, .F. ) ;
#3387 = DIRECTION ( 'NONE',  ( 0.9961946980917458783, 0.08715574274765501561, -0.000000000000000000 ) ) ;
#3388 = CARTESIAN_POINT ( 'NONE',  ( -3.237499999999999822, 2.795000000000064766, 3.047500000000000764 ) ) ;
#3389 = DIRECTION ( 'NONE',  ( 0.000000000000000000, 0.000000000000000000, 1.000000000000000000 ) ) ;
#3390 = VERTEX_POINT ( 'NONE', #323 ) ;
#3391 = LINE ( 'NONE', #1144, #482 ) ;
#3392 = ORIENTED_EDGE ( 'NONE', *, *, #2174, .F. ) ;
#3393 = ORIENTED_EDGE ( 'NONE', *, *, #3229, .T. ) ;
#3394 = AXIS2_PLACEMENT_3D ( 'NONE', #437, #3560, #1265 ) ;
#3395 = DIRECTION ( 'NONE',  ( 0.08682659386424446124, -0.9924325091389676334, 0.08682659386424446124 ) ) ;
#3396 = ORIENTED_EDGE ( 'NONE', *, *, #998, .T. ) ;
#3397 = VECTOR ( 'NONE', #3702, 1000.000000000000000 ) ;
#3398 = LINE ( 'NONE', #506, #1962 ) ;
#3399 = EDGE_CURVE ( 'NONE', #1343, #623, #3553, .T. ) ;
#3400 = VECTOR ( 'NONE', #2887, 999.9999999999998863 ) ;
#3401 = DIRECTION ( 'NONE',  ( -0.000000000000000000, -0.000000000000000000, -1.000000000000000000 ) ) ;
#3402 = LINE ( 'NONE', #1815, #2839 ) ;
#3403 = CIRCLE ( 'NONE', #399, 0.2349999999999999589 ) ;
#3404 = VECTOR ( 'NONE', #1263, 1000.000000000000000 ) ;
#3405 = DIRECTION ( 'NONE',  ( 0.000000000000000000, 0.000000000000000000, 1.000000000000000000 ) ) ;
#3406 = VECTOR ( 'NONE', #1971, 1000.000000000000114 ) ;
#3407 = MANIFOLD_SOLID_BREP ( 'Cut-Extrude3[3]', #600 ) ;
#3408 = AXIS2_PLACEMENT_3D ( 'NONE', #1567, #1280, #909 ) ;
#3409 = CIRCLE ( 'NONE', #1867, 0.4000000000000001887 ) ;
#3410 = CARTESIAN_POINT ( 'NONE',  ( 3.637499999999999734, 2.462500000000064304, 2.032500000000001084 ) ) ;
#3411 = LINE ( 'NONE', #552, #4071 ) ;
#3412 = ORIENTED_EDGE ( 'NONE', *, *, #721, .T. ) ;
#3413 = EDGE_CURVE ( 'NONE', #1569, #3365, #4090, .T. ) ;
#3414 = CARTESIAN_POINT ( 'NONE',  ( 4.102500000000000036, 0.000000000000000000, 1.505000000000000782 ) ) ;
#3415 = ORIENTED_EDGE ( 'NONE', *, *, #3701, .F. ) ;
#3416 = DIRECTION ( 'NONE',  ( 0.000000000000000000, -1.000000000000000000, -2.426186679687843197E-16 ) ) ;
#3417 = DIRECTION ( 'NONE',  ( 0.000000000000000000, 0.000000000000000000, 1.000000000000000000 ) ) ;
#3418 = ORIENTED_EDGE ( 'NONE', *, *, #3992, .T. ) ;
#3419 = DIRECTION ( 'NONE',  ( -1.000000000000000000, 0.000000000000000000, 0.000000000000000000 ) ) ;
#3420 = EDGE_CURVE ( 'NONE', #371, #1727, #17, .T. ) ;
#3421 = VERTEX_POINT ( 'NONE', #3207 ) ;
#3422 = LINE ( 'NONE', #1756, #3627 ) ;
#3423 = VECTOR ( 'NONE', #3505, 1000.000000000000000 ) ;
#3424 = ADVANCED_FACE ( 'NONE', ( #2883 ), #40, .F. ) ;
#3425 = LINE ( 'NONE', #3983, #1249 ) ;
#3426 = AXIS2_PLACEMENT_3D ( 'NONE', #1430, #474, #1744 ) ;
#3427 = DIRECTION ( 'NONE',  ( -1.000000000000000000, -0.000000000000000000, -0.000000000000000000 ) ) ;
#3428 = VECTOR ( 'NONE', #1819, 1000.000000000000000 ) ;
#3429 = AXIS2_PLACEMENT_3D ( 'NONE', #1326, #2977, #88 ) ;
#3430 = CARTESIAN_POINT ( 'NONE',  ( 4.102500000000000036, -1.734723475976807094E-15, -1.504999999999998117 ) ) ;
#3431 = CARTESIAN_POINT ( 'NONE',  ( 4.102500000000000036, 2.927500000000064606, -4.044999999999998153 ) ) ;
#3432 = ORIENTED_EDGE ( 'NONE', *, *, #800, .F. ) ;
#3433 = DIRECTION ( 'NONE',  ( 0.9961946980917458783, -0.08715574274765519602, 0.000000000000000000 ) ) ;
#3434 = MANIFOLD_SOLID_BREP ( 'Cut-Extrude1', #3265 ) ;
#3435 = ORIENTED_EDGE ( 'NONE', *, *, #1654, .F. ) ;
#3436 =( NAMED_UNIT ( * ) SI_UNIT ( $, .STERADIAN. ) SOLID_ANGLE_UNIT ( ) );
#3437 = LINE ( 'NONE', #3779, #2222 ) ;
#3438 = VERTEX_POINT ( 'NONE', #2194 ) ;
#3439 = DIRECTION ( 'NONE',  ( -0.08715574274765519602, -0.9961946980917458783, 0.000000000000000000 ) ) ;
#3440 = ADVANCED_FACE ( 'NONE', ( #1252 ), #617, .F. ) ;
#3441 = ORIENTED_EDGE ( 'NONE', *, *, #1940, .T. ) ;
#3442 = VERTEX_POINT ( 'NONE', #340 ) ;
#3443 = EDGE_LOOP ( 'NONE', ( #1788, #4030, #2972, #3274 ) ) ;
#3444 = DIRECTION ( 'NONE',  ( 0.000000000000000000, 0.000000000000000000, 1.000000000000000000 ) ) ;
#3445 = EDGE_CURVE ( 'NONE', #2995, #3179, #3198, .T. ) ;
#3446 = DIRECTION ( 'NONE',  ( -0.000000000000000000, 1.000000000000000000, 2.426186679687843197E-16 ) ) ;
#3447 = PRESENTATION_STYLE_ASSIGNMENT (( #937 ) ) ;
#3448 = CARTESIAN_POINT ( 'NONE',  ( 3.225907752082814550, 2.927500000000065050, 2.032500000000001084 ) ) ;
#3449 = DIRECTION ( 'NONE',  ( -1.000000000000000000, -0.000000000000000000, -0.000000000000000000 ) ) ;
#3450 = ORIENTED_EDGE ( 'NONE', *, *, #3139, .T. ) ;
#3451 = EDGE_CURVE ( 'NONE', #2019, #313, #2851, .T. ) ;
#3452 = DIRECTION ( 'NONE',  ( 1.000000000000000000, 0.000000000000000000, 0.000000000000000000 ) ) ;
#3453 = MANIFOLD_SOLID_BREP ( 'Boss-Extrude2', #2527 ) ;
#3454 = ORIENTED_EDGE ( 'NONE', *, *, #934, .T. ) ;
#3455 = DIRECTION ( 'NONE',  ( 0.000000000000000000, 0.000000000000000000, 1.000000000000000000 ) ) ;
#3456 = EDGE_CURVE ( 'NONE', #1710, #2999, #1882, .T. ) ;
#3457 = CARTESIAN_POINT ( 'NONE',  ( 3.225907752082815438, 2.662500000000064482, -0.5074999999999992850 ) ) ;
#3458 = VERTEX_POINT ( 'NONE', #4097 ) ;
#3459 = CARTESIAN_POINT ( 'NONE',  ( 3.637499999999999734, 2.662500000000064482, 4.044999999999998153 ) ) ;
#3460 = ORIENTED_EDGE ( 'NONE', *, *, #22, .T. ) ;
#3461 = ORIENTED_EDGE ( 'NONE', *, *, #717, .T. ) ;
#3462 = CARTESIAN_POINT ( 'NONE',  ( 3.637499999999999734, 2.462500000000064304, 3.047500000000000764 ) ) ;
#3463 = ADVANCED_FACE ( 'NONE', ( #3858 ), #1904, .F. ) ;
#3464 = PRESENTATION_LAYER_ASSIGNMENT (  '', '', ( #3526 ) ) ;
#3465 = LINE ( 'NONE', #603, #994 ) ;
#3466 =( NAMED_UNIT ( * ) SI_UNIT ( $, .STERADIAN. ) SOLID_ANGLE_UNIT ( ) );
#3467 = VECTOR ( 'NONE', #775, 1000.000000000000000 ) ;
#3468 = LINE ( 'NONE', #673, #3727 ) ;
#3469 = CIRCLE ( 'NONE', #868, 0.2000000000000000944 ) ;
#3470 = LINE ( 'NONE', #308, #2459 ) ;
#3471 = EDGE_CURVE ( 'NONE', #3586, #682, #96, .T. ) ;
#3472 = DIRECTION ( 'NONE',  ( 0.08682659386424446124, 0.9924325091389676334, 0.08682659386424446124 ) ) ;
#3473 = VECTOR ( 'NONE', #4101, 1000.000000000000000 ) ;
#3474 = EDGE_LOOP ( 'NONE', ( #2152, #3667, #785, #916, #2486, #3910, #3828, #2531, #52 ) ) ;
#3475 = ADVANCED_FACE ( 'NONE', ( #1009 ), #2015, .F. ) ;
#3476 = CARTESIAN_POINT ( 'NONE',  ( 2.994638793376242441E-17, 4.169999999999999929, -4.479707622241487108 ) ) ;
#3477 = DIRECTION ( 'NONE',  ( 0.000000000000000000, 1.000000000000000000, 0.000000000000000000 ) ) ;
#3478 = SURFACE_SIDE_STYLE ('',( #616 ) ) ;
#3479 = DIRECTION ( 'NONE',  ( -0.000000000000000000, -0.000000000000000000, -1.000000000000000000 ) ) ;
#3480 = VERTEX_POINT ( 'NONE', #3240 ) ;
#3481 = LINE ( 'NONE', #3459, #2465 ) ;
#3482 = ORIENTED_EDGE ( 'NONE', *, *, #1491, .F. ) ;
#3483 = ORIENTED_EDGE ( 'NONE', *, *, #1986, .T. ) ;
#3484 = FACE_OUTER_BOUND ( 'NONE', #505, .T. ) ;
#3485 = DIRECTION ( 'NONE',  ( 6.914003491338339945E-17, 1.000000000000000000, 2.426186679687843197E-16 ) ) ;
#3486 = DIRECTION ( 'NONE',  ( 1.000000000000000000, 0.000000000000000000, 0.000000000000000000 ) ) ;
#3487 =( GEOMETRIC_REPRESENTATION_CONTEXT ( 3 ) GLOBAL_UNCERTAINTY_ASSIGNED_CONTEXT ( ( #197 ) ) GLOBAL_UNIT_ASSIGNED_CONTEXT ( ( #2559, #1575, #4109 ) ) REPRESENTATION_CONTEXT ( 'NONE', 'WORKASPACE' ) );
#3488 = CARTESIAN_POINT ( 'NONE',  ( 4.102500000000000036, -1.734723475976807094E-15, -1.504999999999998117 ) ) ;
#3489 = ADVANCED_FACE ( 'NONE', ( #3970 ), #100, .F. ) ;
#3490 = LINE ( 'NONE', #4075, #324 ) ;
#3491 = LINE ( 'NONE', #3817, #2750 ) ;
#3492 = AXIS2_PLACEMENT_3D ( 'NONE', #3124, #4038, #1177 ) ;
#3493 = LINE ( 'NONE', #2274, #322 ) ;
#3494 = ORIENTED_EDGE ( 'NONE', *, *, #1373, .T. ) ;
#3495 =( NAMED_UNIT ( * ) PLANE_ANGLE_UNIT ( ) SI_UNIT ( $, .RADIAN. ) );
#3496 = ORIENTED_EDGE ( 'NONE', *, *, #449, .T. ) ;
#3497 = EDGE_CURVE ( 'NONE', #2224, #928, #702, .T. ) ;
#3498 = LINE ( 'NONE', #342, #1418 ) ;
#3499 = EDGE_LOOP ( 'NONE', ( #1442, #1726, #646, #1256 ) ) ;
#3500 = CARTESIAN_POINT ( 'NONE',  ( 3.225907752082814550, 2.927500000000065050, 4.572499999999999787 ) ) ;
#3501 = ORIENTED_EDGE ( 'NONE', *, *, #2441, .T. ) ;
#3502 = EDGE_CURVE ( 'NONE', #1805, #3330, #2968, .T. ) ;
#3503 = ORIENTED_EDGE ( 'NONE', *, *, #1914, .F. ) ;
#3504 = DIRECTION ( 'NONE',  ( 0.000000000000000000, 1.000000000000000000, -0.000000000000000000 ) ) ;
#3505 = DIRECTION ( 'NONE',  ( -1.000000000000000000, -0.000000000000000000, 0.000000000000000000 ) ) ;
#3506 = EDGE_LOOP ( 'NONE', ( #1233, #1140, #2273, #1874 ) ) ;
#3507 = CARTESIAN_POINT ( 'NONE',  ( 3.048435745274456377, 0.6339856799044265578, -4.445935745274455897 ) ) ;
#3508 = LINE ( 'NONE', #3188, #1340 ) ;
#3509 = LINE ( 'NONE', #3448, #2334 ) ;
#3510 = CARTESIAN_POINT ( 'NONE',  ( -3.637499999999999734, 2.662500000000064482, 3.047500000000000764 ) ) ;
#3511 = ORIENTED_EDGE ( 'NONE', *, *, #2244, .F. ) ;
#3512 = EDGE_CURVE ( 'NONE', #2669, #1823, #2943, .T. ) ;
#3513 = DIRECTION ( 'NONE',  ( 0.000000000000000000, 0.9961946980917458783, 0.08715574274765501561 ) ) ;
#3514 = DIRECTION ( 'NONE',  ( 0.000000000000000000, 0.000000000000000000, 1.000000000000000000 ) ) ;
#3515 = CARTESIAN_POINT ( 'NONE',  ( 3.237499999999999822, 2.795000000000064766, -4.634999999999999787 ) ) ;
#3516 =( NAMED_UNIT ( * ) PLANE_ANGLE_UNIT ( ) SI_UNIT ( $, .RADIAN. ) );
#3517 = PLANE ( 'NONE',  #628 ) ;
#3518 = ORIENTED_EDGE ( 'NONE', *, *, #3715, .F. ) ;
#3519 = LINE ( 'NONE', #3744, #154 ) ;
#3520 = ORIENTED_EDGE ( 'NONE', *, *, #3711, .T. ) ;
#3521 = ORIENTED_EDGE ( 'NONE', *, *, #2379, .F. ) ;
#3522 = LINE ( 'NONE', #665, #2667 ) ;
#3523 = ADVANCED_FACE ( 'NONE', ( #1720 ), #2322, .F. ) ;
#3524 =( NAMED_UNIT ( * ) PLANE_ANGLE_UNIT ( ) SI_UNIT ( $, .RADIAN. ) );
#3525 = VERTEX_POINT ( 'NONE', #1366 ) ;
#3526 = STYLED_ITEM ( 'NONE', ( #2935 ), #2014 ) ;
#3527 = DIRECTION ( 'NONE',  ( -0.000000000000000000, 1.000000000000000000, -0.000000000000000000 ) ) ;
#3528 = CARTESIAN_POINT ( 'NONE',  ( 3.237499999999999822, 2.795000000000064766, -3.047499999999999432 ) ) ;
#3529 = CIRCLE ( 'NONE', #2998, 0.4000000000000001887 ) ;
#3530 = FACE_OUTER_BOUND ( 'NONE', #1750, .T. ) ;
#3531 = DIRECTION ( 'NONE',  ( -1.000000000000000000, 0.000000000000000000, 0.000000000000000000 ) ) ;
#3532 = ORIENTED_EDGE ( 'NONE', *, *, #584, .F. ) ;
#3533 = LINE ( 'NONE', #3574, #2396 ) ;
#3534 = CARTESIAN_POINT ( 'NONE',  ( 4.102500000000000036, -3.574999999999999734, 1.270000000000001128 ) ) ;
#3535 = CARTESIAN_POINT ( 'NONE',  ( 4.102500000000000036, 2.462500000000064304, 4.044999999999998153 ) ) ;
#3536 = CLOSED_SHELL ( 'NONE', ( #16, #3323, #3489, #2096, #2450, #396, #2028, #4086, #2766, #2106, #779, #1683, #2725, #3372, #1839 ) ) ;
#3537 = SURFACE_STYLE_USAGE ( .BOTH. , #2215 ) ;
#3538 = EDGE_CURVE ( 'NONE', #3223, #1088, #694, .T. ) ;
#3539 = DIRECTION ( 'NONE',  ( -0.000000000000000000, -0.000000000000000000, -1.000000000000000000 ) ) ;
#3540 = VERTEX_POINT ( 'NONE', #2037 ) ;
#3541 = FACE_OUTER_BOUND ( 'NONE', #2777, .T. ) ;
#3542 = EDGE_LOOP ( 'NONE', ( #2775, #3588, #1261, #2060 ) ) ;
#3543 = EDGE_CURVE ( 'NONE', #1452, #670, #26, .T. ) ;
#3544 = STYLED_ITEM ( 'NONE', ( #3556 ), #706 ) ;
#3545 = EDGE_LOOP ( 'NONE', ( #1023, #126 ) ) ;
#3546 = DIRECTION ( 'NONE',  ( -0.000000000000000000, -0.000000000000000000, -1.000000000000000000 ) ) ;
#3547 = EDGE_CURVE ( 'NONE', #115, #4081, #1958, .T. ) ;
#3548 = ORIENTED_EDGE ( 'NONE', *, *, #86, .F. ) ;
#3549 = EDGE_CURVE ( 'NONE', #423, #446, #725, .T. ) ;
#3550 = FACE_OUTER_BOUND ( 'NONE', #3896, .T. ) ;
#3551 = DIRECTION ( 'NONE',  ( -0.000000000000000000, -0.000000000000000000, 1.000000000000000000 ) ) ;
#3552 = LINE ( 'NONE', #1965, #2484 ) ;
#3553 = CIRCLE ( 'NONE', #2284, 0.2349999999999999589 ) ;
#3554 = DIRECTION ( 'NONE',  ( -0.000000000000000000, 0.000000000000000000, -1.000000000000000000 ) ) ;
#3555 = CARTESIAN_POINT ( 'NONE',  ( -3.225907752082815438, 2.662500000000064482, 4.044999999999998153 ) ) ;
#3556 = PRESENTATION_STYLE_ASSIGNMENT (( #1698 ) ) ;
#3557 = SURFACE_SIDE_STYLE ('',( #3777 ) ) ;
#3558 = VECTOR ( 'NONE', #1518, 1000.000000000000000 ) ;
#3559 = FACE_OUTER_BOUND ( 'NONE', #1801, .T. ) ;
#3560 = DIRECTION ( 'NONE',  ( 0.000000000000000000, 1.000000000000000000, -0.000000000000000000 ) ) ;
#3561 = ORIENTED_EDGE ( 'NONE', *, *, #2151, .T. ) ;
#3562 = AXIS2_PLACEMENT_3D ( 'NONE', #1392, #690, #1978 ) ;
#3563 = CARTESIAN_POINT ( 'NONE',  ( 4.102500000000000036, -3.574999999999999734, 3.810000000000000941 ) ) ;
#3564 = VERTEX_POINT ( 'NONE', #3287 ) ;
#3565 = ORIENTED_EDGE ( 'NONE', *, *, #1282, .T. ) ;
#3566 = ORIENTED_EDGE ( 'NONE', *, *, #3898, .T. ) ;
#3567 = CARTESIAN_POINT ( 'NONE',  ( 3.837500000000000355, -3.809999999999999165, -1.034999999999999032 ) ) ;
#3568 = EDGE_CURVE ( 'NONE', #2002, #2054, #125, .T. ) ;
#3569 = ORIENTED_EDGE ( 'NONE', *, *, #3326, .F. ) ;
#3570 = DIRECTION ( 'NONE',  ( -1.000000000000000000, -0.000000000000000000, -0.000000000000000000 ) ) ;
#3571 = CARTESIAN_POINT ( 'NONE',  ( 2.994638793376242441E-17, 4.570000000000000284, -4.479707622241487108 ) ) ;
#3572 = DIRECTION ( 'NONE',  ( -0.000000000000000000, -0.000000000000000000, -1.000000000000000000 ) ) ;
#3573 = DIRECTION ( 'NONE',  ( 0.000000000000000000, 0.000000000000000000, 1.000000000000000000 ) ) ;
#3574 = CARTESIAN_POINT ( 'NONE',  ( 4.102500000000000036, -1.734723475976807094E-15, 3.575000000000001954 ) ) ;
#3575 = CARTESIAN_POINT ( 'NONE',  ( 0.9000000000000000222, 4.169999999999999929, -4.514703087651853686 ) ) ;
#3576 = LINE ( 'NONE', #1610, #879 ) ;
#3577 = EDGE_CURVE ( 'NONE', #3870, #2573, #1988, .T. ) ;
#3578 = EDGE_CURVE ( 'NONE', #1368, #3201, #2609, .T. ) ;
#3579 = CARTESIAN_POINT ( 'NONE',  ( 3.637499999999999734, 2.462500000000064304, -2.032499999999999307 ) ) ;
#3580 = VERTEX_POINT ( 'NONE', #3626 ) ;
#3581 = PLANE ( 'NONE',  #1406 ) ;
#3582 = DIRECTION ( 'NONE',  ( -0.000000000000000000, -0.000000000000000000, -1.000000000000000000 ) ) ;
#3583 = ORIENTED_EDGE ( 'NONE', *, *, #3371, .T. ) ;
#3584 = ADVANCED_FACE ( 'NONE', ( #1036 ), #1082, .F. ) ;
#3585 = FACE_OUTER_BOUND ( 'NONE', #1375, .T. ) ;
#3586 = VERTEX_POINT ( 'NONE', #771 ) ;
#3587 = ORIENTED_EDGE ( 'NONE', *, *, #845, .T. ) ;
#3588 = ORIENTED_EDGE ( 'NONE', *, *, #2269, .F. ) ;
#3589 = CARTESIAN_POINT ( 'NONE',  ( -3.225907752082814550, 2.927500000000065050, 3.047500000000000764 ) ) ;
#3590 = ORIENTED_EDGE ( 'NONE', *, *, #3456, .T. ) ;
#3591 = EDGE_CURVE ( 'NONE', #2301, #1182, #791, .T. ) ;
#3592 = CARTESIAN_POINT ( 'NONE',  ( 4.102500000000000036, -3.574999999999999734, -1.269999999999998908 ) ) ;
#3593 = DIRECTION ( 'NONE',  ( 6.914003491338339945E-17, -1.000000000000000000, -0.000000000000000000 ) ) ;
#3594 = CARTESIAN_POINT ( 'NONE',  ( 4.102500000000000036, 2.462500000000064304, -3.047499999999999432 ) ) ;
#3595 = VECTOR ( 'NONE', #2327, 999.9999999999998863 ) ;
#3596 = DIRECTION ( 'NONE',  ( 1.000000000000000000, -1.053666270899885882E-15, 0.000000000000000000 ) ) ;
#3597 = ORIENTED_EDGE ( 'NONE', *, *, #2579, .F. ) ;
#3598 = VECTOR ( 'NONE', #864, 1000.000000000000000 ) ;
#3599 = PLANE ( 'NONE',  #1927 ) ;
#3600 = FACE_OUTER_BOUND ( 'NONE', #2893, .T. ) ;
#3601 = ADVANCED_FACE ( 'NONE', ( #165 ), #2303, .T. ) ;
#3602 = FILL_AREA_STYLE_COLOUR ( '', #754 ) ;
#3603 = DIRECTION ( 'NONE',  ( -0.08715574274766166307, 0.9961946980917453232, 0.000000000000000000 ) ) ;
#3604 = VERTEX_POINT ( 'NONE', #2697 ) ;
#3605 = VECTOR ( 'NONE', #1894, 1000.000000000000000 ) ;
#3606 = ORIENTED_EDGE ( 'NONE', *, *, #2865, .F. ) ;
#3607 = CARTESIAN_POINT ( 'NONE',  ( -3.237499999999999822, 2.795000000000064766, 4.572499999999999787 ) ) ;
#3608 = EDGE_CURVE ( 'NONE', #1569, #1767, #3351, .T. ) ;
#3609 = PLANE ( 'NONE',  #2992 ) ;
#3610 = ORIENTED_EDGE ( 'NONE', *, *, #3721, .T. ) ;
#3611 = VECTOR ( 'NONE', #2544, 1000.000000000000000 ) ;
#3612 = FACE_OUTER_BOUND ( 'NONE', #1010, .T. ) ;
#3613 = ORIENTED_EDGE ( 'NONE', *, *, #1381, .T. ) ;
#3614 = AXIS2_PLACEMENT_3D ( 'NONE', #2616, #709, #3890 ) ;
#3615 = ORIENTED_EDGE ( 'NONE', *, *, #1457, .T. ) ;
#3616 = DIRECTION ( 'NONE',  ( -0.000000000000000000, -0.000000000000000000, -1.000000000000000000 ) ) ;
#3617 = ORIENTED_EDGE ( 'NONE', *, *, #1992, .T. ) ;
#3618 = CARTESIAN_POINT ( 'NONE',  ( -3.637499999999999734, 2.927500000000064606, 2.032500000000001084 ) ) ;
#3619 = ORIENTED_EDGE ( 'NONE', *, *, #3253, .F. ) ;
#3620 = DIRECTION ( 'NONE',  ( 0.000000000000000000, -2.426186679687843197E-16, 1.000000000000000000 ) ) ;
#3621 = SURFACE_STYLE_USAGE ( .BOTH. , #3008 ) ;
#3622 = DIRECTION ( 'NONE',  ( -1.000000000000000000, -0.000000000000000000, -0.000000000000000000 ) ) ;
#3623 = CARTESIAN_POINT ( 'NONE',  ( 3.837499999999999911, 2.462500000000064304, -2.032499999999999307 ) ) ;
#3624 = ADVANCED_FACE ( 'NONE', ( #2125 ), #3662, .F. ) ;
#3625 = LINE ( 'NONE', #3806, #2727 ) ;
#3626 = CARTESIAN_POINT ( 'NONE',  ( 3.225907752082814550, 2.927500000000065050, 0.5075000000000009504 ) ) ;
#3627 = VECTOR ( 'NONE', #3401, 1000.000000000000000 ) ;
#3628 = ORIENTED_EDGE ( 'NONE', *, *, #1742, .T. ) ;
#3629 =( GEOMETRIC_REPRESENTATION_CONTEXT ( 3 ) GLOBAL_UNCERTAINTY_ASSIGNED_CONTEXT ( ( #1737 ) ) GLOBAL_UNIT_ASSIGNED_CONTEXT ( ( #2368, #720, #1052 ) ) REPRESENTATION_CONTEXT ( 'NONE', 'WORKASPACE' ) );
#3630 = DIRECTION ( 'NONE',  ( -0.08715574274766166307, -0.9961946980917453232, 0.000000000000000000 ) ) ;
#3631 = CARTESIAN_POINT ( 'NONE',  ( -3.637499999999999734, -1.734723475976807094E-15, 0.5075000000000009504 ) ) ;
#3632 = EDGE_LOOP ( 'NONE', ( #1202, #3606, #1166 ) ) ;
#3633 = LINE ( 'NONE', #1725, #2671 ) ;
#3634 = AXIS2_PLACEMENT_3D ( 'NONE', #2402, #182, #1132 ) ;
#3635 = VERTEX_POINT ( 'NONE', #1502 ) ;
#3636 = ORIENTED_EDGE ( 'NONE', *, *, #2538, .T. ) ;
#3637 = CARTESIAN_POINT ( 'NONE',  ( -3.837499999999999911, 2.462500000000064304, 0.5075000000000009504 ) ) ;
#3638 = VECTOR ( 'NONE', #1559, 1000.000000000000000 ) ;
#3639 = ORIENTED_EDGE ( 'NONE', *, *, #3979, .T. ) ;
#3640 = LINE ( 'NONE', #3316, #1147 ) ;
#3641 = PRODUCT_RELATED_PRODUCT_CATEGORY ( 'part', '', ( #1297 ) ) ;
#3642 = ORIENTED_EDGE ( 'NONE', *, *, #558, .T. ) ;
#3643 = LINE ( 'NONE', #786, #3706 ) ;
#3644 = LINE ( 'NONE', #787, #3256 ) ;
#3645 = PLANE ( 'NONE',  #3336 ) ;
#3646 = CARTESIAN_POINT ( 'NONE',  ( 4.102500000000000036, -1.734723475976807094E-15, 3.047500000000001652 ) ) ;
#3647 = EDGE_CURVE ( 'NONE', #3269, #1888, #1765, .T. ) ;
#3648 = CARTESIAN_POINT ( 'NONE',  ( -3.837499999999999911, 2.462500000000064304, 2.032500000000001084 ) ) ;
#3649 = ORIENTED_EDGE ( 'NONE', *, *, #1655, .F. ) ;
#3650 = LINE ( 'NONE', #480, #3857 ) ;
#3651 = ORIENTED_EDGE ( 'NONE', *, *, #910, .T. ) ;
#3652 = ORIENTED_EDGE ( 'NONE', *, *, #3577, .T. ) ;
#3653 = CARTESIAN_POINT ( 'NONE',  ( -3.837499999999999911, -1.734723475976807094E-15, 2.032500000000001084 ) ) ;
#3654 = VERTEX_POINT ( 'NONE', #3430 ) ;
#3655 = CARTESIAN_POINT ( 'NONE',  ( -3.225907752082814550, 2.927500000000065050, -3.047499999999999432 ) ) ;
#3656 = VERTEX_POINT ( 'NONE', #3699 ) ;
#3657 = CARTESIAN_POINT ( 'NONE',  ( 3.637499999999999734, 2.662500000000064482, 4.572499999999999787 ) ) ;
#3658 = EDGE_CURVE ( 'NONE', #2023, #3743, #1544, .T. ) ;
#3659 =( NAMED_UNIT ( * ) SI_UNIT ( $, .STERADIAN. ) SOLID_ANGLE_UNIT ( ) );
#3660 = LINE ( 'NONE', #4003, #1285 ) ;
#3661 = LINE ( 'NONE', #1695, #1950 ) ;
#3662 = PLANE ( 'NONE',  #2480 ) ;
#3663 = CARTESIAN_POINT ( 'NONE',  ( 4.102500000000000036, 0.000000000000000000, -3.574999999999999734 ) ) ;
#3664 = ORIENTED_EDGE ( 'NONE', *, *, #2151, .F. ) ;
#3665 = CARTESIAN_POINT ( 'NONE',  ( 3.637499999999999734, 2.462500000000064304, 3.047500000000000764 ) ) ;
#3666 = EDGE_CURVE ( 'NONE', #3315, #3174, #1483, .T. ) ;
#3667 = ORIENTED_EDGE ( 'NONE', *, *, #3107, .F. ) ;
#3668 = AXIS2_PLACEMENT_3D ( 'NONE', #3476, #4060, #1822 ) ;
#3669 = CARTESIAN_POINT ( 'NONE',  ( 3.837500000000000355, -3.809999999999999165, -3.047499999999999432 ) ) ;
#3670 = AXIS2_PLACEMENT_3D ( 'NONE', #2008, #1667, #1360 ) ;
#3671 = ORIENTED_EDGE ( 'NONE', *, *, #3186, .T. ) ;
#3672 = FACE_OUTER_BOUND ( 'NONE', #434, .T. ) ;
#3673 = EDGE_CURVE ( 'NONE', #3438, #129, #2406, .T. ) ;
#3674 = AXIS2_PLACEMENT_3D ( 'NONE', #3302, #454, #2347 ) ;
#3675 = ORIENTED_EDGE ( 'NONE', *, *, #2283, .T. ) ;
#3676 = CARTESIAN_POINT ( 'NONE',  ( -2.337500000000000355, 4.570000000000000284, -3.335000000000000409 ) ) ;
#3677 = MECHANICAL_DESIGN_GEOMETRIC_PRESENTATION_REPRESENTATION (  '', ( #272 ), #2674 ) ;
#3678 = LINE ( 'NONE', #3368, #204 ) ;
#3679 = CARTESIAN_POINT ( 'NONE',  ( 4.102500000000000036, -1.734723475976807094E-15, 3.575000000000001954 ) ) ;
#3680 = CIRCLE ( 'NONE', #1207, 0.2349999999999999589 ) ;
#3681 = APPLICATION_PROTOCOL_DEFINITION ( 'draft international standard', 'automotive_design', 1998, #862 ) ;
#3682 = EDGE_CURVE ( 'NONE', #1088, #2903, #843, .T. ) ;
#3683 = AXIS2_PLACEMENT_3D ( 'NONE', #3063, #2395, #4031 ) ;
#3684 = DIRECTION ( 'NONE',  ( 0.000000000000000000, 0.000000000000000000, -1.000000000000000000 ) ) ;
#3685 = CARTESIAN_POINT ( 'NONE',  ( -3.225907752082814550, 2.927500000000065050, -2.032499999999999307 ) ) ;
#3686 = EDGE_LOOP ( 'NONE', ( #1018, #3243, #1281, #382, #1670, #2717, #1377, #3951 ) ) ;
#3687 = CARTESIAN_POINT ( 'NONE',  ( -3.225907752082815438, 2.662500000000064482, 3.047500000000000764 ) ) ;
#3688 = VERTEX_POINT ( 'NONE', #2149 ) ;
#3689 = CYLINDRICAL_SURFACE ( 'NONE', #2691, 0.4650000000000005795 ) ;
#3690 = EDGE_LOOP ( 'NONE', ( #3735, #224, #1977, #2119, #2357, #345, #2414 ) ) ;
#3691 = CARTESIAN_POINT ( 'NONE',  ( -4.102500000000000036, 2.462500000000064304, -2.032499999999999307 ) ) ;
#3692 = EDGE_LOOP ( 'NONE', ( #2571, #3288, #298, #159 ) ) ;
#3693 = VECTOR ( 'NONE', #1699, 1000.000000000000000 ) ;
#3694 = EDGE_LOOP ( 'NONE', ( #3808, #3636, #213, #2210 ) ) ;
#3695 = CARTESIAN_POINT ( 'NONE',  ( -3.225907752082814550, 2.927500000000065050, 2.032500000000001084 ) ) ;
#3696 = ADVANCED_FACE ( 'NONE', ( #2752 ), #2109, .T. ) ;
#3697 = FACE_OUTER_BOUND ( 'NONE', #2660, .T. ) ;
#3698 = LINE ( 'NONE', #3679, #1076 ) ;
#3699 = CARTESIAN_POINT ( 'NONE',  ( 4.102500000000000036, -1.734723475976807094E-15, 1.035000000000002141 ) ) ;
#3700 = LINE ( 'NONE', #2189, #3428 ) ;
#3701 = EDGE_CURVE ( 'NONE', #1549, #711, #1779, .T. ) ;
#3702 = DIRECTION ( 'NONE',  ( -1.000000000000000000, -0.000000000000000000, -0.000000000000000000 ) ) ;
#3703 = ORIENTED_EDGE ( 'NONE', *, *, #960, .F. ) ;
#3704 = DIRECTION ( 'NONE',  ( -1.000000000000000000, -0.000000000000000000, -0.000000000000000000 ) ) ;
#3705 = CARTESIAN_POINT ( 'NONE',  ( 4.102500000000000036, -1.734723475976807094E-15, 1.035000000000002141 ) ) ;
#3706 = VECTOR ( 'NONE', #139, 1000.000000000000000 ) ;
#3707 = ORIENTED_EDGE ( 'NONE', *, *, #2713, .F. ) ;
#3708 = DIRECTION ( 'NONE',  ( -0.000000000000000000, -0.000000000000000000, -1.000000000000000000 ) ) ;
#3709 = PLANE ( 'NONE',  #2606 ) ;
#3710 = LINE ( 'NONE', #2087, #1652 ) ;
#3711 = EDGE_CURVE ( 'NONE', #420, #2573, #1835, .T. ) ;
#3712 = FACE_OUTER_BOUND ( 'NONE', #2561, .T. ) ;
#3713 = CARTESIAN_POINT ( 'NONE',  ( -3.837500000000000355, -3.809999999999999165, 3.047500000000000764 ) ) ;
#3714 = CARTESIAN_POINT ( 'NONE',  ( 3.837499999999999911, 0.000000000000000000, -3.574999999999999734 ) ) ;
#3715 = EDGE_CURVE ( 'NONE', #561, #708, #4006, .T. ) ;
#3716 = FACE_OUTER_BOUND ( 'NONE', #407, .T. ) ;
#3717 = ORIENTED_EDGE ( 'NONE', *, *, #2734, .F. ) ;
#3718 =( LENGTH_UNIT ( ) NAMED_UNIT ( * ) SI_UNIT ( .MILLI., .METRE. ) );
#3719 = ORIENTED_EDGE ( 'NONE', *, *, #2788, .F. ) ;
#3720 = VECTOR ( 'NONE', #824, 1000.000000000000000 ) ;
#3721 = EDGE_CURVE ( 'NONE', #758, #4100, #3108, .T. ) ;
#3722 = CARTESIAN_POINT ( 'NONE',  ( 3.837499999999999911, 2.462500000000064304, 2.032500000000001084 ) ) ;
#3723 = VERTEX_POINT ( 'NONE', #3049 ) ;
#3724 = AXIS2_PLACEMENT_3D ( 'NONE', #3237, #1626, #636 ) ;
#3725 = CARTESIAN_POINT ( 'NONE',  ( 4.102500000000000036, -3.574999999999999734, -1.269999999999998908 ) ) ;
#3726 = VERTEX_POINT ( 'NONE', #4058 ) ;
#3727 = VECTOR ( 'NONE', #3832, 1000.000000000000114 ) ;
#3728 = CARTESIAN_POINT ( 'NONE',  ( -4.102500000000000036, -1.734723475976807094E-15, -4.044999999999998153 ) ) ;
#3729 = DIRECTION ( 'NONE',  ( 0.000000000000000000, 1.000000000000000000, -0.000000000000000000 ) ) ;
#3730 = FACE_OUTER_BOUND ( 'NONE', #1571, .T. ) ;
#3731 = VECTOR ( 'NONE', #3175, 1000.000000000000000 ) ;
#3732 = CIRCLE ( 'NONE', #1941, 0.4650000000000005795 ) ;
#3733 = CARTESIAN_POINT ( 'NONE',  ( 3.225907752082814550, 2.927500000000065050, -0.5074999999999992850 ) ) ;
#3734 = CARTESIAN_POINT ( 'NONE',  ( -3.637499999999999734, 2.462500000000064304, 3.047500000000000764 ) ) ;
#3735 = ORIENTED_EDGE ( 'NONE', *, *, #584, .T. ) ;
#3736 = CIRCLE ( 'NONE', #1476, 0.2349999999999999589 ) ;
#3737 = EDGE_CURVE ( 'NONE', #3421, #1325, #4024, .T. ) ;
#3738 = DIRECTION ( 'NONE',  ( 1.000000000000000000, 0.000000000000000000, 0.000000000000000000 ) ) ;
#3739 = ORIENTED_EDGE ( 'NONE', *, *, #2442, .T. ) ;
#3740 = DIRECTION ( 'NONE',  ( -1.000000000000000000, 0.000000000000000000, 0.000000000000000000 ) ) ;
#3741 = ORIENTED_EDGE ( 'NONE', *, *, #368, .T. ) ;
#3742 = LINE ( 'NONE', #1526, #3940 ) ;
#3743 = VERTEX_POINT ( 'NONE', #1795 ) ;
#3744 = CARTESIAN_POINT ( 'NONE',  ( 3.225907752082815438, 2.662500000000064482, 4.572499999999999787 ) ) ;
#3745 = PRODUCT_DEFINITION_FORMATION_WITH_SPECIFIED_SOURCE ( 'ANY', '', #1297, .NOT_KNOWN. ) ;
#3746 = CARTESIAN_POINT ( 'NONE',  ( 4.102500000000000036, 0.000000000000000000, 4.044999999999999929 ) ) ;
#3747 = AXIS2_PLACEMENT_3D ( 'NONE', #3217, #2892, #49 ) ;
#3748 = CARTESIAN_POINT ( 'NONE',  ( 4.102500000000000036, 0.000000000000000000, -0.5074999999999992850 ) ) ;
#3749 = EDGE_CURVE ( 'NONE', #3988, #1990, #1210, .T. ) ;
#3750 = VECTOR ( 'NONE', #882, 1000.000000000000000 ) ;
#3751 = PLANE ( 'NONE',  #1614 ) ;
#3752 = VECTOR ( 'NONE', #2908, 1000.000000000000000 ) ;
#3753 = AXIS2_PLACEMENT_3D ( 'NONE', #2684, #1046, #3869 ) ;
#3754 = ADVANCED_FACE ( 'NONE', ( #513 ), #1176, .F. ) ;
#3755 = CARTESIAN_POINT ( 'NONE',  ( 3.637499999999999734, 2.662500000000064482, -4.044999999999998153 ) ) ;
#3756 = DIRECTION ( 'NONE',  ( -6.914003491338339945E-17, -1.000000000000000000, 0.000000000000000000 ) ) ;
#3757 = EDGE_CURVE ( 'NONE', #1469, #78, #1158, .T. ) ;
#3758 = LINE ( 'NONE', #296, #3598 ) ;
#3759 = ORIENTED_EDGE ( 'NONE', *, *, #3578, .T. ) ;
#3760 = CARTESIAN_POINT ( 'NONE',  ( 4.102500000000000036, 2.462500000000064304, -3.047499999999999432 ) ) ;
#3761 = EDGE_CURVE ( 'NONE', #1646, #2339, #2443, .T. ) ;
#3762 = CARTESIAN_POINT ( 'NONE',  ( -4.102500000000000036, 2.462500000000064304, -0.5074999999999992850 ) ) ;
#3763 = ORIENTED_EDGE ( 'NONE', *, *, #3543, .F. ) ;
#3764 = DIRECTION ( 'NONE',  ( 0.000000000000000000, 0.000000000000000000, 1.000000000000000000 ) ) ;
#3765 = ORIENTED_EDGE ( 'NONE', *, *, #529, .F. ) ;
#3766 = ORIENTED_EDGE ( 'NONE', *, *, #2496, .T. ) ;
#3767 = CARTESIAN_POINT ( 'NONE',  ( 3.837499999999999911, 0.000000000000000000, -3.047499999999999432 ) ) ;
#3768 = DIRECTION ( 'NONE',  ( 0.000000000000000000, 0.000000000000000000, 1.000000000000000000 ) ) ;
#3769 = EDGE_CURVE ( 'NONE', #4081, #3458, #222, .T. ) ;
#3770 = DIRECTION ( 'NONE',  ( -1.000000000000000000, 0.000000000000000000, 0.000000000000000000 ) ) ;
#3771 = ADVANCED_FACE ( 'NONE', ( #1796 ), #586, .F. ) ;
#3772 = ORIENTED_EDGE ( 'NONE', *, *, #1617, .F. ) ;
#3773 = CARTESIAN_POINT ( 'NONE',  ( 3.837499999999999911, -3.575000000000000178, -3.574999999999999289 ) ) ;
#3774 = CARTESIAN_POINT ( 'NONE',  ( -3.058971298493843971, 4.835592395759440443, -4.456471298493844380 ) ) ;
#3775 = CARTESIAN_POINT ( 'NONE',  ( -4.102500000000000036, 0.000000000000000000, -1.034999999999999476 ) ) ;
#3776 = ORIENTED_EDGE ( 'NONE', *, *, #3456, .F. ) ;
#3777 = SURFACE_STYLE_FILL_AREA ( #923 ) ;
#3778 = ORIENTED_EDGE ( 'NONE', *, *, #326, .T. ) ;
#3779 = CARTESIAN_POINT ( 'NONE',  ( 4.102500000000000036, 2.462500000000064304, 4.572499999999999787 ) ) ;
#3780 = ADVANCED_FACE ( 'NONE', ( #861 ), #2427, .F. ) ;
#3781 = ORIENTED_EDGE ( 'NONE', *, *, #1357, .F. ) ;
#3782 = PLANE ( 'NONE',  #1081 ) ;
#3783 = VERTEX_POINT ( 'NONE', #4025 ) ;
#3784 = FACE_OUTER_BOUND ( 'NONE', #1601, .T. ) ;
#3785 = AXIS2_PLACEMENT_3D ( 'NONE', #839, #2746, #2122 ) ;
#3786 = ADVANCED_FACE ( 'NONE', ( #1854 ), #2126, .T. ) ;
#3787 = CARTESIAN_POINT ( 'NONE',  ( 3.225907752082814550, 2.927500000000064606, -4.044999999999998153 ) ) ;
#3788 = DIRECTION ( 'NONE',  ( 0.000000000000000000, -0.000000000000000000, 1.000000000000000000 ) ) ;
#3789 = AXIS2_PLACEMENT_3D ( 'NONE', #1087, #2352, #169 ) ;
#3790 = EDGE_CURVE ( 'NONE', #3295, #1240, #1102, .T. ) ;
#3791 = CIRCLE ( 'NONE', #1524, 0.4000000000000001887 ) ;
#3792 = CARTESIAN_POINT ( 'NONE',  ( 3.237499999999999822, 2.795000000000064766, -2.032499999999999307 ) ) ;
#3793 = VECTOR ( 'NONE', #163, 1000.000000000000000 ) ;
#3794 = CARTESIAN_POINT ( 'NONE',  ( -3.225907752082815438, 2.662500000000064482, 0.5075000000000009504 ) ) ;
#3795 = EDGE_CURVE ( 'NONE', #2764, #3870, #3050, .T. ) ;
#3796 = DIRECTION ( 'NONE',  ( -0.000000000000000000, 1.000000000000000000, -0.000000000000000000 ) ) ;
#3797 = DIRECTION ( 'NONE',  ( 1.000000000000000000, 0.000000000000000000, -0.000000000000000000 ) ) ;
#3798 = VECTOR ( 'NONE', #1453, 999.9999999999998863 ) ;
#3799 = DIRECTION ( 'NONE',  ( 0.000000000000000000, -1.213093339843921105E-16, -1.000000000000000000 ) ) ;
#3800 = ORIENTED_EDGE ( 'NONE', *, *, #2491, .F. ) ;
#3801 = PRESENTATION_LAYER_ASSIGNMENT (  '', '', ( #272 ) ) ;
#3802 =( NAMED_UNIT ( * ) PLANE_ANGLE_UNIT ( ) SI_UNIT ( $, .RADIAN. ) );
#3803 = ADVANCED_FACE ( 'NONE', ( #276 ), #2169, .F. ) ;
#3804 = CARTESIAN_POINT ( 'NONE',  ( 4.102500000000000036, -3.575000000000000178, -1.034999999999999032 ) ) ;
#3805 = VERTEX_POINT ( 'NONE', #2808 ) ;
#3806 = CARTESIAN_POINT ( 'NONE',  ( 3.637499999999999734, 2.662500000000064482, 2.032500000000001084 ) ) ;
#3807 = ORIENTED_EDGE ( 'NONE', *, *, #2960, .T. ) ;
#3808 = ORIENTED_EDGE ( 'NONE', *, *, #3253, .T. ) ;
#3809 = LINE ( 'NONE', #1891, #1191 ) ;
#3810 = DIRECTION ( 'NONE',  ( -0.000000000000000000, 1.000000000000000000, 2.426186679687843197E-16 ) ) ;
#3811 = EDGE_CURVE ( 'NONE', #259, #3902, #3700, .T. ) ;
#3812 = AXIS2_PLACEMENT_3D ( 'NONE', #767, #120, #744 ) ;
#3813 = CARTESIAN_POINT ( 'NONE',  ( -4.102500000000000036, 0.000000000000000000, -3.574999999999999734 ) ) ;
#3814 = AXIS2_PLACEMENT_3D ( 'NONE', #1342, #3013, #3603 ) ;
#3815 = CARTESIAN_POINT ( 'NONE',  ( 3.237499999999999822, 2.795000000000064766, -3.047499999999999432 ) ) ;
#3816 = CARTESIAN_POINT ( 'NONE',  ( 0.000000000000000000, 4.570000000000000284, 0.000000000000000000 ) ) ;
#3817 = CARTESIAN_POINT ( 'NONE',  ( 3.837500000000000355, -3.809999999999999165, 3.047500000000000764 ) ) ;
#3818 = VERTEX_POINT ( 'NONE', #3714 ) ;
#3819 = VECTOR ( 'NONE', #4093, 1000.000000000000000 ) ;
#3820 = DIRECTION ( 'NONE',  ( 0.000000000000000000, -1.213093339843921105E-16, -1.000000000000000000 ) ) ;
#3821 = ORIENTED_EDGE ( 'NONE', *, *, #1151, .T. ) ;
#3822 = CARTESIAN_POINT ( 'NONE',  ( -3.637499999999999734, 2.462500000000064304, -2.032499999999999307 ) ) ;
#3823 = CARTESIAN_POINT ( 'NONE',  ( -2.337500000000000355, 4.169999999999999929, -4.135000000000000675 ) ) ;
#3824 = EDGE_CURVE ( 'NONE', #3580, #711, #3411, .T. ) ;
#3825 = ORIENTED_EDGE ( 'NONE', *, *, #245, .T. ) ;
#3826 = DIRECTION ( 'NONE',  ( -0.000000000000000000, -0.000000000000000000, -1.000000000000000000 ) ) ;
#3827 = ORIENTED_EDGE ( 'NONE', *, *, #3445, .F. ) ;
#3828 = ORIENTED_EDGE ( 'NONE', *, *, #721, .F. ) ;
#3829 = ORIENTED_EDGE ( 'NONE', *, *, #1398, .F. ) ;
#3830 = DIRECTION ( 'NONE',  ( -0.000000000000000000, 0.000000000000000000, -1.000000000000000000 ) ) ;
#3831 = DIRECTION ( 'NONE',  ( 0.000000000000000000, 0.000000000000000000, 1.000000000000000000 ) ) ;
#3832 = DIRECTION ( 'NONE',  ( -0.08715574274765516827, -0.9961946980917457672, -0.000000000000000000 ) ) ;
#3833 = ADVANCED_FACE ( 'NONE', ( #527 ), #844, .F. ) ;
#3834 = FACE_OUTER_BOUND ( 'NONE', #3474, .T. ) ;
#3835 = FACE_OUTER_BOUND ( 'NONE', #2029, .T. ) ;
#3836 = CARTESIAN_POINT ( 'NONE',  ( -3.837499999999999911, 2.462500000000064304, -2.032499999999999307 ) ) ;
#3837 = ORIENTED_EDGE ( 'NONE', *, *, #1500, .T. ) ;
#3838 = CARTESIAN_POINT ( 'NONE',  ( 3.237499999999999822, 2.794999999999936424, -4.634999999999999787 ) ) ;
#3839 = DIRECTION ( 'NONE',  ( -0.000000000000000000, 1.000000000000000000, -0.000000000000000000 ) ) ;
#3840 = EDGE_LOOP ( 'NONE', ( #2311, #173, #2978, #1745 ) ) ;
#3841 = EDGE_CURVE ( 'NONE', #3895, #485, #1503, .T. ) ;
#3842 = CARTESIAN_POINT ( 'NONE',  ( 3.637499999999999734, 2.662500000000064482, -3.047499999999999432 ) ) ;
#3843 = EDGE_LOOP ( 'NONE', ( #3171, #1998, #2035, #3374 ) ) ;
#3844 = DIRECTION ( 'NONE',  ( 0.000000000000000000, 0.000000000000000000, 1.000000000000000000 ) ) ;
#3845 = EDGE_CURVE ( 'NONE', #1823, #151, #101, .T. ) ;
#3846 = ORIENTED_EDGE ( 'NONE', *, *, #3666, .T. ) ;
#3847 = DIRECTION ( 'NONE',  ( -1.000000000000000000, -0.000000000000000000, -0.000000000000000000 ) ) ;
#3848 = VECTOR ( 'NONE', #523, 1000.000000000000000 ) ;
#3849 = DIRECTION ( 'NONE',  ( 0.000000000000000000, 1.000000000000000000, 0.000000000000000000 ) ) ;
#3850 = AXIS2_PLACEMENT_3D ( 'NONE', #3414, #4078, #964 ) ;
#3851 = CARTESIAN_POINT ( 'NONE',  ( 3.837499999999999911, 2.462500000000064304, 2.032500000000001084 ) ) ;
#3852 = CARTESIAN_POINT ( 'NONE',  ( -3.225907752082815438, 2.662500000000064482, -2.032499999999999307 ) ) ;
#3853 = AXIS2_PLACEMENT_3D ( 'NONE', #2271, #3234, #1717 ) ;
#3854 = DIRECTION ( 'NONE',  ( 0.000000000000000000, 1.000000000000000000, -1.213093339843921105E-16 ) ) ;
#3855 = FACE_OUTER_BOUND ( 'NONE', #1976, .T. ) ;
#3856 = PRESENTATION_STYLE_ASSIGNMENT (( #3881 ) ) ;
#3857 = VECTOR ( 'NONE', #3018, 999.9999999999998863 ) ;
#3858 = FACE_OUTER_BOUND ( 'NONE', #374, .T. ) ;
#3859 = ORIENTED_EDGE ( 'NONE', *, *, #375, .T. ) ;
#3860 = VERTEX_POINT ( 'NONE', #4007 ) ;
#3861 = EDGE_CURVE ( 'NONE', #827, #3201, #2110, .T. ) ;
#3862 = DIRECTION ( 'NONE',  ( 0.000000000000000000, 0.000000000000000000, 1.000000000000000000 ) ) ;
#3863 = ORIENTED_EDGE ( 'NONE', *, *, #3549, .T. ) ;
#3864 = DIRECTION ( 'NONE',  ( -0.08715574274765516827, -0.9961946980917457672, -0.000000000000000000 ) ) ;
#3865 = ORIENTED_EDGE ( 'NONE', *, *, #2257, .F. ) ;
#3866 = ORIENTED_EDGE ( 'NONE', *, *, #2678, .F. ) ;
#3867 = VECTOR ( 'NONE', #1127, 1000.000000000000114 ) ;
#3868 = ORIENTED_EDGE ( 'NONE', *, *, #2073, .F. ) ;
#3869 = DIRECTION ( 'NONE',  ( 1.000000000000000000, 0.000000000000000000, 0.000000000000000000 ) ) ;
#3870 = VERTEX_POINT ( 'NONE', #571 ) ;
#3871 = DIRECTION ( 'NONE',  ( 1.000000000000000000, 0.000000000000000000, 0.000000000000000000 ) ) ;
#3872 = EDGE_CURVE ( 'NONE', #1164, #877, #1837, .T. ) ;
#3873 = FACE_OUTER_BOUND ( 'NONE', #991, .T. ) ;
#3874 = FACE_OUTER_BOUND ( 'NONE', #110, .T. ) ;
#3875 = LINE ( 'NONE', #45, #3222 ) ;
#3876 = ORIENTED_EDGE ( 'NONE', *, *, #3976, .F. ) ;
#3877 = EDGE_CURVE ( 'NONE', #2355, #2802, #1230, .T. ) ;
#3878 = COLOUR_RGB ( '',0.2509803921568627416, 0.2509803921568627416, 0.2509803921568627416 ) ;
#3879 = LINE ( 'NONE', #1672, #144 ) ;
#3880 = LINE ( 'NONE', #1055, #2399 ) ;
#3881 = SURFACE_STYLE_USAGE ( .BOTH. , #1365 ) ;
#3882 = CARTESIAN_POINT ( 'NONE',  ( 3.237499999999999822, 2.795000000000064766, 2.032500000000001084 ) ) ;
#3883 = ORIENTED_EDGE ( 'NONE', *, *, #3172, .F. ) ;
#3884 = VECTOR ( 'NONE', #2467, 1000.000000000000000 ) ;
#3885 = VERTEX_POINT ( 'NONE', #3388 ) ;
#3886 = EDGE_CURVE ( 'NONE', #1990, #908, #4076, .T. ) ;
#3887 = CARTESIAN_POINT ( 'NONE',  ( 4.102500000000000036, 0.000000000000000000, 2.032500000000001084 ) ) ;
#3888 = PLANE ( 'NONE',  #3328 ) ;
#3889 = VERTEX_POINT ( 'NONE', #3510 ) ;
#3890 = DIRECTION ( 'NONE',  ( 0.000000000000000000, 0.000000000000000000, 1.000000000000000000 ) ) ;
#3891 = EDGE_CURVE ( 'NONE', #2339, #3889, #3090, .T. ) ;
#3892 = VERTEX_POINT ( 'NONE', #3836 ) ;
#3893 = EDGE_LOOP ( 'NONE', ( #1041, #3134, #388, #2654, #2511, #980, #1149, #2056 ) ) ;
#3894 = CARTESIAN_POINT ( 'NONE',  ( 3.837499999999999911, 0.000000000000000000, -0.5074999999999992850 ) ) ;
#3895 = VERTEX_POINT ( 'NONE', #1605 ) ;
#3896 = EDGE_LOOP ( 'NONE', ( #3565, #1186, #2102, #2373, #2997, #3781, #2161, #55 ) ) ;
#3897 = PLANE ( 'NONE',  #1110 ) ;
#3898 = EDGE_CURVE ( 'NONE', #1347, #2683, #3491, .T. ) ;
#3899 = FACE_OUTER_BOUND ( 'NONE', #3840, .T. ) ;
#3900 = LINE ( 'NONE', #1029, #2923 ) ;
#3901 = EDGE_CURVE ( 'NONE', #3201, #642, #353, .T. ) ;
#3902 = VERTEX_POINT ( 'NONE', #3192 ) ;
#3903 = DIRECTION ( 'NONE',  ( -6.914003491338339945E-17, 1.000000000000000000, -1.213093339843921105E-16 ) ) ;
#3904 = DIRECTION ( 'NONE',  ( -1.000000000000000000, 0.000000000000000000, 0.000000000000000000 ) ) ;
#3905 = DIRECTION ( 'NONE',  ( -1.000000000000000000, -0.000000000000000000, -0.000000000000000000 ) ) ;
#3906 = CARTESIAN_POINT ( 'NONE',  ( 3.637499999999999734, 2.462500000000064304, -3.047499999999999432 ) ) ;
#3907 = ORIENTED_EDGE ( 'NONE', *, *, #2022, .F. ) ;
#3908 = DIRECTION ( 'NONE',  ( 1.000000000000000000, 0.000000000000000000, 0.000000000000000000 ) ) ;
#3909 = DIRECTION ( 'NONE',  ( -1.000000000000000000, -1.053666270899885882E-15, 0.000000000000000000 ) ) ;
#3910 = ORIENTED_EDGE ( 'NONE', *, *, #3824, .F. ) ;
#3911 = LINE ( 'NONE', #2020, #2198 ) ;
#3912 = ORIENTED_EDGE ( 'NONE', *, *, #417, .F. ) ;
#3913 = ORIENTED_EDGE ( 'NONE', *, *, #3350, .F. ) ;
#3914 = CARTESIAN_POINT ( 'NONE',  ( 3.637499999999999734, 2.462500000000064304, 2.032500000000001084 ) ) ;
#3915 = ORIENTED_EDGE ( 'NONE', *, *, #1838, .T. ) ;
#3916 = DIRECTION ( 'NONE',  ( 6.914003491338339945E-17, 1.000000000000000000, 0.000000000000000000 ) ) ;
#3917 = CARTESIAN_POINT ( 'NONE',  ( -3.837499999999999023, -1.734723475976807094E-15, 3.047500000000001652 ) ) ;
#3918 = EDGE_CURVE ( 'NONE', #3261, #3269, #3297, .T. ) ;
#3919 = CARTESIAN_POINT ( 'NONE',  ( -3.637499999999999734, 2.662500000000064482, 2.032500000000001084 ) ) ;
#3920 = DIRECTION ( 'NONE',  ( -1.000000000000000000, 0.000000000000000000, 0.000000000000000000 ) ) ;
#3921 = VECTOR ( 'NONE', #3909, 1000.000000000000000 ) ;
#3922 = VECTOR ( 'NONE', #1121, 1000.000000000000000 ) ;
#3923 = EDGE_CURVE ( 'NONE', #4049, #2499, #295, .T. ) ;
#3924 = CARTESIAN_POINT ( 'NONE',  ( -4.102500000000000036, 0.000000000000000000, -0.5074999999999992850 ) ) ;
#3925 = SURFACE_SIDE_STYLE ('',( #1080 ) ) ;
#3926 = DIRECTION ( 'NONE',  ( 0.000000000000000000, 1.000000000000000000, 0.000000000000000000 ) ) ;
#3927 = CIRCLE ( 'NONE', #932, 0.4650000000000005795 ) ;
#3928 = PLANE ( 'NONE',  #542 ) ;
#3929 = CARTESIAN_POINT ( 'NONE',  ( 3.082207622241484923, 4.570000000000000284, 4.479707622241483556 ) ) ;
#3930 = ORIENTED_EDGE ( 'NONE', *, *, #121, .T. ) ;
#3931 = CLOSED_SHELL ( 'NONE', ( #2696, #240, #3158, #184, #2167, #2391, #1085, #461, #1875, #2134, #445, #435, #3584 ) ) ;
#3932 = AXIS2_PLACEMENT_3D ( 'NONE', #288, #2836, #2558 ) ;
#3933 = DIRECTION ( 'NONE',  ( 0.000000000000000000, 0.000000000000000000, -1.000000000000000000 ) ) ;
#3934 = ORIENTED_EDGE ( 'NONE', *, *, #3577, .F. ) ;
#3935 = AXIS2_PLACEMENT_3D ( 'NONE', #2677, #149, #3953 ) ;
#3936 = VECTOR ( 'NONE', #2849, 1000.000000000000000 ) ;
#3937 = EDGE_LOOP ( 'NONE', ( #4012, #1492, #157, #1328 ) ) ;
#3938 = FACE_OUTER_BOUND ( 'NONE', #1770, .T. ) ;
#3939 = ORIENTED_EDGE ( 'NONE', *, *, #3139, .F. ) ;
#3940 = VECTOR ( 'NONE', #2173, 1000.000000000000000 ) ;
#3941 =( GEOMETRIC_REPRESENTATION_CONTEXT ( 3 ) GLOBAL_UNCERTAINTY_ASSIGNED_CONTEXT ( ( #1850 ) ) GLOBAL_UNIT_ASSIGNED_CONTEXT ( ( #3718, #3495, #1584 ) ) REPRESENTATION_CONTEXT ( 'NONE', 'WORKASPACE' ) );
#3942 = DIRECTION ( 'NONE',  ( 0.000000000000000000, -0.000000000000000000, 1.000000000000000000 ) ) ;
#3943 = DIRECTION ( 'NONE',  ( 0.000000000000000000, 1.000000000000000000, 0.000000000000000000 ) ) ;
#3944 = ADVANCED_FACE ( 'NONE', ( #1641 ), #634, .F. ) ;
#3945 = LINE ( 'NONE', #2345, #1199 ) ;
#3946 = PRESENTATION_STYLE_ASSIGNMENT (( #1718 ) ) ;
#3947 = EDGE_LOOP ( 'NONE', ( #1879, #1349, #1529, #2597, #3934, #1612 ) ) ;
#3948 = STYLED_ITEM ( 'NONE', ( #3946 ), #3242 ) ;
#3949 = VERTEX_POINT ( 'NONE', #1624 ) ;
#3950 = CARTESIAN_POINT ( 'NONE',  ( -3.837500000000000355, -3.809999999999999165, -1.034999999999999032 ) ) ;
#3951 = ORIENTED_EDGE ( 'NONE', *, *, #3969, .T. ) ;
#3952 = PRESENTATION_LAYER_ASSIGNMENT (  '', '', ( #1025 ) ) ;
#3953 = DIRECTION ( 'NONE',  ( 0.000000000000000000, -0.000000000000000000, 1.000000000000000000 ) ) ;
#3954 = CARTESIAN_POINT ( 'NONE',  ( -3.237499999999999822, 4.570000000000000284, -4.479707622241485332 ) ) ;
#3955 = VERTEX_POINT ( 'NONE', #1311 ) ;
#3956 = CARTESIAN_POINT ( 'NONE',  ( 4.102500000000000036, -3.574999999999999734, 1.270000000000001128 ) ) ;
#3957 = VECTOR ( 'NONE', #381, 1000.000000000000000 ) ;
#3958 = ORIENTED_EDGE ( 'NONE', *, *, #2828, .F. ) ;
#3959 = EDGE_CURVE ( 'NONE', #554, #703, #1898, .T. ) ;
#3960 = ORIENTED_EDGE ( 'NONE', *, *, #1212, .T. ) ;
#3961 = FACE_OUTER_BOUND ( 'NONE', #84, .T. ) ;
#3962 = CIRCLE ( 'NONE', #3812, 0.4000000000000001887 ) ;
#3963 = ORIENTED_EDGE ( 'NONE', *, *, #548, .T. ) ;
#3964 = DIRECTION ( 'NONE',  ( -0.000000000000000000, -0.000000000000000000, -1.000000000000000000 ) ) ;
#3965 = DIRECTION ( 'NONE',  ( 0.000000000000000000, -0.000000000000000000, -1.000000000000000000 ) ) ;
#3966 = CARTESIAN_POINT ( 'NONE',  ( -3.225907752082814550, 2.927500000000065050, 3.047500000000000764 ) ) ;
#3967 = CARTESIAN_POINT ( 'NONE',  ( 3.225907752082815438, 2.662500000000064482, -3.047499999999999432 ) ) ;
#3968 = FACE_OUTER_BOUND ( 'NONE', #644, .T. ) ;
#3969 = EDGE_CURVE ( 'NONE', #1421, #4081, #1580, .T. ) ;
#3970 = FACE_OUTER_BOUND ( 'NONE', #968, .T. ) ;
#3971 = EDGE_CURVE ( 'NONE', #2981, #502, #2032, .T. ) ;
#3972 = CARTESIAN_POINT ( 'NONE',  ( -4.102500000000000036, 0.000000000000000000, -0.5074999999999992850 ) ) ;
#3973 = ORIENTED_EDGE ( 'NONE', *, *, #3886, .T. ) ;
#3974 = DIRECTION ( 'NONE',  ( 0.000000000000000000, -1.000000000000000000, 0.000000000000000000 ) ) ;
#3975 = VERTEX_POINT ( 'NONE', #1334 ) ;
#3976 = EDGE_CURVE ( 'NONE', #1593, #3277, #1824, .T. ) ;
#3977 = PLANE ( 'NONE',  #2158 ) ;
#3978 = ORIENTED_EDGE ( 'NONE', *, *, #1438, .T. ) ;
#3979 = EDGE_CURVE ( 'NONE', #1649, #3870, #3, .T. ) ;
#3980 = CARTESIAN_POINT ( 'NONE',  ( -3.225907752082815438, 2.662500000000064482, -3.047499999999999432 ) ) ;
#3981 = EDGE_LOOP ( 'NONE', ( #194, #1106, #2435, #1681 ) ) ;
#3982 = LINE ( 'NONE', #3728, #1156 ) ;
#3983 = CARTESIAN_POINT ( 'NONE',  ( -3.837500000000000355, -3.809999999999999165, -3.574999999999999289 ) ) ;
#3984 = LINE ( 'NONE', #4035, #2728 ) ;
#3985 = CARTESIAN_POINT ( 'NONE',  ( -4.102500000000000036, 2.462500000000064304, -0.5074999999999992850 ) ) ;
#3986 = AXIS2_PLACEMENT_3D ( 'NONE', #4021, #3067, #4002 ) ;
#3987 = LINE ( 'NONE', #2826, #1733 ) ;
#3988 = VERTEX_POINT ( 'NONE', #1004 ) ;
#3989 = DIRECTION ( 'NONE',  ( -0.08715574274765516827, 0.9961946980917457672, 0.000000000000000000 ) ) ;
#3990 = ORIENTED_EDGE ( 'NONE', *, *, #3538, .T. ) ;
#3991 = VECTOR ( 'NONE', #2428, 1000.000000000000000 ) ;
#3992 = EDGE_CURVE ( 'NONE', #2224, #2669, #1961, .T. ) ;
#3993 = CARTESIAN_POINT ( 'NONE',  ( 3.837499999999999911, 0.000000000000000000, -0.5074999999999992850 ) ) ;
#3994 = AXIS2_PLACEMENT_3D ( 'NONE', #700, #3238, #3904 ) ;
#3995 = AXIS2_PLACEMENT_3D ( 'NONE', #2560, #19, #306 ) ;
#3996 = VERTEX_POINT ( 'NONE', #1273 ) ;
#3997 = CARTESIAN_POINT ( 'NONE',  ( -3.237499999999999822, 2.795000000000064766, -2.032499999999999307 ) ) ;
#3998 = CIRCLE ( 'NONE', #815, 0.2349999999999999589 ) ;
#3999 = ORIENTED_EDGE ( 'NONE', *, *, #3212, .F. ) ;
#4000 = CARTESIAN_POINT ( 'NONE',  ( -4.102500000000000036, -3.574999999999999734, -1.269999999999998908 ) ) ;
#4001 = VECTOR ( 'NONE', #2957, 1000.000000000000114 ) ;
#4002 = DIRECTION ( 'NONE',  ( -1.000000000000000000, 0.000000000000000000, 0.000000000000000000 ) ) ;
#4003 = CARTESIAN_POINT ( 'NONE',  ( 4.102500000000000036, 0.000000000000000000, 2.032500000000001084 ) ) ;
#4004 = EDGE_CURVE ( 'NONE', #1932, #2470, #2233, .T. ) ;
#4005 = EDGE_CURVE ( 'NONE', #2353, #544, #3875, .T. ) ;
#4006 = LINE ( 'NONE', #3733, #3218 ) ;
#4007 = CARTESIAN_POINT ( 'NONE',  ( -4.102500000000000036, 0.000000000000000000, -2.032499999999999307 ) ) ;
#4008 = ORIENTED_EDGE ( 'NONE', *, *, #2742, .T. ) ;
#4009 = LINE ( 'NONE', #2679, #3991 ) ;
#4010 = ORIENTED_EDGE ( 'NONE', *, *, #3073, .T. ) ;
#4011 = LINE ( 'NONE', #2057, #3798 ) ;
#4012 = ORIENTED_EDGE ( 'NONE', *, *, #2039, .F. ) ;
#4013 = FACE_OUTER_BOUND ( 'NONE', #2792, .T. ) ;
#4014 = EDGE_CURVE ( 'NONE', #3330, #926, #2582, .T. ) ;
#4015 =( GEOMETRIC_REPRESENTATION_CONTEXT ( 3 ) GLOBAL_UNCERTAINTY_ASSIGNED_CONTEXT ( ( #605 ) ) GLOBAL_UNIT_ASSIGNED_CONTEXT ( ( #648, #3524, #3466 ) ) REPRESENTATION_CONTEXT ( 'NONE', 'WORKASPACE' ) );
#4016 = ORIENTED_EDGE ( 'NONE', *, *, #2754, .T. ) ;
#4017 = PLANE ( 'NONE',  #1552 ) ;
#4018 = EDGE_LOOP ( 'NONE', ( #390, #953, #2292, #2811 ) ) ;
#4019 = AXIS2_PLACEMENT_3D ( 'NONE', #333, #654, #1920 ) ;
#4020 = LINE ( 'NONE', #1206, #138 ) ;
#4021 = CARTESIAN_POINT ( 'NONE',  ( 3.637499999999999734, 2.462500000000064304, -2.032499999999999307 ) ) ;
#4022 = CARTESIAN_POINT ( 'NONE',  ( -3.637499999999999734, 2.662500000000064482, -4.044999999999998153 ) ) ;
#4023 = EDGE_CURVE ( 'NONE', #2976, #1240, #1030, .T. ) ;
#4024 = LINE ( 'NONE', #1464, #3558 ) ;
#4025 = CARTESIAN_POINT ( 'NONE',  ( 3.837500000000000355, -3.575000000000000178, 3.575000000000001066 ) ) ;
#4026 = DIRECTION ( 'NONE',  ( -0.000000000000000000, -0.000000000000000000, -1.000000000000000000 ) ) ;
#4027 = ORIENTED_EDGE ( 'NONE', *, *, #4082, .T. ) ;
#4028 = PLANE ( 'NONE',  #1470 ) ;
#4029 = CARTESIAN_POINT ( 'NONE',  ( 3.837499999999999911, -1.734723475976807094E-15, -1.504999999999998117 ) ) ;
#4030 = ORIENTED_EDGE ( 'NONE', *, *, #3918, .T. ) ;
#4031 = DIRECTION ( 'NONE',  ( 1.000000000000000000, -1.301042606982604690E-14, 0.000000000000000000 ) ) ;
#4032 = EDGE_LOOP ( 'NONE', ( #1522, #3532, #3165, #587, #3973, #2884, #3113, #3496 ) ) ;
#4033 = CARTESIAN_POINT ( 'NONE',  ( 3.637499999999999734, 2.662500000000064482, -3.047499999999999432 ) ) ;
#4034 = PLANE ( 'NONE',  #2324 ) ;
#4035 = CARTESIAN_POINT ( 'NONE',  ( 4.102500000000000036, -1.734723475976807094E-15, -4.044999999999998153 ) ) ;
#4036 = EDGE_CURVE ( 'NONE', #3179, #827, #3552, .T. ) ;
#4037 = DIRECTION ( 'NONE',  ( -0.000000000000000000, 1.000000000000000000, 2.426186679687843197E-16 ) ) ;
#4038 = DIRECTION ( 'NONE',  ( 1.000000000000000000, -0.000000000000000000, -0.000000000000000000 ) ) ;
#4039 = CARTESIAN_POINT ( 'NONE',  ( -2.337500000000000355, 4.169999999999999929, -3.735000000000000320 ) ) ;
#4040 = CARTESIAN_POINT ( 'NONE',  ( -4.102500000000000036, -1.734723475976807094E-15, 3.575000000000001954 ) ) ;
#4041 = FILL_AREA_STYLE ('',( #1859 ) ) ;
#4042 = VECTOR ( 'NONE', #425, 1000.000000000000000 ) ;
#4043 = CARTESIAN_POINT ( 'NONE',  ( 3.837500000000000355, -3.574999999999999734, 3.810000000000000941 ) ) ;
#4044 = ADVANCED_FACE ( 'NONE', ( #67 ), #2297, .T. ) ;
#4045 = VERTEX_POINT ( 'NONE', #3255 ) ;
#4046 = AXIS2_PLACEMENT_3D ( 'NONE', #2657, #2095, #1386 ) ;
#4047 = DIRECTION ( 'NONE',  ( 6.914003491338339945E-17, 1.000000000000000000, 2.426186679687843197E-16 ) ) ;
#4048 = ORIENTED_EDGE ( 'NONE', *, *, #671, .T. ) ;
#4049 = VERTEX_POINT ( 'NONE', #470 ) ;
#4050 = VECTOR ( 'NONE', #2807, 1000.000000000000000 ) ;
#4051 = FACE_OUTER_BOUND ( 'NONE', #3294, .T. ) ;
#4052 = EDGE_CURVE ( 'NONE', #1305, #1727, #3962, .T. ) ;
#4053 = EDGE_CURVE ( 'NONE', #2802, #3540, #2318, .T. ) ;
#4054 = CARTESIAN_POINT ( 'NONE',  ( 3.837500000000000355, -3.809999999999999165, -0.5074999999999992850 ) ) ;
#4055 = FILL_AREA_STYLE ('',( #494 ) ) ;
#4056 = VECTOR ( 'NONE', #3989, 1000.000000000000114 ) ;
#4057 = ADVANCED_FACE ( 'NONE', ( #2009 ), #1446, .F. ) ;
#4058 = CARTESIAN_POINT ( 'NONE',  ( -3.837499999999999023, -3.575000000000000178, -3.574999999999999289 ) ) ;
#4059 = CARTESIAN_POINT ( 'NONE',  ( 3.237499999999999822, 2.795000000000064766, -0.5074999999999992850 ) ) ;
#4060 = DIRECTION ( 'NONE',  ( 0.000000000000000000, 1.000000000000000000, 0.000000000000000000 ) ) ;
#4061 = EDGE_LOOP ( 'NONE', ( #1713, #632, #331, #406 ) ) ;
#4062 = FACE_OUTER_BOUND ( 'NONE', #2131, .T. ) ;
#4063 = AXIS2_PLACEMENT_3D ( 'NONE', #3746, #838, #508 ) ;
#4064 = CARTESIAN_POINT ( 'NONE',  ( 4.102500000000000036, -3.575000000000000178, -4.044999999999999041 ) ) ;
#4065 = ORIENTED_EDGE ( 'NONE', *, *, #2522, .T. ) ;
#4066 = CARTESIAN_POINT ( 'NONE',  ( -3.637499999999999734, -1.734723475976807094E-15, -2.032499999999999307 ) ) ;
#4067 = EDGE_CURVE ( 'NONE', #3277, #1805, #3661, .T. ) ;
#4068 = DIRECTION ( 'NONE',  ( 1.000000000000000000, 0.000000000000000000, 0.000000000000000000 ) ) ;
#4069 = COLOUR_RGB ( '',0.7921568627450980005, 0.8196078431372548767, 0.9333333333333333481 ) ;
#4070 = CARTESIAN_POINT ( 'NONE',  ( 3.637499999999999734, 2.927500000000064606, 2.032500000000001084 ) ) ;
#4071 = VECTOR ( 'NONE', #2733, 999.9999999999998863 ) ;
#4072 = CARTESIAN_POINT ( 'NONE',  ( -4.102500000000000036, 0.000000000000000000, 2.032500000000001084 ) ) ;
#4073 = DIRECTION ( 'NONE',  ( 0.000000000000000000, 0.000000000000000000, 1.000000000000000000 ) ) ;
#4074 = VECTOR ( 'NONE', #1786, 1000.000000000000000 ) ;
#4075 = CARTESIAN_POINT ( 'NONE',  ( 4.102500000000000036, -1.734723475976807094E-15, 1.035000000000002141 ) ) ;
#4076 = LINE ( 'NONE', #3774, #2153 ) ;
#4077 = EDGE_LOOP ( 'NONE', ( #762, #3115, #2965, #865 ) ) ;
#4078 = DIRECTION ( 'NONE',  ( 0.000000000000000000, -1.213093339843921105E-16, -1.000000000000000000 ) ) ;
#4079 = ORIENTED_EDGE ( 'NONE', *, *, #2479, .T. ) ;
#4080 = LINE ( 'NONE', #557, #680 ) ;
#4081 = VERTEX_POINT ( 'NONE', #3623 ) ;
#4082 = EDGE_CURVE ( 'NONE', #995, #413, #1428, .T. ) ;
#4083 = LINE ( 'NONE', #1845, #2751 ) ;
#4084 = ORIENTED_EDGE ( 'NONE', *, *, #3761, .T. ) ;
#4085 = DIRECTION ( 'NONE',  ( -0.000000000000000000, -0.000000000000000000, -1.000000000000000000 ) ) ;
#4086 = ADVANCED_FACE ( 'NONE', ( #3968 ), #2384, .F. ) ;
#4087 = ORIENTED_EDGE ( 'NONE', *, *, #1573, .F. ) ;
#4088 = LINE ( 'NONE', #4106, #2128 ) ;
#4089 = DIRECTION ( 'NONE',  ( 1.053666270899885882E-15, -1.000000000000000000, 0.000000000000000000 ) ) ;
#4090 = LINE ( 'NONE', #957, #3423 ) ;
#4091 = DIRECTION ( 'NONE',  ( -0.000000000000000000, -0.000000000000000000, -1.000000000000000000 ) ) ;
#4092 = CARTESIAN_POINT ( 'NONE',  ( 4.102500000000000036, -3.575000000000000178, -3.574999999999999289 ) ) ;
#4093 = DIRECTION ( 'NONE',  ( -0.000000000000000000, -0.000000000000000000, -1.000000000000000000 ) ) ;
#4094 = CARTESIAN_POINT ( 'NONE',  ( 3.637499999999999734, 2.462500000000064304, 2.032500000000001084 ) ) ;
#4095 = DIRECTION ( 'NONE',  ( 0.000000000000000000, -1.000000000000000000, 0.000000000000000000 ) ) ;
#4096 = SURFACE_STYLE_USAGE ( .BOTH. , #3478 ) ;
#4097 = CARTESIAN_POINT ( 'NONE',  ( 3.837499999999999911, -1.734723475976807094E-15, -2.032499999999999307 ) ) ;
#4098 = ORIENTED_EDGE ( 'NONE', *, *, #2239, .T. ) ;
#4099 = DIRECTION ( 'NONE',  ( 0.000000000000000000, 0.000000000000000000, 1.000000000000000000 ) ) ;
#4100 = VERTEX_POINT ( 'NONE', #183 ) ;
#4101 = DIRECTION ( 'NONE',  ( -0.000000000000000000, -0.000000000000000000, -1.000000000000000000 ) ) ;
#4102 = EDGE_CURVE ( 'NONE', #2117, #3996, #94, .T. ) ;
#4103 = VECTOR ( 'NONE', #3103, 1000.000000000000114 ) ;
#4104 = ORIENTED_EDGE ( 'NONE', *, *, #797, .T. ) ;
#4105 = ORIENTED_EDGE ( 'NONE', *, *, #3399, .T. ) ;
#4106 = CARTESIAN_POINT ( 'NONE',  ( 4.102500000000000036, -3.575000000000000178, 1.035000000000001252 ) ) ;
#4107 = VECTOR ( 'NONE', #1984, 1000.000000000000000 ) ;
#4108 = DIRECTION ( 'NONE',  ( 1.000000000000000000, 0.000000000000000000, -0.000000000000000000 ) ) ;
#4109 =( NAMED_UNIT ( * ) SI_UNIT ( $, .STERADIAN. ) SOLID_ANGLE_UNIT ( ) );
#4110 = AXIS2_PLACEMENT_3D ( 'NONE', #609, #3849, #2841 ) ;
#4111 = DIRECTION ( 'NONE',  ( -0.000000000000000000, -0.000000000000000000, -1.000000000000000000 ) ) ;
#4112 = AXIS2_PLACEMENT_3D ( 'NONE', #3462, #3830, #3206 ) ;
ENDSEC;
END-ISO-10303-21;
