ISO-10303-21;
HEADER;
FILE_DESCRIPTION (( 'STEP AP214' ),
    '1' );
FILE_NAME ('NDG3.STEP',
    '2024-05-22T11:57:13',
    ( '' ),
    ( '' ),
    'SwSTEP 2.0',
    'SolidWorks 2021',
    '' );
FILE_SCHEMA (( 'AUTOMOTIVE_DESIGN' ));
ENDSEC;

DATA;
#1 = ORIENTED_EDGE ( 'NONE', *, *, #1551, .F. ) ;
#2 = DIRECTION ( 'NONE',  ( -0.000000000000000000, -0.000000000000000000, -1.000000000000000000 ) ) ;
#3 = VECTOR ( 'NONE', #2162, 39.37007874015748143 ) ;
#4 = CARTESIAN_POINT ( 'NONE',  ( -0.2150000000000000244, 0.1350000000000000089, -0.1240000000000000130 ) ) ;
#5 = ORIENTED_EDGE ( 'NONE', *, *, #1154, .T. ) ;
#6 = LINE ( 'NONE', #2188, #2629 ) ;
#7 = VECTOR ( 'NONE', #950, 39.37007874015748143 ) ;
#8 = LINE ( 'NONE', #929, #1642 ) ;
#9 = CARTESIAN_POINT ( 'NONE',  ( -0.3423613954031050621, 0.000000000000000000, 0.1160000000000000059 ) ) ;
#10 = PRODUCT_CONTEXT ( 'NONE', #965, 'mechanical' ) ;
#11 = ORIENTED_EDGE ( 'NONE', *, *, #2971, .F. ) ;
#12 = ORIENTED_EDGE ( 'NONE', *, *, #1940, .T. ) ;
#13 = VECTOR ( 'NONE', #2430, 39.37007874015748143 ) ;
#14 = LINE ( 'NONE', #1145, #2909 ) ;
#15 = DIRECTION ( 'NONE',  ( -1.000000000000000000, 0.000000000000000000, 0.000000000000000000 ) ) ;
#16 = EDGE_CURVE ( 'NONE', #2487, #315, #111, .T. ) ;
#17 = ORIENTED_EDGE ( 'NONE', *, *, #2933, .T. ) ;
#18 = FACE_OUTER_BOUND ( 'NONE', #1407, .T. ) ;
#19 = PLANE ( 'NONE',  #1108 ) ;
#20 = ORIENTED_EDGE ( 'NONE', *, *, #1310, .T. ) ;
#21 = EDGE_CURVE ( 'NONE', #2836, #236, #2891, .T. ) ;
#22 = DIRECTION ( 'NONE',  ( -0.000000000000000000, -0.000000000000000000, -1.000000000000000000 ) ) ;
#23 = VERTEX_POINT ( 'NONE', #1953 ) ;
#24 = CARTESIAN_POINT ( 'NONE',  ( -0.2087110664860349907, 2.033828669710847460E-17, 0.2000000000000000111 ) ) ;
#25 = LINE ( 'NONE', #703, #1204 ) ;
#26 = ORIENTED_EDGE ( 'NONE', *, *, #283, .F. ) ;
#27 = VERTEX_POINT ( 'NONE', #2675 ) ;
#28 = LINE ( 'NONE', #2634, #13 ) ;
#29 = CARTESIAN_POINT ( 'NONE',  ( -0.3423613954031050621, 0.000000000000000000, 0.1160000000000000059 ) ) ;
#30 = VECTOR ( 'NONE', #797, 39.37007874015748143 ) ;
#31 = ORIENTED_EDGE ( 'NONE', *, *, #551, .F. ) ;
#32 = ADVANCED_FACE ( 'NONE', ( #622 ), #125, .T. ) ;
#33 = ADVANCED_FACE ( 'NONE', ( #2930 ), #1061, .F. ) ;
#34 = CIRCLE ( 'NONE', #801, 0.02272290335825662491 ) ;
#35 = LINE ( 'NONE', #298, #2796 ) ;
#36 = ORIENTED_EDGE ( 'NONE', *, *, #2811, .T. ) ;
#37 = VERTEX_POINT ( 'NONE', #859 ) ;
#38 = VECTOR ( 'NONE', #76, 39.37007874015748143 ) ;
#39 = DIRECTION ( 'NONE',  ( -1.000000000000000000, 0.000000000000000000, 0.000000000000000000 ) ) ;
#40 = AXIS2_PLACEMENT_3D ( 'NONE', #1779, #2208, #1052 ) ;
#41 = CARTESIAN_POINT ( 'NONE',  ( -0.2892278902548706121, 0.06468780004100638248, -0.07600000000000002587 ) ) ;
#42 = VERTEX_POINT ( 'NONE', #796 ) ;
#43 = AXIS2_PLACEMENT_3D ( 'NONE', #1461, #1911, #748 ) ;
#44 = DIRECTION ( 'NONE',  ( 0.3749599945324800232, 0.9270409928909306707, -0.000000000000000000 ) ) ;
#45 = DIRECTION ( 'NONE',  ( -0.9270409928909308928, 0.3749599945324795236, 0.000000000000000000 ) ) ;
#46 = CARTESIAN_POINT ( 'NONE',  ( 0.1249999999999999584, 0.05000000000000000971, 0.2000000000000000111 ) ) ;
#47 = ORIENTED_EDGE ( 'NONE', *, *, #330, .F. ) ;
#48 = VECTOR ( 'NONE', #2199, 39.37007874015748143 ) ;
#49 = FACE_OUTER_BOUND ( 'NONE', #341, .T. ) ;
#50 = DIRECTION ( 'NONE',  ( -1.000000000000000000, 0.000000000000000000, 0.000000000000000000 ) ) ;
#51 = EDGE_LOOP ( 'NONE', ( #1525, #926, #2354, #2044 ) ) ;
#52 = LINE ( 'NONE', #2378, #1358 ) ;
#53 = PRESENTATION_LAYER_ASSIGNMENT (  '', '', ( #1078 ) ) ;
#54 = DIRECTION ( 'NONE',  ( -1.000000000000000000, 0.000000000000000000, 0.000000000000000000 ) ) ;
#55 = CIRCLE ( 'NONE', #1126, 0.02499999999999997363 ) ;
#56 = VECTOR ( 'NONE', #2151, 39.37007874015748143 ) ;
#57 = DIRECTION ( 'NONE',  ( 0.000000000000000000, 1.000000000000000000, -0.000000000000000000 ) ) ;
#58 = LINE ( 'NONE', #1930, #38 ) ;
#59 = DIRECTION ( 'NONE',  ( -0.000000000000000000, -0.000000000000000000, -1.000000000000000000 ) ) ;
#60 = ORIENTED_EDGE ( 'NONE', *, *, #2616, .F. ) ;
#61 = EDGE_CURVE ( 'NONE', #564, #1231, #2230, .T. ) ;
#62 = ORIENTED_EDGE ( 'NONE', *, *, #1253, .T. ) ;
#63 = FILL_AREA_STYLE_COLOUR ( '', #690 ) ;
#64 = DIRECTION ( 'NONE',  ( -5.205503036707817671E-17, 2.257527080511402581E-35, 1.000000000000000000 ) ) ;
#65 = CARTESIAN_POINT ( 'NONE',  ( 0.08300000000000015699, 0.05000000000000000971, 0.1639999999999999791 ) ) ;
#66 = EDGE_CURVE ( 'NONE', #1912, #1933, #142, .T. ) ;
#67 = ORIENTED_EDGE ( 'NONE', *, *, #630, .T. ) ;
#68 = ORIENTED_EDGE ( 'NONE', *, *, #2667, .T. ) ;
#69 = PLANE ( 'NONE',  #1680 ) ;
#70 = CARTESIAN_POINT ( 'NONE',  ( 0.1249999999999999584, 2.021829857959411290E-17, 0.2000000000000000111 ) ) ;
#71 =( GEOMETRIC_REPRESENTATION_CONTEXT ( 3 ) GLOBAL_UNCERTAINTY_ASSIGNED_CONTEXT ( ( #189 ) ) GLOBAL_UNIT_ASSIGNED_CONTEXT ( ( #904, #936, #1870 ) ) REPRESENTATION_CONTEXT ( 'NONE', 'WORKASPACE' ) );
#72 = CARTESIAN_POINT ( 'NONE',  ( -0.1039999999999998564, 0.05000000000000002359, 0.1639999999999999791 ) ) ;
#73 = EDGE_LOOP ( 'NONE', ( #1539, #62, #1059, #2575 ) ) ;
#74 = EDGE_LOOP ( 'NONE', ( #170, #568, #1593, #2200 ) ) ;
#75 = EDGE_CURVE ( 'NONE', #2212, #913, #1542, .T. ) ;
#76 = DIRECTION ( 'NONE',  ( -0.000000000000000000, -0.000000000000000000, -1.000000000000000000 ) ) ;
#77 = DIRECTION ( 'NONE',  ( -0.000000000000000000, 0.000000000000000000, -1.000000000000000000 ) ) ;
#78 = AXIS2_PLACEMENT_3D ( 'NONE', #852, #869, #2012 ) ;
#79 = CARTESIAN_POINT ( 'NONE',  ( -0.3423613954031050621, 0.03999999999999995226, 0.01599999999999999686 ) ) ;
#80 = DIRECTION ( 'NONE',  ( 1.000000000000000000, -3.595569028556173674E-19, -8.537024980200824776E-16 ) ) ;
#81 = DIRECTION ( 'NONE',  ( 1.000000000000000000, 0.000000000000000000, 0.000000000000000000 ) ) ;
#82 = ORIENTED_EDGE ( 'NONE', *, *, #2405, .F. ) ;
#83 = VECTOR ( 'NONE', #2528, 39.37007874015748143 ) ;
#84 = PLANE ( 'NONE',  #678 ) ;
#85 = DIRECTION ( 'NONE',  ( -0.1218510577266569417, -0.9923972267410200443, -0.01732235802734045926 ) ) ;
#86 = VECTOR ( 'NONE', #2032, 39.37007874015748143 ) ;
#87 = DIRECTION ( 'NONE',  ( -1.000000000000000000, 6.539054813799368638E-16, 0.000000000000000000 ) ) ;
#88 = ADVANCED_FACE ( 'NONE', ( #1726 ), #2465, .F. ) ;
#89 = ORIENTED_EDGE ( 'NONE', *, *, #597, .F. ) ;
#90 = DIRECTION ( 'NONE',  ( -0.3749599945324803563, -0.9270409928909305597, 0.000000000000000000 ) ) ;
#91 = CARTESIAN_POINT ( 'NONE',  ( 0.08300000000000018474, -2.984322293701630669E-20, -0.1640000000000000346 ) ) ;
#92 = EDGE_LOOP ( 'NONE', ( #2505, #294, #1087, #2687 ) ) ;
#93 = ORIENTED_EDGE ( 'NONE', *, *, #204, .T. ) ;
#94 = PRESENTATION_STYLE_ASSIGNMENT (( #2209 ) ) ;
#95 = DIRECTION ( 'NONE',  ( -0.000000000000000000, -0.000000000000000000, -1.000000000000000000 ) ) ;
#96 = DIRECTION ( 'NONE',  ( -1.387359409432400182E-54, -3.858525308272287961E-36, -1.000000000000000000 ) ) ;
#97 = ORIENTED_EDGE ( 'NONE', *, *, #2966, .F. ) ;
#98 = CARTESIAN_POINT ( 'NONE',  ( 0.08300000000000015699, 0.05000000000000002359, -0.1440000000000000169 ) ) ;
#99 = DIRECTION ( 'NONE',  ( 1.000000000000000000, 0.000000000000000000, 0.000000000000000000 ) ) ;
#100 = EDGE_CURVE ( 'NONE', #1367, #2483, #338, .T. ) ;
#101 = CARTESIAN_POINT ( 'NONE',  ( 0.1249999999999999584, 0.05000000000000002359, -0.1440000000000000446 ) ) ;
#102 = EDGE_CURVE ( 'NONE', #607, #626, #935, .T. ) ;
#103 = EDGE_CURVE ( 'NONE', #487, #1937, #2523, .T. ) ;
#104 = CARTESIAN_POINT ( 'NONE',  ( -0.2150049738370276853, 0.1349594913481703129, 0.1976442733158394749 ) ) ;
#105 = CARTESIAN_POINT ( 'NONE',  ( -0.2892278902548706121, 0.06468780004100638248, 0.02399999999999998662 ) ) ;
#106 = CARTESIAN_POINT ( 'NONE',  ( -0.2150000000000000244, 0.1200000000000000511, -0.08400000000000001910 ) ) ;
#107 = CARTESIAN_POINT ( 'NONE',  ( -0.2500000000000000555, 0.1200000000000000511, 0.1239999999999999991 ) ) ;
#108 = DIRECTION ( 'NONE',  ( -0.000000000000000000, -0.000000000000000000, -1.000000000000000000 ) ) ;
#109 = CARTESIAN_POINT ( 'NONE',  ( -0.1675579322638146573, 0.1850000000000000533, -0.1024955436720149382 ) ) ;
#110 = ORIENTED_EDGE ( 'NONE', *, *, #1460, .T. ) ;
#111 = LINE ( 'NONE', #385, #2749 ) ;
#112 = EDGE_CURVE ( 'NONE', #1231, #2803, #1571, .T. ) ;
#113 = CARTESIAN_POINT ( 'NONE',  ( 0.1249999999999999861, 0.6740520811598980089, -0.1440000000000000169 ) ) ;
#114 = DIRECTION ( 'NONE',  ( 0.000000000000000000, 0.000000000000000000, 1.000000000000000000 ) ) ;
#115 = PRESENTATION_STYLE_ASSIGNMENT (( #345 ) ) ;
#116 = DIRECTION ( 'NONE',  ( -1.000000000000000000, 6.539054813799368638E-16, 0.000000000000000000 ) ) ;
#117 = EDGE_CURVE ( 'NONE', #1904, #2194, #14, .T. ) ;
#118 = LINE ( 'NONE', #106, #2547 ) ;
#119 = VERTEX_POINT ( 'NONE', #2994 ) ;
#120 = AXIS2_PLACEMENT_3D ( 'NONE', #2724, #1616, #2251 ) ;
#121 = FACE_OUTER_BOUND ( 'NONE', #650, .T. ) ;
#122 = ADVANCED_FACE ( 'NONE', ( #2098 ), #1106, .F. ) ;
#123 = VERTEX_POINT ( 'NONE', #481 ) ;
#124 = VECTOR ( 'NONE', #2695, 39.37007874015748854 ) ;
#125 = PLANE ( 'NONE',  #916 ) ;
#126 = DIRECTION ( 'NONE',  ( 1.000000000000000000, 0.000000000000000000, -0.000000000000000000 ) ) ;
#127 = VECTOR ( 'NONE', #2645, 39.37007874015748143 ) ;
#128 = VECTOR ( 'NONE', #1391, 39.37007874015748143 ) ;
#129 = FACE_OUTER_BOUND ( 'NONE', #2294, .T. ) ;
#130 = LINE ( 'NONE', #1498, #710 ) ;
#131 = DIRECTION ( 'NONE',  ( -0.000000000000000000, -0.000000000000000000, -1.000000000000000000 ) ) ;
#132 = CLOSED_SHELL ( 'NONE', ( #1417, #88, #964, #2062, #1217, #1370, #2936, #33, #122, #510, #2801, #1718, #1472, #1596, #986, #2892, #2156, #2569 ) ) ;
#133 = VERTEX_POINT ( 'NONE', #2510 ) ;
#134 = DIRECTION ( 'NONE',  ( -0.000000000000000000, -0.000000000000000000, -1.000000000000000000 ) ) ;
#135 = ORIENTED_EDGE ( 'NONE', *, *, #1866, .T. ) ;
#136 = CARTESIAN_POINT ( 'NONE',  ( -0.1675579322638146573, 0.1850000000000000533, -0.1024955436720149382 ) ) ;
#137 = LINE ( 'NONE', #1750, #613 ) ;
#138 = DIRECTION ( 'NONE',  ( 0.000000000000000000, -1.000000000000000000, 0.000000000000000000 ) ) ;
#139 = ORIENTED_EDGE ( 'NONE', *, *, #2174, .T. ) ;
#140 = AXIS2_PLACEMENT_3D ( 'NONE', #1662, #1652, #260 ) ;
#141 = EDGE_CURVE ( 'NONE', #190, #133, #2958, .T. ) ;
#142 = LINE ( 'NONE', #1076, #1440 ) ;
#143 = STYLED_ITEM ( 'NONE', ( #1135 ), #1330 ) ;
#144 = DIRECTION ( 'NONE',  ( 0.000000000000000000, 0.000000000000000000, -1.000000000000000000 ) ) ;
#145 = EDGE_CURVE ( 'NONE', #1395, #1900, #209, .T. ) ;
#146 = CARTESIAN_POINT ( 'NONE',  ( -0.2150000000000000244, 0.1200000000000000511, -0.1240000000000000130 ) ) ;
#147 = VECTOR ( 'NONE', #186, 39.37007874015748143 ) ;
#148 = DIRECTION ( 'NONE',  ( 0.000000000000000000, -0.000000000000000000, -1.000000000000000000 ) ) ;
#149 = VECTOR ( 'NONE', #1852, 39.37007874015748143 ) ;
#150 = EDGE_LOOP ( 'NONE', ( #1851, #1689, #2683, #1868 ) ) ;
#151 = EDGE_CURVE ( 'NONE', #500, #1257, #1346, .T. ) ;
#152 = CARTESIAN_POINT ( 'NONE',  ( -0.2892278902548706121, 0.06468780004100638248, -0.1240000000000000130 ) ) ;
#153 = PLANE ( 'NONE',  #2383 ) ;
#154 = DIRECTION ( 'NONE',  ( 1.000000000000000000, -3.595569028556172711E-19, -0.000000000000000000 ) ) ;
#155 = CARTESIAN_POINT ( 'NONE',  ( -0.1902808356220712649, 0.1650000000000000633, -0.1024955436720149382 ) ) ;
#156 = VERTEX_POINT ( 'NONE', #1815 ) ;
#157 = EDGE_CURVE ( 'NONE', #1008, #2302, #2946, .T. ) ;
#158 = DIRECTION ( 'NONE',  ( 1.000000000000000000, 0.000000000000000000, 0.000000000000000000 ) ) ;
#159 = LINE ( 'NONE', #1801, #1184 ) ;
#160 = ORIENTED_EDGE ( 'NONE', *, *, #1518, .T. ) ;
#161 = DIRECTION ( 'NONE',  ( 0.05232800705137965330, -0.9984778551437666350, -0.01742849579091472131 ) ) ;
#162 = LINE ( 'NONE', #1716, #124 ) ;
#163 = CARTESIAN_POINT ( 'NONE',  ( 0.08300000000000014311, 0.05000000000000002359, 0.1439999999999999891 ) ) ;
#164 = AXIS2_PLACEMENT_3D ( 'NONE', #2771, #1181, #1168 ) ;
#165 = EDGE_LOOP ( 'NONE', ( #203, #2910, #529, #1457 ) ) ;
#166 = FACE_OUTER_BOUND ( 'NONE', #2278, .T. ) ;
#167 = CARTESIAN_POINT ( 'NONE',  ( -0.3052797556874679019, 0.02500160021870078894, 0.01599999999999999686 ) ) ;
#168 = DIRECTION ( 'NONE',  ( -0.000000000000000000, -0.000000000000000000, -1.000000000000000000 ) ) ;
#169 = DIRECTION ( 'NONE',  ( 1.000000000000000000, 0.000000000000000000, 0.000000000000000000 ) ) ;
#170 = ORIENTED_EDGE ( 'NONE', *, *, #1944, .T. ) ;
#171 = AXIS2_PLACEMENT_3D ( 'NONE', #2299, #2069, #2738 ) ;
#172 = DIRECTION ( 'NONE',  ( 0.000000000000000000, 0.000000000000000000, 1.000000000000000000 ) ) ;
#173 = CYLINDRICAL_SURFACE ( 'NONE', #2406, 0.02499999999999993894 ) ;
#174 = MECHANICAL_DESIGN_GEOMETRIC_PRESENTATION_REPRESENTATION (  '', ( #1476 ), #71 ) ;
#175 = AXIS2_PLACEMENT_3D ( 'NONE', #1480, #1095, #1285 ) ;
#176 = ORIENTED_EDGE ( 'NONE', *, *, #2318, .F. ) ;
#177 = AXIS2_PLACEMENT_3D ( 'NONE', #1711, #997, #54 ) ;
#178 = EDGE_LOOP ( 'NONE', ( #235, #139, #1823, #1040 ) ) ;
#179 = LINE ( 'NONE', #1858, #2321 ) ;
#180 = VECTOR ( 'NONE', #1178, 39.37007874015748854 ) ;
#181 = EDGE_CURVE ( 'NONE', #2932, #2588, #1836, .T. ) ;
#182 = PRESENTATION_STYLE_ASSIGNMENT (( #214 ) ) ;
#183 = CARTESIAN_POINT ( 'NONE',  ( 0.3750000000000001110, 0.6740520811598980089, 0.1999999999999999833 ) ) ;
#184 = ORIENTED_EDGE ( 'NONE', *, *, #1940, .F. ) ;
#185 = LINE ( 'NONE', #2519, #1389 ) ;
#186 = DIRECTION ( 'NONE',  ( -0.000000000000000000, -0.000000000000000000, -1.000000000000000000 ) ) ;
#187 = DIRECTION ( 'NONE',  ( -0.000000000000000000, -0.000000000000000000, -1.000000000000000000 ) ) ;
#188 = CARTESIAN_POINT ( 'NONE',  ( 0.2650000000000001243, -9.528257925673864786E-20, 0.000000000000000000 ) ) ;
#189 = UNCERTAINTY_MEASURE_WITH_UNIT (LENGTH_MEASURE( 1.000000000000000082E-05 ), #904, 'distance_accuracy_value', 'NONE');
#190 = VERTEX_POINT ( 'NONE', #1640 ) ;
#191 = LINE ( 'NONE', #1121, #1510 ) ;
#192 = CARTESIAN_POINT ( 'NONE',  ( -0.1902808356220712649, 0.1650000000000000633, -0.1024955436720149382 ) ) ;
#193 = VECTOR ( 'NONE', #96, 39.37007874015748143 ) ;
#194 = ORIENTED_EDGE ( 'NONE', *, *, #112, .F. ) ;
#195 = DIRECTION ( 'NONE',  ( -5.205503036707817671E-17, 0.000000000000000000, 1.000000000000000000 ) ) ;
#196 = EDGE_CURVE ( 'NONE', #668, #730, #1387, .T. ) ;
#197 = LINE ( 'NONE', #1127, #1781 ) ;
#198 = VERTEX_POINT ( 'NONE', #640 ) ;
#199 = CARTESIAN_POINT ( 'NONE',  ( -0.3191853705808318509, 0.03062600013668795654, 0.08400000000000001910 ) ) ;
#200 = EDGE_CURVE ( 'NONE', #2604, #1904, #1590, .T. ) ;
#201 = DIMENSIONAL_EXPONENTS ( 1.000000000000000000, 0.000000000000000000, 0.000000000000000000, 0.000000000000000000, 0.000000000000000000, 0.000000000000000000, 0.000000000000000000 ) ;
#202 = EDGE_CURVE ( 'NONE', #2407, #2529, #2063, .T. ) ;
#203 = ORIENTED_EDGE ( 'NONE', *, *, #2553, .T. ) ;
#204 = EDGE_CURVE ( 'NONE', #646, #1846, #2762, .T. ) ;
#205 = DIRECTION ( 'NONE',  ( -0.9270409928909305597, 0.3749599945324799677, 0.000000000000000000 ) ) ;
#206 = VECTOR ( 'NONE', #131, 39.37007874015748143 ) ;
#207 = FACE_OUTER_BOUND ( 'NONE', #1075, .T. ) ;
#208 = ORIENTED_EDGE ( 'NONE', *, *, #2693, .T. ) ;
#209 = LINE ( 'NONE', #2494, #691 ) ;
#210 = SURFACE_STYLE_USAGE ( .BOTH. , #657 ) ;
#211 = VERTEX_POINT ( 'NONE', #693 ) ;
#212 = EDGE_CURVE ( 'NONE', #2621, #2458, #1624, .T. ) ;
#213 = DIRECTION ( 'NONE',  ( 1.000000000000000000, 0.000000000000000000, 0.000000000000000000 ) ) ;
#214 = SURFACE_STYLE_USAGE ( .BOTH. , #1843 ) ;
#215 = ORIENTED_EDGE ( 'NONE', *, *, #1188, .T. ) ;
#216 = CYLINDRICAL_SURFACE ( 'NONE', #171, 0.07549999999999998379 ) ;
#217 = ORIENTED_EDGE ( 'NONE', *, *, #955, .F. ) ;
#218 = DIRECTION ( 'NONE',  ( -0.3749599945324803563, -0.9270409928909305597, 0.000000000000000000 ) ) ;
#219 = CARTESIAN_POINT ( 'NONE',  ( -0.3750000000000001110, 0.01499999999999998036, 0.08400000000000001910 ) ) ;
#220 = PRODUCT_DEFINITION_CONTEXT ( 'detailed design', #1774, 'design' ) ;
#221 = ORIENTED_EDGE ( 'NONE', *, *, #1814, .F. ) ;
#222 = DIMENSIONAL_EXPONENTS ( 1.000000000000000000, 0.000000000000000000, 0.000000000000000000, 0.000000000000000000, 0.000000000000000000, 0.000000000000000000, 0.000000000000000000 ) ;
#223 = DIRECTION ( 'NONE',  ( 1.000000000000000000, 0.000000000000000000, 0.000000000000000000 ) ) ;
#224 = EDGE_CURVE ( 'NONE', #2776, #2487, #2335, .T. ) ;
#225 = ORIENTED_EDGE ( 'NONE', *, *, #1377, .T. ) ;
#226 = PLANE ( 'NONE',  #372 ) ;
#227 = VECTOR ( 'NONE', #2331, 39.37007874015748143 ) ;
#228 = ORIENTED_EDGE ( 'NONE', *, *, #431, .F. ) ;
#229 = LINE ( 'NONE', #616, #2263 ) ;
#230 = AXIS2_PLACEMENT_3D ( 'NONE', #1729, #1283, #213 ) ;
#231 = DIRECTION ( 'NONE',  ( 0.000000000000000000, -0.9998476951563912696, -0.01745240643727634725 ) ) ;
#232 = DIRECTION ( 'NONE',  ( 1.000000000000000000, 0.000000000000000000, -0.000000000000000000 ) ) ;
#233 = VECTOR ( 'NONE', #580, 39.37007874015748143 ) ;
#234 = EDGE_CURVE ( 'NONE', #631, #799, #1375, .T. ) ;
#235 = ORIENTED_EDGE ( 'NONE', *, *, #2860, .F. ) ;
#236 = VERTEX_POINT ( 'NONE', #2720 ) ;
#237 = CARTESIAN_POINT ( 'NONE',  ( -0.2150000000000000244, 0.1350000000000000089, -0.02400000000000000397 ) ) ;
#238 = DIRECTION ( 'NONE',  ( -1.000000000000000000, 0.000000000000000000, 0.000000000000000000 ) ) ;
#239 = ORIENTED_EDGE ( 'NONE', *, *, #2131, .T. ) ;
#240 = EDGE_CURVE ( 'NONE', #996, #947, #191, .T. ) ;
#241 = FACE_OUTER_BOUND ( 'NONE', #2945, .T. ) ;
#242 = ADVANCED_FACE ( 'NONE', ( #2565 ), #519, .F. ) ;
#243 = CARTESIAN_POINT ( 'NONE',  ( -0.2892278902548706121, 0.06468780004100638248, -0.1160000000000000059 ) ) ;
#244 = EDGE_LOOP ( 'NONE', ( #637, #2105, #1402, #1214, #17, #2514 ) ) ;
#245 = DIRECTION ( 'NONE',  ( 1.000000000000000000, 0.000000000000000000, 0.000000000000000000 ) ) ;
#246 = AXIS2_PLACEMENT_3D ( 'NONE', #2477, #382, #2255 ) ;
#247 = ORIENTED_EDGE ( 'NONE', *, *, #2746, .T. ) ;
#248 = CARTESIAN_POINT ( 'NONE',  ( -0.2150000000000000244, 2.021829857959411290E-17, 0.2000000000000000111 ) ) ;
#249 = DIRECTION ( 'NONE',  ( -0.05233595624294457710, 0.9986295347545738332, 0.000000000000000000 ) ) ;
#250 = EDGE_LOOP ( 'NONE', ( #2159, #513, #1280, #2587, #2967, #2153, #531 ) ) ;
#251 = ORIENTED_EDGE ( 'NONE', *, *, #1873, .T. ) ;
#252 = LINE ( 'NONE', #1174, #2905 ) ;
#253 = EDGE_CURVE ( 'NONE', #2855, #2433, #968, .T. ) ;
#254 = EDGE_CURVE ( 'NONE', #1917, #2298, #2580, .T. ) ;
#255 = LINE ( 'NONE', #987, #2551 ) ;
#256 = ORIENTED_EDGE ( 'NONE', *, *, #400, .F. ) ;
#257 = CARTESIAN_POINT ( 'NONE',  ( 0.2650000000000001243, -9.528257925673864786E-20, 0.000000000000000000 ) ) ;
#258 = ORIENTED_EDGE ( 'NONE', *, *, #1323, .F. ) ;
#259 = CARTESIAN_POINT ( 'NONE',  ( 0.1249999999999999861, -4.494461285695215889E-20, -0.1440000000000000169 ) ) ;
#260 = DIRECTION ( 'NONE',  ( -1.000000000000000000, 0.000000000000000000, 0.000000000000000000 ) ) ;
#261 = MANIFOLD_SOLID_BREP ( 'Boss-Extrude4', #132 ) ;
#262 = VERTEX_POINT ( 'NONE', #2126 ) ;
#263 = VERTEX_POINT ( 'NONE', #1656 ) ;
#264 = CARTESIAN_POINT ( 'NONE',  ( -0.2870816397156372157, 0.1099983997812992442, -0.07600000000000002587 ) ) ;
#265 = FACE_OUTER_BOUND ( 'NONE', #392, .T. ) ;
#266 = CIRCLE ( 'NONE', #2398, 0.02499999999999993894 ) ;
#267 = ORIENTED_EDGE ( 'NONE', *, *, #444, .F. ) ;
#268 = LINE ( 'NONE', #507, #1925 ) ;
#269 = AXIS2_PLACEMENT_3D ( 'NONE', #2939, #866, #1791 ) ;
#270 = DIRECTION ( 'NONE',  ( -3.595569028556173674E-19, -1.000000000000000000, -0.000000000000000000 ) ) ;
#271 = VECTOR ( 'NONE', #2355, 39.37007874015748143 ) ;
#272 = DIRECTION ( 'NONE',  ( 1.000000000000000000, -3.595569028556172711E-19, -0.000000000000000000 ) ) ;
#273 = PLANE ( 'NONE',  #1162 ) ;
#274 = AXIS2_PLACEMENT_3D ( 'NONE', #425, #1352, #2281 ) ;
#275 = ORIENTED_EDGE ( 'NONE', *, *, #963, .F. ) ;
#276 = VECTOR ( 'NONE', #95, 39.37007874015748143 ) ;
#277 =( NAMED_UNIT ( * ) PLANE_ANGLE_UNIT ( ) SI_UNIT ( $, .RADIAN. ) );
#278 = PLANE ( 'NONE',  #2234 ) ;
#279 = ORIENTED_EDGE ( 'NONE', *, *, #478, .F. ) ;
#280 = DIRECTION ( 'NONE',  ( -0.000000000000000000, -0.000000000000000000, -1.000000000000000000 ) ) ;
#281 = CLOSED_SHELL ( 'NONE', ( #599, #2245, #2972, #660, #339, #1493, #1364, #1410, #638, #1895, #1957, #2039, #1494, #1798, #289, #2352, #729, #864, #2308, #1293, #2759 ) ) ;
#282 = ADVANCED_FACE ( 'NONE', ( #1905 ), #2809, .F. ) ;
#283 = EDGE_CURVE ( 'NONE', #2348, #646, #2376, .T. ) ;
#284 = CARTESIAN_POINT ( 'NONE',  ( -0.2150000000000000244, 0.1200000000000000511, 0.01599999999999999686 ) ) ;
#285 = AXIS2_PLACEMENT_3D ( 'NONE', #2304, #2254, #2758 ) ;
#286 = VECTOR ( 'NONE', #844, 39.37007874015748143 ) ;
#287 = CARTESIAN_POINT ( 'NONE',  ( -0.2150000000000000244, 0.1350000000000000089, 0.1160000000000000059 ) ) ;
#288 = CYLINDRICAL_SURFACE ( 'NONE', #2467, 0.02272290335825662491 ) ;
#289 = ADVANCED_FACE ( 'NONE', ( #1415 ), #949, .F. ) ;
#290 = ORIENTED_EDGE ( 'NONE', *, *, #2449, .T. ) ;
#291 = DIRECTION ( 'NONE',  ( 0.3749599945324800787, 0.9270409928909305597, 0.000000000000000000 ) ) ;
#292 = CARTESIAN_POINT ( 'NONE',  ( -0.1675579322638146573, 0.1850000000000000533, -0.1024955436720149382 ) ) ;
#293 =( NAMED_UNIT ( * ) PLANE_ANGLE_UNIT ( ) SI_UNIT ( $, .RADIAN. ) );
#294 = ORIENTED_EDGE ( 'NONE', *, *, #389, .F. ) ;
#295 = AXIS2_PLACEMENT_3D ( 'NONE', #1072, #1996, #2460 ) ;
#296 = LINE ( 'NONE', #98, #2790 ) ;
#297 = EDGE_CURVE ( 'NONE', #1929, #2163, #1854, .T. ) ;
#298 = CARTESIAN_POINT ( 'NONE',  ( -0.1039999999999998564, 3.739391789698414853E-20, 0.1639999999999999791 ) ) ;
#299 = DIRECTION ( 'NONE',  ( 0.9270409928909305597, -0.3749599945324799677, 0.000000000000000000 ) ) ;
#300 = CARTESIAN_POINT ( 'NONE',  ( -0.2087110664860349907, 2.033828669710847460E-17, 0.2000000000000000111 ) ) ;
#301 = ORIENTED_EDGE ( 'NONE', *, *, #2120, .F. ) ;
#302 = EDGE_LOOP ( 'NONE', ( #721, #1466, #1028, #2816, #1331, #2058, #2443, #2862 ) ) ;
#303 = DIRECTION ( 'NONE',  ( 5.205503036707817671E-17, -2.257527080511402581E-35, -1.000000000000000000 ) ) ;
#304 = ORIENTED_EDGE ( 'NONE', *, *, #117, .T. ) ;
#305 = CARTESIAN_POINT ( 'NONE',  ( 0.3750000000000001110, 0.05000000000000000971, -0.1999999999999999833 ) ) ;
#306 = CARTESIAN_POINT ( 'NONE',  ( -0.2500000000000000555, 0.1200000000000000511, -0.07600000000000002587 ) ) ;
#307 = AXIS2_PLACEMENT_3D ( 'NONE', #1591, #2975, #1837 ) ;
#308 = PLANE ( 'NONE',  #2454 ) ;
#309 = VERTEX_POINT ( 'NONE', #1934 ) ;
#310 = ORIENTED_EDGE ( 'NONE', *, *, #1518, .F. ) ;
#311 = CARTESIAN_POINT ( 'NONE',  ( -0.3423613954031050621, 0.03999999999999995226, -0.08400000000000001910 ) ) ;
#312 = FACE_OUTER_BOUND ( 'NONE', #921, .T. ) ;
#313 = EDGE_LOOP ( 'NONE', ( #546, #1053, #2913, #176 ) ) ;
#314 = ORIENTED_EDGE ( 'NONE', *, *, #597, .T. ) ;
#315 = VERTEX_POINT ( 'NONE', #745 ) ;
#316 = VECTOR ( 'NONE', #2626, 39.37007874015748143 ) ;
#317 = ORIENTED_EDGE ( 'NONE', *, *, #1079, .F. ) ;
#318 = LINE ( 'NONE', #1505, #2761 ) ;
#319 = EDGE_CURVE ( 'NONE', #1367, #1908, #777, .T. ) ;
#320 = FACE_OUTER_BOUND ( 'NONE', #948, .T. ) ;
#321 = LINE ( 'NONE', #1896, #2333 ) ;
#322 = ORIENTED_EDGE ( 'NONE', *, *, #473, .T. ) ;
#323 = VECTOR ( 'NONE', #1446, 39.37007874015748143 ) ;
#324 = FACE_OUTER_BOUND ( 'NONE', #701, .T. ) ;
#325 = DIRECTION ( 'NONE',  ( -1.000000000000000000, 0.000000000000000000, 0.000000000000000000 ) ) ;
#326 = EDGE_CURVE ( 'NONE', #2812, #2830, #1468, .T. ) ;
#327 = CARTESIAN_POINT ( 'NONE',  ( -0.2870816397156372157, 0.1099983997812992442, 0.01599999999999999686 ) ) ;
#328 = DIRECTION ( 'NONE',  ( 0.000000000000000000, 0.000000000000000000, 1.000000000000000000 ) ) ;
#329 = CARTESIAN_POINT ( 'NONE',  ( -0.2150000000000000244, 0.1200000000000000511, 0.01599999999999999686 ) ) ;
#330 = EDGE_CURVE ( 'NONE', #1713, #2996, #252, .T. ) ;
#331 = ORIENTED_EDGE ( 'NONE', *, *, #2285, .F. ) ;
#332 = FACE_OUTER_BOUND ( 'NONE', #795, .T. ) ;
#333 = LINE ( 'NONE', #363, #1613 ) ;
#334 = CARTESIAN_POINT ( 'NONE',  ( -0.2892278902548706121, 0.06468780004100638248, -0.07600000000000002587 ) ) ;
#335 = CARTESIAN_POINT ( 'NONE',  ( -0.3191853705808318509, 0.03062600013668795654, -0.08400000000000001910 ) ) ;
#336 = ORIENTED_EDGE ( 'NONE', *, *, #1445, .F. ) ;
#337 = EDGE_CURVE ( 'NONE', #236, #2596, #28, .T. ) ;
#338 = LINE ( 'NONE', #2201, #1545 ) ;
#339 = ADVANCED_FACE ( 'NONE', ( #2864 ), #153, .F. ) ;
#340 = DIRECTION ( 'NONE',  ( -1.000000000000000000, 3.595569028556172711E-19, 0.000000000000000000 ) ) ;
#341 = EDGE_LOOP ( 'NONE', ( #11, #1788, #2339, #1249 ) ) ;
#342 = CIRCLE ( 'NONE', #585, 0.03999999999999998002 ) ;
#343 = DIRECTION ( 'NONE',  ( 1.000000000000000000, 0.000000000000000000, -0.000000000000000000 ) ) ;
#344 = MANIFOLD_SOLID_BREP ( 'LPattern1[2]', #2369 ) ;
#345 = SURFACE_STYLE_USAGE ( .BOTH. , #2646 ) ;
#346 = CARTESIAN_POINT ( 'NONE',  ( -0.3423613954031050621, 0.01499999999999995955, -0.08400000000000001910 ) ) ;
#347 = VERTEX_POINT ( 'NONE', #2895 ) ;
#348 = ORIENTED_EDGE ( 'NONE', *, *, #2096, .F. ) ;
#349 = DIRECTION ( 'NONE',  ( 0.000000000000000000, 0.000000000000000000, 1.000000000000000000 ) ) ;
#350 = ORIENTED_EDGE ( 'NONE', *, *, #1324, .T. ) ;
#351 = DIRECTION ( 'NONE',  ( -0.9925461516413219831, -0.1218693434051479618, 0.000000000000000000 ) ) ;
#352 = CARTESIAN_POINT ( 'NONE',  ( -0.3750000000000001110, 2.134256245050205639E-17, -0.1160000000000000059 ) ) ;
#353 = FACE_OUTER_BOUND ( 'NONE', #92, .T. ) ;
#354 = ORIENTED_EDGE ( 'NONE', *, *, #414, .F. ) ;
#355 = ORIENTED_EDGE ( 'NONE', *, *, #2136, .F. ) ;
#356 = DIRECTION ( 'NONE',  ( -1.000000000000000000, 3.595569028556173674E-19, 3.048937492928865569E-16 ) ) ;
#357 = CARTESIAN_POINT ( 'NONE',  ( -0.2150000000000000244, 0.1200000000000000511, -0.1240000000000000130 ) ) ;
#358 = CARTESIAN_POINT ( 'NONE',  ( -0.1039999999999998564, 0.6740520811598980089, 0.1639999999999999791 ) ) ;
#359 = CARTESIAN_POINT ( 'NONE',  ( -0.1902808356220712649, 0.1650000000000000633, -0.1024955436720149382 ) ) ;
#360 = EDGE_LOOP ( 'NONE', ( #97, #1179, #2343, #89 ) ) ;
#361 = DIRECTION ( 'NONE',  ( 0.000000000000000000, 0.000000000000000000, 1.000000000000000000 ) ) ;
#362 = ORIENTED_EDGE ( 'NONE', *, *, #741, .T. ) ;
#363 = CARTESIAN_POINT ( 'NONE',  ( -0.3031335051482345611, 0.07031219995899358477, 0.07600000000000001199 ) ) ;
#364 = CARTESIAN_POINT ( 'NONE',  ( -0.3031335051482345611, 0.07031219995899358477, 0.02399999999999998662 ) ) ;
#365 = LINE ( 'NONE', #2703, #2657 ) ;
#366 = VERTEX_POINT ( 'NONE', #1978 ) ;
#367 = VECTOR ( 'NONE', #2488, 39.37007874015748143 ) ;
#368 = EDGE_CURVE ( 'NONE', #2868, #2037, #2146, .T. ) ;
#369 = VECTOR ( 'NONE', #1758, 39.37007874015748143 ) ;
#370 = ORIENTED_EDGE ( 'NONE', *, *, #1842, .T. ) ;
#371 = DIRECTION ( 'NONE',  ( 0.000000000000000000, 1.000000000000000000, 0.000000000000000000 ) ) ;
#372 = AXIS2_PLACEMENT_3D ( 'NONE', #925, #1149, #1576 ) ;
#373 = AXIS2_PLACEMENT_3D ( 'NONE', #364, #2048, #410 ) ;
#374 = CARTESIAN_POINT ( 'NONE',  ( -0.3052797556874679019, 0.02500160021870078894, 0.01599999999999999686 ) ) ;
#375 = LINE ( 'NONE', #2266, #2075 ) ;
#376 = CARTESIAN_POINT ( 'NONE',  ( -0.2150000000000000244, 0.1350000000000000089, 0.01599999999999999686 ) ) ;
#377 = VECTOR ( 'NONE', #2035, 39.37007874015748143 ) ;
#378 = EDGE_CURVE ( 'NONE', #1257, #1975, #333, .T. ) ;
#379 = ORIENTED_EDGE ( 'NONE', *, *, #1715, .T. ) ;
#380 = CARTESIAN_POINT ( 'NONE',  ( -0.2150000000000000244, 0.1350000000000000089, 0.01599999999999999686 ) ) ;
#381 = CARTESIAN_POINT ( 'NONE',  ( 0.1249999999999999584, 0.05000000000000000971, -0.2000000000000000111 ) ) ;
#382 = DIRECTION ( 'NONE',  ( 0.000000000000000000, 0.000000000000000000, -1.000000000000000000 ) ) ;
#383 = ORIENTED_EDGE ( 'NONE', *, *, #1058, .F. ) ;
#384 = VECTOR ( 'NONE', #2791, 39.37007874015748143 ) ;
#385 = CARTESIAN_POINT ( 'NONE',  ( -0.2731760248222732668, 0.1043739998633120558, 0.08400000000000001910 ) ) ;
#386 =( GEOMETRIC_REPRESENTATION_CONTEXT ( 3 ) GLOBAL_UNCERTAINTY_ASSIGNED_CONTEXT ( ( #1308 ) ) GLOBAL_UNIT_ASSIGNED_CONTEXT ( ( #2609, #293, #495 ) ) REPRESENTATION_CONTEXT ( 'NONE', 'WORKASPACE' ) );
#387 = DIRECTION ( 'NONE',  ( -8.537024980200811957E-16, 1.851172206019348160E-34, 1.000000000000000000 ) ) ;
#388 = LINE ( 'NONE', #1315, #2130 ) ;
#389 = EDGE_CURVE ( 'NONE', #156, #1561, #536, .T. ) ;
#390 = CARTESIAN_POINT ( 'NONE',  ( -0.3423613954031050621, 0.01499999999999995955, -0.01599999999999999686 ) ) ;
#391 = CARTESIAN_POINT ( 'NONE',  ( -0.1675579322638146573, 0.1650000000000000633, -0.1024955436720149382 ) ) ;
#392 = EDGE_LOOP ( 'NONE', ( #2820, #642, #215, #780 ) ) ;
#393 = LINE ( 'NONE', #2195, #1828 ) ;
#394 = FACE_OUTER_BOUND ( 'NONE', #2725, .T. ) ;
#395 = CARTESIAN_POINT ( 'NONE',  ( -0.3031335051482345611, 0.07031219995899357089, 0.01599999999999999686 ) ) ;
#396 = CARTESIAN_POINT ( 'NONE',  ( 0.1249999999999999584, 0.05000000000000002359, 0.1991272467535895041 ) ) ;
#397 = VERTEX_POINT ( 'NONE', #1084 ) ;
#398 = VERTEX_POINT ( 'NONE', #107 ) ;
#399 = DIRECTION ( 'NONE',  ( 0.3749599945324795236, 0.9270409928909307817, -0.000000000000000000 ) ) ;
#400 = EDGE_CURVE ( 'NONE', #1490, #2334, #318, .T. ) ;
#401 = ORIENTED_EDGE ( 'NONE', *, *, #2391, .T. ) ;
#402 = ORIENTED_EDGE ( 'NONE', *, *, #2064, .T. ) ;
#403 = FACE_OUTER_BOUND ( 'NONE', #2275, .T. ) ;
#404 = LENGTH_MEASURE_WITH_UNIT ( LENGTH_MEASURE( 0.02539999999999999897 ), #2768 );
#405 = DIRECTION ( 'NONE',  ( -1.000000000000000000, 0.000000000000000000, 0.000000000000000000 ) ) ;
#406 = VECTOR ( 'NONE', #2676, 39.37007874015748143 ) ;
#407 = VERTEX_POINT ( 'NONE', #1962 ) ;
#408 = CARTESIAN_POINT ( 'NONE',  ( -0.2892278902548706121, 0.06468780004100638248, 0.07600000000000001199 ) ) ;
#409 = FACE_BOUND ( 'NONE', #2441, .T. ) ;
#410 = DIRECTION ( 'NONE',  ( -0.9270409928909305597, 0.3749599945324799677, 0.000000000000000000 ) ) ;
#411 = CARTESIAN_POINT ( 'NONE',  ( 0.3750000000000001110, 0.6740520811598980089, 0.1999999999999999833 ) ) ;
#412 = ORIENTED_EDGE ( 'NONE', *, *, #1607, .F. ) ;
#413 = AXIS2_PLACEMENT_3D ( 'NONE', #257, #714, #1474 ) ;
#414 = EDGE_CURVE ( 'NONE', #666, #2588, #1305, .T. ) ;
#415 = DIRECTION ( 'NONE',  ( 0.3749599945324795236, 0.9270409928909307817, -0.000000000000000000 ) ) ;
#416 = DIRECTION ( 'NONE',  ( -1.000000000000000000, 0.000000000000000000, 0.000000000000000000 ) ) ;
#417 = AXIS2_PLACEMENT_3D ( 'NONE', #311, #727, #1411 ) ;
#418 = CIRCLE ( 'NONE', #78, 0.03999999999999998002 ) ;
#419 = VERTEX_POINT ( 'NONE', #2444 ) ;
#420 = ADVANCED_FACE ( 'NONE', ( #853 ), #2651, .T. ) ;
#421 = DIRECTION ( 'NONE',  ( -1.000000000000000000, 0.000000000000000000, 0.000000000000000000 ) ) ;
#422 = EDGE_CURVE ( 'NONE', #889, #666, #2914, .T. ) ;
#423 = EDGE_CURVE ( 'NONE', #315, #37, #1765, .T. ) ;
#424 = AXIS2_PLACEMENT_3D ( 'NONE', #1790, #881, #865 ) ;
#425 = CARTESIAN_POINT ( 'NONE',  ( -0.2500000000000000555, 0.09500000000000005662, -0.01599999999999999686 ) ) ;
#426 = ORIENTED_EDGE ( 'NONE', *, *, #1855, .F. ) ;
#427 = CARTESIAN_POINT ( 'NONE',  ( -0.1902808356220712649, 0.1850000000000000533, -0.1024955436720149382 ) ) ;
#428 = EDGE_LOOP ( 'NONE', ( #2549, #1462, #258, #2097 ) ) ;
#429 = LINE ( 'NONE', #2287, #1681 ) ;
#430 = CARTESIAN_POINT ( 'NONE',  ( -0.2892278902548706121, 0.06468780004100638248, 0.1160000000000000059 ) ) ;
#431 = EDGE_CURVE ( 'NONE', #2433, #2463, #2182, .T. ) ;
#432 = EDGE_LOOP ( 'NONE', ( #1124, #1318, #2090, #1702 ) ) ;
#433 = DIMENSIONAL_EXPONENTS ( 1.000000000000000000, 0.000000000000000000, 0.000000000000000000, 0.000000000000000000, 0.000000000000000000, 0.000000000000000000, 0.000000000000000000 ) ;
#434 = DIRECTION ( 'NONE',  ( 1.000000000000000000, 0.000000000000000000, -0.000000000000000000 ) ) ;
#435 = LINE ( 'NONE', #29, #7 ) ;
#436 = EDGE_CURVE ( 'NONE', #979, #487, #1143, .T. ) ;
#437 = CIRCLE ( 'NONE', #2516, 0.07549999999999998379 ) ;
#438 = LINE ( 'NONE', #2978, #2739 ) ;
#439 =( NAMED_UNIT ( * ) SI_UNIT ( $, .STERADIAN. ) SOLID_ANGLE_UNIT ( ) );
#440 = ORIENTED_EDGE ( 'NONE', *, *, #2024, .F. ) ;
#441 = CYLINDRICAL_SURFACE ( 'NONE', #120, 0.03999999999999995226 ) ;
#442 =( GEOMETRIC_REPRESENTATION_CONTEXT ( 3 ) GLOBAL_UNCERTAINTY_ASSIGNED_CONTEXT ( ( #1373 ) ) GLOBAL_UNIT_ASSIGNED_CONTEXT ( ( #2701, #1720, #2239 ) ) REPRESENTATION_CONTEXT ( 'NONE', 'WORKASPACE' ) );
#443 = VERTEX_POINT ( 'NONE', #2060 ) ;
#444 = EDGE_CURVE ( 'NONE', #547, #1123, #2092, .T. ) ;
#445 = CARTESIAN_POINT ( 'NONE',  ( -0.3750000000000001110, 2.134256245050205639E-17, 0.08400000000000001910 ) ) ;
#446 = VECTOR ( 'NONE', #2221, 39.37007874015748143 ) ;
#447 = DIRECTION ( 'NONE',  ( -3.595569028556173674E-19, -1.000000000000000000, -0.000000000000000000 ) ) ;
#448 = ORIENTED_EDGE ( 'NONE', *, *, #1703, .F. ) ;
#449 = DIRECTION ( 'NONE',  ( -0.3749599945324803563, -0.9270409928909305597, 0.000000000000000000 ) ) ;
#450 = ORIENTED_EDGE ( 'NONE', *, *, #2257, .F. ) ;
#451 = ORIENTED_EDGE ( 'NONE', *, *, #100, .T. ) ;
#452 = DIRECTION ( 'NONE',  ( -1.000000000000000000, 3.595569028556173674E-19, -5.205503036707817671E-17 ) ) ;
#453 = LINE ( 'NONE', #1381, #2835 ) ;
#454 = ORIENTED_EDGE ( 'NONE', *, *, #2402, .T. ) ;
#455 = CARTESIAN_POINT ( 'NONE',  ( -0.2731760248222732668, 0.1043739998633120558, -0.02400000000000000397 ) ) ;
#456 = CARTESIAN_POINT ( 'NONE',  ( 0.08300000000000015699, -2.984322293701630067E-20, -0.1440000000000000169 ) ) ;
#457 = CARTESIAN_POINT ( 'NONE',  ( -0.2892278902548706121, 0.06468780004100638248, 0.02399999999999998662 ) ) ;
#458 = EDGE_CURVE ( 'NONE', #1025, #1231, #652, .T. ) ;
#459 = ORIENTED_EDGE ( 'NONE', *, *, #1199, .F. ) ;
#460 = CARTESIAN_POINT ( 'NONE',  ( -0.3423613954031050621, 0.01499999999999995955, -0.08400000000000001910 ) ) ;
#461 = ADVANCED_FACE ( 'NONE', ( #207 ), #1830, .F. ) ;
#462 = ORIENTED_EDGE ( 'NONE', *, *, #2004, .F. ) ;
#463 = VERTEX_POINT ( 'NONE', #430 ) ;
#464 = LINE ( 'NONE', #1690, #2222 ) ;
#465 = VECTOR ( 'NONE', #2134, 39.37007874015748143 ) ;
#466 = VECTOR ( 'NONE', #1582, 39.37007874015748143 ) ;
#467 = DIRECTION ( 'NONE',  ( 1.000000000000000000, -6.539054813799368638E-16, -0.000000000000000000 ) ) ;
#468 = ORIENTED_EDGE ( 'NONE', *, *, #1730, .T. ) ;
#469 = DIRECTION ( 'NONE',  ( 0.000000000000000000, 0.000000000000000000, 1.000000000000000000 ) ) ;
#470 = ORIENTED_EDGE ( 'NONE', *, *, #785, .T. ) ;
#471 = VECTOR ( 'NONE', #2802, 39.37007874015748143 ) ;
#472 = ORIENTED_EDGE ( 'NONE', *, *, #1619, .F. ) ;
#473 = EDGE_CURVE ( 'NONE', #2611, #419, #2271, .T. ) ;
#474 = EDGE_CURVE ( 'NONE', #133, #366, #2074, .T. ) ;
#475 = DIRECTION ( 'NONE',  ( 3.595569028556173192E-19, 1.000000000000000000, -3.858525308272287961E-36 ) ) ;
#476 = DIRECTION ( 'NONE',  ( 0.000000000000000000, 0.000000000000000000, 1.000000000000000000 ) ) ;
#477 = VECTOR ( 'NONE', #1568, 39.37007874015748143 ) ;
#478 = EDGE_CURVE ( 'NONE', #1912, #2329, #1357, .T. ) ;
#479 = VERTEX_POINT ( 'NONE', #1865 ) ;
#480 = ORIENTED_EDGE ( 'NONE', *, *, #2137, .F. ) ;
#481 = CARTESIAN_POINT ( 'NONE',  ( -0.2731760248222732668, 0.1043739998633120558, 0.1239999999999999991 ) ) ;
#482 = CARTESIAN_POINT ( 'NONE',  ( -0.2892278902548706121, 0.06468780004100638248, 0.02399999999999998662 ) ) ;
#483 = ORIENTED_EDGE ( 'NONE', *, *, #1589, .F. ) ;
#484 = CARTESIAN_POINT ( 'NONE',  ( 0.1249999999999999861, 0.05000000000000002359, -0.1440000000000000169 ) ) ;
#485 = VECTOR ( 'NONE', #2462, 39.37007874015748143 ) ;
#486 = VERTEX_POINT ( 'NONE', #1556 ) ;
#487 = VERTEX_POINT ( 'NONE', #219 ) ;
#488 = LINE ( 'NONE', #2560, #2787 ) ;
#489 = LINE ( 'NONE', #2356, #2898 ) ;
#490 = CARTESIAN_POINT ( 'NONE',  ( 0.000000000000000000, 0.000000000000000000, 0.000000000000000000 ) ) ;
#491 = ORIENTED_EDGE ( 'NONE', *, *, #1177, .F. ) ;
#492 = ORIENTED_EDGE ( 'NONE', *, *, #2102, .T. ) ;
#493 = VECTOR ( 'NONE', #1807, 39.37007874015748143 ) ;
#494 = CARTESIAN_POINT ( 'NONE',  ( -0.2870816397156372157, 0.1099983997812992442, -0.08400000000000001910 ) ) ;
#495 =( NAMED_UNIT ( * ) SI_UNIT ( $, .STERADIAN. ) SOLID_ANGLE_UNIT ( ) );
#496 = EDGE_LOOP ( 'NONE', ( #1012, #2330, #885, #1275 ) ) ;
#497 = DIRECTION ( 'NONE',  ( -1.000000000000000000, 3.595569028556172711E-19, 0.000000000000000000 ) ) ;
#498 = EDGE_CURVE ( 'NONE', #2181, #133, #2990, .T. ) ;
#499 = CARTESIAN_POINT ( 'NONE',  ( -0.2870816397156372157, 0.1099983997812992442, -0.01599999999999999686 ) ) ;
#500 = VERTEX_POINT ( 'NONE', #2727 ) ;
#501 = CARTESIAN_POINT ( 'NONE',  ( -0.3423613954031050621, 0.01499999999999995955, 0.01599999999999999686 ) ) ;
#502 = PLANE ( 'NONE',  #1365 ) ;
#503 = ORIENTED_EDGE ( 'NONE', *, *, #66, .T. ) ;
#504 = LINE ( 'NONE', #2127, #2610 ) ;
#505 = ADVANCED_FACE ( 'NONE', ( #394 ), #1320, .T. ) ;
#506 = ORIENTED_EDGE ( 'NONE', *, *, #2350, .F. ) ;
#507 = CARTESIAN_POINT ( 'NONE',  ( 0.1084309002769975605, 0.1849444881437889987, 0.1967717819513355726 ) ) ;
#508 = EDGE_CURVE ( 'NONE', #479, #889, #2475, .T. ) ;
#509 = CARTESIAN_POINT ( 'NONE',  ( -0.3052797556874679019, 0.02500160021870078894, 0.08400000000000001910 ) ) ;
#510 = ADVANCED_FACE ( 'NONE', ( #1605 ), #915, .F. ) ;
#511 = EDGE_CURVE ( 'NONE', #479, #486, #2942, .T. ) ;
#512 = AXIS2_PLACEMENT_3D ( 'NONE', #2912, #841, #603 ) ;
#513 = ORIENTED_EDGE ( 'NONE', *, *, #2391, .F. ) ;
#514 = DIRECTION ( 'NONE',  ( 1.000000000000000000, -6.539054813799368638E-16, 0.000000000000000000 ) ) ;
#515 = CARTESIAN_POINT ( 'NONE',  ( -0.2150000000000000244, 0.1349999999999999811, -0.1976435662346916200 ) ) ;
#516 = AXIS2_PLACEMENT_3D ( 'NONE', #2262, #452, #195 ) ;
#517 = ORIENTED_EDGE ( 'NONE', *, *, #1436, .F. ) ;
#518 = AXIS2_PLACEMENT_3D ( 'NONE', #533, #108, #1228 ) ;
#519 = PLANE ( 'NONE',  #2908 ) ;
#520 = CARTESIAN_POINT ( 'NONE',  ( 0.1249999999999999584, -4.494461285695215287E-20, -0.2000000000000000111 ) ) ;
#521 = ADVANCED_FACE ( 'NONE', ( #633 ), #1372, .F. ) ;
#522 = ORIENTED_EDGE ( 'NONE', *, *, #478, .T. ) ;
#523 = LINE ( 'NONE', #1923, #316 ) ;
#524 = LINE ( 'NONE', #1659, #2175 ) ;
#525 = VECTOR ( 'NONE', #2288, 39.37007874015748143 ) ;
#526 = AXIS2_PLACEMENT_3D ( 'NONE', #2732, #2292, #2277 ) ;
#527 = FACE_OUTER_BOUND ( 'NONE', #2185, .T. ) ;
#528 = FACE_OUTER_BOUND ( 'NONE', #957, .T. ) ;
#529 = ORIENTED_EDGE ( 'NONE', *, *, #769, .F. ) ;
#530 = ADVANCED_FACE ( 'NONE', ( #688, #409 ), #1621, .F. ) ;
#531 = ORIENTED_EDGE ( 'NONE', *, *, #1773, .F. ) ;
#532 = SURFACE_STYLE_FILL_AREA ( #2848 ) ;
#533 = CARTESIAN_POINT ( 'NONE',  ( -0.2500000000000000555, 0.09500000000000005662, 0.02399999999999998662 ) ) ;
#534 = DIRECTION ( 'NONE',  ( 0.1218693434051480312, 0.9925461516413219831, 0.000000000000000000 ) ) ;
#535 = ORIENTED_EDGE ( 'NONE', *, *, #1814, .T. ) ;
#536 = CIRCLE ( 'NONE', #831, 0.02272290335825662491 ) ;
#537 = CARTESIAN_POINT ( 'NONE',  ( -0.2150000000000000244, 0.1850000000000000810, -0.1967708129882810852 ) ) ;
#538 = DIRECTION ( 'NONE',  ( 0.3749599945324800787, 0.9270409928909305597, 0.000000000000000000 ) ) ;
#539 = VECTOR ( 'NONE', #2552, 39.37007874015748143 ) ;
#540 = CARTESIAN_POINT ( 'NONE',  ( -0.1039999999999998564, 3.739391789698414853E-20, 0.1639999999999999791 ) ) ;
#541 = ORIENTED_EDGE ( 'NONE', *, *, #1140, .T. ) ;
#542 = EDGE_CURVE ( 'NONE', #643, #1646, #2534, .T. ) ;
#543 = PLANE ( 'NONE',  #2408 ) ;
#544 = CARTESIAN_POINT ( 'NONE',  ( -0.2500000000000000555, 0.09500000000000005662, -0.02400000000000000397 ) ) ;
#545 = ORIENTED_EDGE ( 'NONE', *, *, #2652, .F. ) ;
#546 = ORIENTED_EDGE ( 'NONE', *, *, #1786, .T. ) ;
#547 = VERTEX_POINT ( 'NONE', #2316 ) ;
#548 = DIRECTION ( 'NONE',  ( -0.000000000000000000, -0.000000000000000000, -1.000000000000000000 ) ) ;
#549 = CARTESIAN_POINT ( 'NONE',  ( -0.2087110664860349907, 2.033828669710847460E-17, 0.2000000000000000111 ) ) ;
#550 = CARTESIAN_POINT ( 'NONE',  ( -0.2500000000000000555, 0.09500000000000005662, -0.07600000000000002587 ) ) ;
#551 = EDGE_CURVE ( 'NONE', #876, #2207, #930, .T. ) ;
#552 = ORIENTED_EDGE ( 'NONE', *, *, #1532, .F. ) ;
#553 = CARTESIAN_POINT ( 'NONE',  ( -0.3423613954031050621, 0.01499999999999995955, 0.08400000000000001910 ) ) ;
#554 = LINE ( 'NONE', #484, #30 ) ;
#555 = AXIS2_PLACEMENT_3D ( 'NONE', #1408, #1396, #245 ) ;
#556 = ORIENTED_EDGE ( 'NONE', *, *, #2882, .T. ) ;
#557 = CARTESIAN_POINT ( 'NONE',  ( -0.2892278902548706121, 0.06468780004100638248, -0.02400000000000000397 ) ) ;
#558 = VECTOR ( 'NONE', #850, 39.37007874015748143 ) ;
#559 = PLANE ( 'NONE',  #561 ) ;
#560 = DIRECTION ( 'NONE',  ( 0.000000000000000000, -1.000000000000000000, 0.000000000000000000 ) ) ;
#561 = AXIS2_PLACEMENT_3D ( 'NONE', #2906, #587, #328 ) ;
#562 = EDGE_CURVE ( 'NONE', #1587, #1937, #1880, .T. ) ;
#563 = VECTOR ( 'NONE', #497, 39.37007874015748143 ) ;
#564 = VERTEX_POINT ( 'NONE', #989 ) ;
#565 = CARTESIAN_POINT ( 'NONE',  ( -0.2500000000000000555, 0.09500000000000005662, -0.07600000000000002587 ) ) ;
#566 = CARTESIAN_POINT ( 'NONE',  ( -0.2150000000000000244, 0.1350000000000000089, -0.1240000000000000130 ) ) ;
#567 = DIRECTION ( 'NONE',  ( -4.737673357089593922E-37, 3.858525308272288629E-36, 1.000000000000000000 ) ) ;
#568 = ORIENTED_EDGE ( 'NONE', *, *, #1594, .T. ) ;
#569 = AXIS2_PLACEMENT_3D ( 'NONE', #1987, #2871, #1234 ) ;
#570 =( GEOMETRIC_REPRESENTATION_CONTEXT ( 3 ) GLOBAL_UNCERTAINTY_ASSIGNED_CONTEXT ( ( #636 ) ) GLOBAL_UNIT_ASSIGNED_CONTEXT ( ( #1455, #277, #981 ) ) REPRESENTATION_CONTEXT ( 'NONE', 'WORKASPACE' ) );
#571 = DIRECTION ( 'NONE',  ( 1.000000000000000000, 0.000000000000000000, -0.000000000000000000 ) ) ;
#572 = LINE ( 'NONE', #1027, #1721 ) ;
#573 = DIRECTION ( 'NONE',  ( 1.000000000000000000, 0.000000000000000000, 0.000000000000000000 ) ) ;
#574 = CARTESIAN_POINT ( 'NONE',  ( 0.1249999999999999584, 2.021829857959411290E-17, -0.2000000000000000111 ) ) ;
#575 = LINE ( 'NONE', #346, #2052 ) ;
#576 = VECTOR ( 'NONE', #138, 39.37007874015748143 ) ;
#577 = LINE ( 'NONE', #2225, #2934 ) ;
#578 = ORIENTED_EDGE ( 'NONE', *, *, #100, .F. ) ;
#579 = CARTESIAN_POINT ( 'NONE',  ( 0.08300000000000014311, 0.05000000000000002359, 0.1439999999999999891 ) ) ;
#580 = DIRECTION ( 'NONE',  ( -0.000000000000000000, -0.000000000000000000, -1.000000000000000000 ) ) ;
#581 = CARTESIAN_POINT ( 'NONE',  ( -0.2088607719548547792, 0.1850000000000000533, 0.2000000000000000111 ) ) ;
#582 = ORIENTED_EDGE ( 'NONE', *, *, #474, .F. ) ;
#583 = CARTESIAN_POINT ( 'NONE',  ( 0.2650000000000001243, 0.05000000000000000971, 0.000000000000000000 ) ) ;
#584 = CARTESIAN_POINT ( 'NONE',  ( -0.2150000000000000244, 0.1350000000000000089, 0.1239999999999999991 ) ) ;
#585 = AXIS2_PLACEMENT_3D ( 'NONE', #1635, #476, #50 ) ;
#586 = CARTESIAN_POINT ( 'NONE',  ( -0.3031335051482345611, 0.07031219995899358477, -0.07600000000000002587 ) ) ;
#587 = DIRECTION ( 'NONE',  ( -1.000000000000000000, 0.000000000000000000, 0.000000000000000000 ) ) ;
#588 = FACE_OUTER_BOUND ( 'NONE', #2960, .T. ) ;
#589 = ORIENTED_EDGE ( 'NONE', *, *, #1650, .T. ) ;
#590 = DIRECTION ( 'NONE',  ( -1.000000000000000000, 0.000000000000000000, 0.000000000000000000 ) ) ;
#591 = ORIENTED_EDGE ( 'NONE', *, *, #2713, .T. ) ;
#592 = LINE ( 'NONE', #1766, #1393 ) ;
#593 = CYLINDRICAL_SURFACE ( 'NONE', #1164, 0.02272290335825662491 ) ;
#594 = ORIENTED_EDGE ( 'NONE', *, *, #151, .T. ) ;
#595 = ORIENTED_EDGE ( 'NONE', *, *, #542, .T. ) ;
#596 = FACE_OUTER_BOUND ( 'NONE', #720, .T. ) ;
#597 = EDGE_CURVE ( 'NONE', #1215, #668, #1412, .T. ) ;
#598 = PLANE ( 'NONE',  #958 ) ;
#599 = ADVANCED_FACE ( 'NONE', ( #1931 ), #288, .F. ) ;
#600 = CARTESIAN_POINT ( 'NONE',  ( -0.2500000000000000555, 0.1200000000000000511, 0.02399999999999998662 ) ) ;
#601 = LINE ( 'NONE', #1499, #1261 ) ;
#602 = ORIENTED_EDGE ( 'NONE', *, *, #283, .T. ) ;
#603 = DIRECTION ( 'NONE',  ( -1.000000000000000000, 0.000000000000000000, 0.000000000000000000 ) ) ;
#604 = DIRECTION ( 'NONE',  ( -0.9270409928909305597, 0.3749599945324799677, 0.000000000000000000 ) ) ;
#605 = DIRECTION ( 'NONE',  ( -3.595569028556173674E-19, -1.000000000000000000, 0.000000000000000000 ) ) ;
#606 = CARTESIAN_POINT ( 'NONE',  ( -0.2500000000000000555, 0.09500000000000005662, 0.1160000000000000059 ) ) ;
#607 = VERTEX_POINT ( 'NONE', #2371 ) ;
#608 = VECTOR ( 'NONE', #1763, 39.37007874015748143 ) ;
#609 = CARTESIAN_POINT ( 'NONE',  ( -0.3423613954031050621, 0.01499999999999995955, 0.1160000000000000059 ) ) ;
#610 = EDGE_CURVE ( 'NONE', #198, #752, #1443, .T. ) ;
#611 = DIRECTION ( 'NONE',  ( 3.048937492928865569E-16, 0.000000000000000000, 1.000000000000000000 ) ) ;
#612 = VECTOR ( 'NONE', #1379, 39.37007874015748143 ) ;
#613 = VECTOR ( 'NONE', #187, 39.37007874015748143 ) ;
#614 = LINE ( 'NONE', #2204, #1392 ) ;
#615 = CARTESIAN_POINT ( 'NONE',  ( -0.2731760248222732668, 0.1043739998633120558, 0.01599999999999999686 ) ) ;
#616 = CARTESIAN_POINT ( 'NONE',  ( -0.2731760248222732668, 0.1043739998633120558, -0.08400000000000001910 ) ) ;
#617 = ORIENTED_EDGE ( 'NONE', *, *, #2698, .T. ) ;
#618 = DIRECTION ( 'NONE',  ( 1.000000000000000000, -3.595569028556173674E-19, 0.000000000000000000 ) ) ;
#619 = DIRECTION ( 'NONE',  ( -0.000000000000000000, -0.000000000000000000, -1.000000000000000000 ) ) ;
#620 = LINE ( 'NONE', #335, #48 ) ;
#621 = ORIENTED_EDGE ( 'NONE', *, *, #2824, .F. ) ;
#622 = FACE_OUTER_BOUND ( 'NONE', #1211, .T. ) ;
#623 = AXIS2_PLACEMENT_3D ( 'NONE', #606, #1557, #1307 ) ;
#624 = PLANE ( 'NONE',  #2730 ) ;
#625 = ORIENTED_EDGE ( 'NONE', *, *, #2984, .T. ) ;
#626 = VERTEX_POINT ( 'NONE', #2342 ) ;
#627 = CARTESIAN_POINT ( 'NONE',  ( -0.3423613954031050621, 0.03999999999999995226, 0.01599999999999999686 ) ) ;
#628 = CARTESIAN_POINT ( 'NONE',  ( -0.2150000000000000244, 0.1350000000000000089, 0.02399999999999998662 ) ) ;
#629 = CARTESIAN_POINT ( 'NONE',  ( -0.2150000000000000244, 0.1350000000000000089, 0.1239999999999999991 ) ) ;
#630 = EDGE_CURVE ( 'NONE', #1623, #1025, #1170, .T. ) ;
#631 = VERTEX_POINT ( 'NONE', #2590 ) ;
#632 = CARTESIAN_POINT ( 'NONE',  ( -0.3750000000000001110, 2.134256245050205639E-17, 0.01599999999999999686 ) ) ;
#633 = FACE_OUTER_BOUND ( 'NONE', #2899, .T. ) ;
#634 = CARTESIAN_POINT ( 'NONE',  ( -0.2500000000000000555, 0.09500000000000005662, -0.02400000000000000397 ) ) ;
#635 = DIRECTION ( 'NONE',  ( -3.595569028556173674E-19, -1.000000000000000000, 0.000000000000000000 ) ) ;
#636 = UNCERTAINTY_MEASURE_WITH_UNIT (LENGTH_MEASURE( 1.000000000000000082E-05 ), #1455, 'distance_accuracy_value', 'NONE');
#637 = ORIENTED_EDGE ( 'NONE', *, *, #2085, .F. ) ;
#638 = ADVANCED_FACE ( 'NONE', ( #2826 ), #273, .F. ) ;
#639 = EDGE_CURVE ( 'NONE', #979, #1587, #25, .T. ) ;
#640 = CARTESIAN_POINT ( 'NONE',  ( -0.1448350289055580220, 0.1650000000000000633, -0.1024955436720149382 ) ) ;
#641 = LINE ( 'NONE', #2466, #952 ) ;
#642 = ORIENTED_EDGE ( 'NONE', *, *, #2264, .T. ) ;
#643 = VERTEX_POINT ( 'NONE', #2548 ) ;
#644 = ORIENTED_EDGE ( 'NONE', *, *, #112, .T. ) ;
#645 = CARTESIAN_POINT ( 'NONE',  ( -0.3423613954031050621, 0.03999999999999995226, -0.01599999999999999686 ) ) ;
#646 = VERTEX_POINT ( 'NONE', #1902 ) ;
#647 = PLANE ( 'NONE',  #1881 ) ;
#648 = EDGE_CURVE ( 'NONE', #1713, #2070, #489, .T. ) ;
#649 = VECTOR ( 'NONE', #847, 39.37007874015748143 ) ;
#650 = EDGE_LOOP ( 'NONE', ( #698, #625, #776, #2229 ) ) ;
#651 = CARTESIAN_POINT ( 'NONE',  ( 0.1249999999999999584, -4.494461285695215287E-20, -0.2000000000000000111 ) ) ;
#652 = LINE ( 'NONE', #2742, #1986 ) ;
#653 = PRODUCT_RELATED_PRODUCT_CATEGORY ( 'part', '', ( #1554 ) ) ;
#654 = VERTEX_POINT ( 'NONE', #41 ) ;
#655 = VECTOR ( 'NONE', #1647, 39.37007874015748143 ) ;
#656 = DIRECTION ( 'NONE',  ( 0.000000000000000000, -1.000000000000000000, 0.000000000000000000 ) ) ;
#657 = SURFACE_SIDE_STYLE ('',( #2051 ) ) ;
#658 = VECTOR ( 'NONE', #272, 39.37007874015748143 ) ;
#659 = ORIENTED_EDGE ( 'NONE', *, *, #200, .F. ) ;
#660 = ADVANCED_FACE ( 'NONE', ( #1197 ), #502, .F. ) ;
#661 = DIRECTION ( 'NONE',  ( 1.000000000000000000, -3.595569028556174155E-19, 1.365923996832130870E-16 ) ) ;
#662 = AXIS2_PLACEMENT_3D ( 'NONE', #1955, #114, #343 ) ;
#663 = EDGE_CURVE ( 'NONE', #1353, #2776, #342, .T. ) ;
#664 = CIRCLE ( 'NONE', #909, 0.03999999999999995226 ) ;
#665 = PLANE ( 'NONE',  #2937 ) ;
#666 = VERTEX_POINT ( 'NONE', #1687 ) ;
#667 = LINE ( 'NONE', #427, #1045 ) ;
#668 = VERTEX_POINT ( 'NONE', #2807 ) ;
#669 = DIRECTION ( 'NONE',  ( 0.000000000000000000, 0.9998476951563912696, -0.01745240643727616336 ) ) ;
#670 = DIRECTION ( 'NONE',  ( -1.000000000000000000, 6.539054813799368638E-16, 0.000000000000000000 ) ) ;
#671 = APPLICATION_PROTOCOL_DEFINITION ( 'draft international standard', 'automotive_design', 1998, #1774 ) ;
#672 = UNCERTAINTY_MEASURE_WITH_UNIT (LENGTH_MEASURE( 1.000000000000000082E-05 ), #2663, 'distance_accuracy_value', 'NONE');
#673 = VECTOR ( 'NONE', #656, 39.37007874015748143 ) ;
#674 = ORIENTED_EDGE ( 'NONE', *, *, #2526, .F. ) ;
#675 = DIRECTION ( 'NONE',  ( -0.000000000000000000, -0.000000000000000000, -1.000000000000000000 ) ) ;
#676 = DIRECTION ( 'NONE',  ( -0.000000000000000000, -0.000000000000000000, -1.000000000000000000 ) ) ;
#677 = AXIS2_PLACEMENT_3D ( 'NONE', #1583, #2507, #670 ) ;
#678 = AXIS2_PLACEMENT_3D ( 'NONE', #1250, #1442, #1232 ) ;
#679 = ORIENTED_EDGE ( 'NONE', *, *, #141, .T. ) ;
#680 = DIRECTION ( 'NONE',  ( -0.000000000000000000, -0.000000000000000000, -1.000000000000000000 ) ) ;
#681 = DIRECTION ( 'NONE',  ( -1.000000000000000000, 0.000000000000000000, 0.000000000000000000 ) ) ;
#682 = VERTEX_POINT ( 'NONE', #1449 ) ;
#683 = DIRECTION ( 'NONE',  ( -1.000000000000000000, 0.000000000000000000, -0.000000000000000000 ) ) ;
#684 = VECTOR ( 'NONE', #604, 39.37007874015748854 ) ;
#685 = ORIENTED_EDGE ( 'NONE', *, *, #2347, .F. ) ;
#686 = ORIENTED_EDGE ( 'NONE', *, *, #663, .F. ) ;
#687 = DIRECTION ( 'NONE',  ( -1.000000000000000000, 6.539054813799368638E-16, 0.000000000000000000 ) ) ;
#688 = FACE_OUTER_BOUND ( 'NONE', #2101, .T. ) ;
#689 = EDGE_CURVE ( 'NONE', #23, #2290, #728, .T. ) ;
#690 = COLOUR_RGB ( '',0.7960784313725489669, 0.8235294117647058432, 0.9372549019607843146 ) ;
#691 = VECTOR ( 'NONE', #1134, 39.37007874015748143 ) ;
#692 = ORIENTED_EDGE ( 'NONE', *, *, #423, .T. ) ;
#693 = CARTESIAN_POINT ( 'NONE',  ( 0.08300000000000014311, 0.05000000000000000971, 0.1439999999999999891 ) ) ;
#694 = DIRECTION ( 'NONE',  ( -1.076259999491764316E-16, 1.000000000000000000, -0.000000000000000000 ) ) ;
#695 = VERTEX_POINT ( 'NONE', #515 ) ;
#696 = EDGE_CURVE ( 'NONE', #2212, #2095, #2578, .T. ) ;
#697 = CARTESIAN_POINT ( 'NONE',  ( 0.08300000000000015699, 0.05000000000000002359, -0.1440000000000000169 ) ) ;
#698 = ORIENTED_EDGE ( 'NONE', *, *, #1154, .F. ) ;
#699 = ADVANCED_FACE ( 'NONE', ( #528 ), #743, .F. ) ;
#700 = FACE_OUTER_BOUND ( 'NONE', #74, .T. ) ;
#701 = EDGE_LOOP ( 'NONE', ( #674, #2638, #937, #1465, #899, #2511, #939, #1784 ) ) ;
#702 = PLANE ( 'NONE',  #905 ) ;
#703 = CARTESIAN_POINT ( 'NONE',  ( -0.3750000000000001110, 0.01499999999999998036, 0.1160000000000000059 ) ) ;
#704 = VECTOR ( 'NONE', #99, 39.37007874015748143 ) ;
#705 = ORIENTED_EDGE ( 'NONE', *, *, #1051, .T. ) ;
#706 = ORIENTED_EDGE ( 'NONE', *, *, #378, .F. ) ;
#707 = CARTESIAN_POINT ( 'NONE',  ( -0.2870816397156372157, 0.1099983997812992442, -0.02400000000000000397 ) ) ;
#708 = CARTESIAN_POINT ( 'NONE',  ( -0.3423613954031050621, 0.03999999999999995226, 0.01599999999999999686 ) ) ;
#709 = AXIS2_PLACEMENT_3D ( 'NONE', #113, #144, #2721 ) ;
#710 = VECTOR ( 'NONE', #2205, 39.37007874015748854 ) ;
#711 = AXIS2_PLACEMENT_3D ( 'NONE', #1289, #618, #1035 ) ;
#712 = DIRECTION ( 'NONE',  ( -8.537024980200824776E-16, 3.030961008399323320E-34, -1.000000000000000000 ) ) ;
#713 = VERTEX_POINT ( 'NONE', #2149 ) ;
#714 = DIRECTION ( 'NONE',  ( -3.595569028556173674E-19, -1.000000000000000000, 0.000000000000000000 ) ) ;
#715 = ORIENTED_EDGE ( 'NONE', *, *, #2539, .T. ) ;
#716 = VECTOR ( 'NONE', #2692, 39.37007874015748854 ) ;
#717 = ORIENTED_EDGE ( 'NONE', *, *, #966, .F. ) ;
#718 = CARTESIAN_POINT ( 'NONE',  ( 0.1249999999999999584, 0.1850000000000000810, -0.1967708129882810852 ) ) ;
#719 = DIRECTION ( 'NONE',  ( -1.076259999491764316E-16, 1.000000000000000000, -0.000000000000000000 ) ) ;
#720 = EDGE_LOOP ( 'NONE', ( #2373, #2065, #758, #679 ) ) ;
#721 = ORIENTED_EDGE ( 'NONE', *, *, #2438, .F. ) ;
#722 =( LENGTH_UNIT ( ) NAMED_UNIT ( * ) SI_UNIT ( $, .METRE. ) );
#723 = EDGE_CURVE ( 'NONE', #1355, #838, #55, .T. ) ;
#724 = DIRECTION ( 'NONE',  ( -0.3749599945324801342, -0.9270409928909305597, 0.000000000000000000 ) ) ;
#725 = FACE_OUTER_BOUND ( 'NONE', #1471, .T. ) ;
#726 = CARTESIAN_POINT ( 'NONE',  ( 0.08300000000000018474, 0.05000000000000002359, -0.1640000000000000346 ) ) ;
#727 = DIRECTION ( 'NONE',  ( -0.000000000000000000, -0.000000000000000000, -1.000000000000000000 ) ) ;
#728 = LINE ( 'NONE', #1399, #2192 ) ;
#729 = ADVANCED_FACE ( 'NONE', ( #1241 ), #2440, .F. ) ;
#730 = VERTEX_POINT ( 'NONE', #91 ) ;
#731 = VECTOR ( 'NONE', #2332, 39.37007874015748143 ) ;
#732 = LINE ( 'NONE', #1657, #193 ) ;
#733 = EDGE_CURVE ( 'NONE', #37, #1257, #1066, .T. ) ;
#734 = ORIENTED_EDGE ( 'NONE', *, *, #648, .T. ) ;
#735 = ADVANCED_FACE ( 'NONE', ( #588 ), #1717, .F. ) ;
#736 = ADVANCED_FACE ( 'NONE', ( #1081 ), #2631, .F. ) ;
#737 = DIRECTION ( 'NONE',  ( 3.048937492928865569E-16, -1.057681268875150681E-34, 1.000000000000000000 ) ) ;
#738 = LINE ( 'NONE', #2782, #471 ) ;
#739 = ORIENTED_EDGE ( 'NONE', *, *, #473, .F. ) ;
#740 = ORIENTED_EDGE ( 'NONE', *, *, #2472, .T. ) ;
#741 = EDGE_CURVE ( 'NONE', #2095, #695, #601, .T. ) ;
#742 = DIRECTION ( 'NONE',  ( 0.000000000000000000, -1.000000000000000000, 0.000000000000000000 ) ) ;
#743 = PLANE ( 'NONE',  #1508 ) ;
#744 = ORIENTED_EDGE ( 'NONE', *, *, #2567, .F. ) ;
#745 = CARTESIAN_POINT ( 'NONE',  ( -0.2892278902548706121, 0.06468780004100638248, 0.08400000000000001910 ) ) ;
#746 = LINE ( 'NONE', #549, #1541 ) ;
#747 = FACE_OUTER_BOUND ( 'NONE', #2312, .T. ) ;
#748 = DIRECTION ( 'NONE',  ( -3.595569028556173674E-19, -1.000000000000000000, 0.000000000000000000 ) ) ;
#749 = EDGE_CURVE ( 'NONE', #23, #1222, #2647, .T. ) ;
#750 = VECTOR ( 'NONE', #2442, 39.37007874015748143 ) ;
#751 = STYLED_ITEM ( 'NONE', ( #182 ), #2296 ) ;
#752 = VERTEX_POINT ( 'NONE', #359 ) ;
#753 = LINE ( 'NONE', #2179, #1585 ) ;
#754 = DIRECTION ( 'NONE',  ( 0.000000000000000000, -1.000000000000000000, 0.000000000000000000 ) ) ;
#755 = VECTOR ( 'NONE', #1266, 39.37007874015748143 ) ;
#756 = ORIENTED_EDGE ( 'NONE', *, *, #1180, .T. ) ;
#757 = VECTOR ( 'NONE', #2490, 39.37007874015748143 ) ;
#758 = ORIENTED_EDGE ( 'NONE', *, *, #2746, .F. ) ;
#759 = LINE ( 'NONE', #2325, #1195 ) ;
#760 = DIRECTION ( 'NONE',  ( 0.000000000000000000, 0.000000000000000000, 1.000000000000000000 ) ) ;
#761 = ORIENTED_EDGE ( 'NONE', *, *, #1724, .F. ) ;
#762 = VERTEX_POINT ( 'NONE', #1255 ) ;
#763 = CARTESIAN_POINT ( 'NONE',  ( 0.1249999999999999584, 0.05000000000000000971, -0.2000000000000000111 ) ) ;
#764 = CARTESIAN_POINT ( 'NONE',  ( -0.2500000000000000555, 0.09500000000000005662, 0.07600000000000001199 ) ) ;
#765 = EDGE_CURVE ( 'NONE', #119, #1912, #2415, .T. ) ;
#766 = DIRECTION ( 'NONE',  ( 5.205503036707817671E-17, -2.257527080511402581E-35, -1.000000000000000000 ) ) ;
#767 = VECTOR ( 'NONE', #1117, 39.37007874015748143 ) ;
#768 = ORIENTED_EDGE ( 'NONE', *, *, #1011, .T. ) ;
#769 = EDGE_CURVE ( 'NONE', #407, #979, #2907, .T. ) ;
#770 = CIRCLE ( 'NONE', #2379, 0.03999999999999995226 ) ;
#771 = CARTESIAN_POINT ( 'NONE',  ( -0.2150000000000000244, 0.1350000000000000089, 0.1976435662346916478 ) ) ;
#772 = CARTESIAN_POINT ( 'NONE',  ( -0.2500000000000000555, 0.1200000000000000511, 0.07600000000000001199 ) ) ;
#773 = ORIENTED_EDGE ( 'NONE', *, *, #1993, .T. ) ;
#774 = ORIENTED_EDGE ( 'NONE', *, *, #1265, .F. ) ;
#775 = EDGE_CURVE ( 'NONE', #631, #2812, #575, .T. ) ;
#776 = ORIENTED_EDGE ( 'NONE', *, *, #630, .F. ) ;
#777 = LINE ( 'NONE', #264, #1313 ) ;
#778 = DIRECTION ( 'NONE',  ( -1.000000000000000000, 0.000000000000000000, 0.000000000000000000 ) ) ;
#779 = DIRECTION ( 'NONE',  ( 0.9925461516413219831, -0.1218693434051480312, 0.000000000000000000 ) ) ;
#780 = ORIENTED_EDGE ( 'NONE', *, *, #1016, .T. ) ;
#781 = CARTESIAN_POINT ( 'NONE',  ( 0.1249999999999999584, -4.494461285695215287E-20, 0.1439999999999999891 ) ) ;
#782 = CARTESIAN_POINT ( 'NONE',  ( -0.1039999999999998564, 3.739391789698414853E-20, 0.1639999999999999791 ) ) ;
#783 = ORIENTED_EDGE ( 'NONE', *, *, #2439, .F. ) ;
#784 = DIRECTION ( 'NONE',  ( -0.9270409928909305597, 0.3749599945324799677, 0.000000000000000000 ) ) ;
#785 = EDGE_CURVE ( 'NONE', #1882, #500, #2191, .T. ) ;
#786 = EDGE_CURVE ( 'NONE', #1937, #1243, #1031, .T. ) ;
#787 = ORIENTED_EDGE ( 'NONE', *, *, #1079, .T. ) ;
#788 = LINE ( 'NONE', #358, #1832 ) ;
#789 = CARTESIAN_POINT ( 'NONE',  ( 0.1249999999999999861, 0.05000000000000000971, -0.1440000000000000169 ) ) ;
#790 = ORIENTED_EDGE ( 'NONE', *, *, #422, .T. ) ;
#791 = ORIENTED_EDGE ( 'NONE', *, *, #2137, .T. ) ;
#792 = FILL_AREA_STYLE_COLOUR ( '', #928 ) ;
#793 = DIRECTION ( 'NONE',  ( -0.000000000000000000, -0.000000000000000000, -1.000000000000000000 ) ) ;
#794 = DIRECTION ( 'NONE',  ( 1.000000000000000000, 1.076259999491764316E-16, 0.000000000000000000 ) ) ;
#795 = EDGE_LOOP ( 'NONE', ( #251, #2737, #256, #774 ) ) ;
#796 = CARTESIAN_POINT ( 'NONE',  ( 0.1249999999999999861, -4.494461285695215889E-20, -0.1440000000000000169 ) ) ;
#797 = DIRECTION ( 'NONE',  ( 1.000000000000000000, -3.595569028556172711E-19, -0.000000000000000000 ) ) ;
#798 = VECTOR ( 'NONE', #371, 39.37007874015748143 ) ;
#799 = VERTEX_POINT ( 'NONE', #1271 ) ;
#800 = CARTESIAN_POINT ( 'NONE',  ( -0.2500000000000000555, 0.09500000000000005662, -0.1160000000000000059 ) ) ;
#801 = AXIS2_PLACEMENT_3D ( 'NONE', #391, #1579, #2923 ) ;
#802 = SURFACE_STYLE_FILL_AREA ( #2455 ) ;
#803 = DIRECTION ( 'NONE',  ( -0.000000000000000000, -0.000000000000000000, -1.000000000000000000 ) ) ;
#804 = STYLED_ITEM ( 'NONE', ( #2743 ), #1649 ) ;
#805 = AXIS2_PLACEMENT_3D ( 'NONE', #1448, #2844, #2589 ) ;
#806 = AXIS2_PLACEMENT_3D ( 'NONE', #2877, #349, #2893 ) ;
#807 = DIRECTION ( 'NONE',  ( -0.1218510577266568723, 0.9923972267410200443, 0.01732235802734045926 ) ) ;
#808 = VERTEX_POINT ( 'NONE', #1299 ) ;
#809 = LENGTH_MEASURE_WITH_UNIT ( LENGTH_MEASURE( 0.02539999999999999897 ), #1258 );
#810 = VECTOR ( 'NONE', #1080, 39.37007874015748143 ) ;
#811 = LINE ( 'NONE', #334, #276 ) ;
#812 = CARTESIAN_POINT ( 'NONE',  ( -0.3031335051482345611, 0.07031219995899358477, -0.07600000000000002587 ) ) ;
#813 = EDGE_LOOP ( 'NONE', ( #20, #462, #2016, #1844 ) ) ;
#814 = VECTOR ( 'NONE', #681, 39.37007874015748143 ) ;
#815 = ADVANCED_FACE ( 'NONE', ( #2206 ), #2890, .F. ) ;
#816 = ORIENTED_EDGE ( 'NONE', *, *, #16, .F. ) ;
#817 = CARTESIAN_POINT ( 'NONE',  ( -0.2500000000000000555, 0.1200000000000000511, 0.02399999999999998662 ) ) ;
#818 = CARTESIAN_POINT ( 'NONE',  ( -0.2731760248222732668, 0.1043739998633120558, 0.1160000000000000059 ) ) ;
#819 =( LENGTH_UNIT ( ) NAMED_UNIT ( * ) SI_UNIT ( $, .METRE. ) );
#820 = CARTESIAN_POINT ( 'NONE',  ( -0.2150000000000000244, 0.1350000000000000089, -0.08400000000000001910 ) ) ;
#821 = AXIS2_PLACEMENT_3D ( 'NONE', #1998, #1489, #1507 ) ;
#822 = ORIENTED_EDGE ( 'NONE', *, *, #141, .F. ) ;
#823 = PLANE ( 'NONE',  #1287 ) ;
#824 = ORIENTED_EDGE ( 'NONE', *, *, #196, .T. ) ;
#825 = DIRECTION ( 'NONE',  ( -1.076259999491764440E-16, 1.000000000000000000, 0.000000000000000000 ) ) ;
#826 = EDGE_CURVE ( 'NONE', #309, #1401, #2400, .T. ) ;
#827 = FACE_BOUND ( 'NONE', #1173, .T. ) ;
#828 = ORIENTED_EDGE ( 'NONE', *, *, #2526, .T. ) ;
#829 = ORIENTED_EDGE ( 'NONE', *, *, #1944, .F. ) ;
#830 = LINE ( 'NONE', #1527, #2115 ) ;
#831 = AXIS2_PLACEMENT_3D ( 'NONE', #136, #825, #2197 ) ;
#832 = EDGE_CURVE ( 'NONE', #2492, #996, #2236, .T. ) ;
#833 = PRESENTATION_LAYER_ASSIGNMENT (  '', '', ( #2147 ) ) ;
#834 = DIRECTION ( 'NONE',  ( 0.3749599945324800232, 0.9270409928909306707, -0.000000000000000000 ) ) ;
#835 = VECTOR ( 'NONE', #1609, 39.37007874015748143 ) ;
#836 = LINE ( 'NONE', #2190, #2265 ) ;
#837 = DIRECTION ( 'NONE',  ( 1.000000000000000000, -6.539054813799368638E-16, -0.000000000000000000 ) ) ;
#838 = VERTEX_POINT ( 'NONE', #772 ) ;
#839 = ADVANCED_FACE ( 'NONE', ( #1705 ), #2620, .F. ) ;
#840 = ORIENTED_EDGE ( 'NONE', *, *, #2449, .F. ) ;
#841 = DIRECTION ( 'NONE',  ( -0.000000000000000000, -0.000000000000000000, -1.000000000000000000 ) ) ;
#842 = EDGE_LOOP ( 'NONE', ( #440, #1819, #1578, #2799 ) ) ;
#843 = PLANE ( 'NONE',  #2697 ) ;
#844 = DIRECTION ( 'NONE',  ( -0.000000000000000000, -0.000000000000000000, -1.000000000000000000 ) ) ;
#845 = EDGE_LOOP ( 'NONE', ( #783, #2655, #1673, #2517 ) ) ;
#846 = ORIENTED_EDGE ( 'NONE', *, *, #1051, .F. ) ;
#847 = DIRECTION ( 'NONE',  ( 1.000000000000000000, 0.000000000000000000, 0.000000000000000000 ) ) ;
#848 = DIRECTION ( 'NONE',  ( -1.000000000000000000, 0.000000000000000000, 0.000000000000000000 ) ) ;
#849 = VECTOR ( 'NONE', #2947, 39.37007874015748143 ) ;
#850 = DIRECTION ( 'NONE',  ( -0.000000000000000000, -0.000000000000000000, -1.000000000000000000 ) ) ;
#851 = ORIENTED_EDGE ( 'NONE', *, *, #2582, .T. ) ;
#852 = CARTESIAN_POINT ( 'NONE',  ( -0.3423613954031050621, 0.03999999999999995226, -0.08400000000000001910 ) ) ;
#853 = FACE_OUTER_BOUND ( 'NONE', #911, .T. ) ;
#854 = FACE_OUTER_BOUND ( 'NONE', #2107, .T. ) ;
#855 = VECTOR ( 'NONE', #1989, 39.37007874015748143 ) ;
#856 = DIRECTION ( 'NONE',  ( -0.000000000000000000, -0.000000000000000000, -1.000000000000000000 ) ) ;
#857 = ORIENTED_EDGE ( 'NONE', *, *, #733, .T. ) ;
#858 = AXIS2_PLACEMENT_3D ( 'NONE', #1338, #943, #2270 ) ;
#859 = CARTESIAN_POINT ( 'NONE',  ( -0.3031335051482345611, 0.07031219995899358477, 0.08400000000000001910 ) ) ;
#860 = PLANE ( 'NONE',  #709 ) ;
#861 = CIRCLE ( 'NONE', #1889, 0.03999999999999998002 ) ;
#862 = ORIENTED_EDGE ( 'NONE', *, *, #1495, .T. ) ;
#863 = CYLINDRICAL_SURFACE ( 'NONE', #1588, 0.03999999999999998002 ) ;
#864 = ADVANCED_FACE ( 'NONE', ( #312 ), #1021, .F. ) ;
#865 = DIRECTION ( 'NONE',  ( 8.537024980200810971E-16, 0.000000000000000000, -1.000000000000000000 ) ) ;
#866 = DIRECTION ( 'NONE',  ( -1.000000000000000000, 0.000000000000000000, 0.000000000000000000 ) ) ;
#867 = EDGE_CURVE ( 'NONE', #889, #2932, #2471, .T. ) ;
#868 = VERTEX_POINT ( 'NONE', #2965 ) ;
#869 = DIRECTION ( 'NONE',  ( 0.000000000000000000, 0.000000000000000000, 1.000000000000000000 ) ) ;
#870 = DIRECTION ( 'NONE',  ( -1.000000000000000000, 3.595569028556172711E-19, 0.000000000000000000 ) ) ;
#871 = LINE ( 'NONE', #2685, #1838 ) ;
#872 = DIRECTION ( 'NONE',  ( 1.000000000000000000, -3.595569028556173674E-19, 0.000000000000000000 ) ) ;
#873 = ORIENTED_EDGE ( 'NONE', *, *, #2667, .F. ) ;
#874 = CARTESIAN_POINT ( 'NONE',  ( -0.3052797556874679019, 0.02500160021870078894, 0.1160000000000000059 ) ) ;
#875 = PLANE ( 'NONE',  #1043 ) ;
#876 = VERTEX_POINT ( 'NONE', #1139 ) ;
#877 = ADVANCED_FACE ( 'NONE', ( #897 ), #216, .F. ) ;
#878 = ORIENTED_EDGE ( 'NONE', *, *, #2873, .F. ) ;
#879 = CARTESIAN_POINT ( 'NONE',  ( -0.3750000000000001110, 2.134256245050205639E-17, -0.08400000000000001910 ) ) ;
#880 = VECTOR ( 'NONE', #1959, 39.37007874015748143 ) ;
#881 = DIRECTION ( 'NONE',  ( 1.000000000000000000, -3.595569028556173674E-19, 8.537024980200810971E-16 ) ) ;
#882 = ADVANCED_FACE ( 'NONE', ( #1549, #2983 ), #647, .T. ) ;
#883 = CARTESIAN_POINT ( 'NONE',  ( -0.3750000000000001110, 0.01499999999999998036, 0.1160000000000000059 ) ) ;
#884 = EDGE_CURVE ( 'NONE', #1349, #397, #34, .T. ) ;
#885 = ORIENTED_EDGE ( 'NONE', *, *, #458, .F. ) ;
#886 = DIRECTION ( 'NONE',  ( 1.000000000000000000, 0.000000000000000000, 0.000000000000000000 ) ) ;
#887 = DIRECTION ( 'NONE',  ( -0.000000000000000000, -0.000000000000000000, -1.000000000000000000 ) ) ;
#888 = UNCERTAINTY_MEASURE_WITH_UNIT (LENGTH_MEASURE( 1.000000000000000082E-05 ), #2445, 'distance_accuracy_value', 'NONE');
#889 = VERTEX_POINT ( 'NONE', #163 ) ;
#890 = CARTESIAN_POINT ( 'NONE',  ( -0.2870816397156372157, 0.1099983997812992442, 0.07600000000000001199 ) ) ;
#891 = LINE ( 'NONE', #1175, #2538 ) ;
#892 = ORIENTED_EDGE ( 'NONE', *, *, #648, .F. ) ;
#893 = ORIENTED_EDGE ( 'NONE', *, *, #696, .F. ) ;
#894 = DIRECTION ( 'NONE',  ( -1.000000000000000000, 0.000000000000000000, 0.000000000000000000 ) ) ;
#895 = LINE ( 'NONE', #1822, #83 ) ;
#896 = ORIENTED_EDGE ( 'NONE', *, *, #1877, .T. ) ;
#897 = FACE_OUTER_BOUND ( 'NONE', #1769, .T. ) ;
#898 = DIMENSIONAL_EXPONENTS ( 1.000000000000000000, 0.000000000000000000, 0.000000000000000000, 0.000000000000000000, 0.000000000000000000, 0.000000000000000000, 0.000000000000000000 ) ;
#899 = ORIENTED_EDGE ( 'NONE', *, *, #224, .T. ) ;
#900 = FACE_OUTER_BOUND ( 'NONE', #1932, .T. ) ;
#901 = DIRECTION ( 'NONE',  ( 6.539054813799368638E-16, 1.000000000000000000, -0.000000000000000000 ) ) ;
#902 = ORIENTED_EDGE ( 'NONE', *, *, #1188, .F. ) ;
#903 = DIRECTION ( 'NONE',  ( -0.000000000000000000, -0.000000000000000000, -1.000000000000000000 ) ) ;
#904 =( CONVERSION_BASED_UNIT ( 'INCH', #1347 ) LENGTH_UNIT ( ) NAMED_UNIT ( #201 ) );
#905 = AXIS2_PLACEMENT_3D ( 'NONE', #2772, #1634, #231 ) ;
#906 = CIRCLE ( 'NONE', #805, 0.02272290335825662491 ) ;
#907 = FACE_OUTER_BOUND ( 'NONE', #2699, .T. ) ;
#908 = ADVANCED_FACE ( 'NONE', ( #1317 ), #441, .T. ) ;
#909 = AXIS2_PLACEMENT_3D ( 'NONE', #634, #2672, #2431 ) ;
#910 = DIRECTION ( 'NONE',  ( -8.537024980200826748E-16, 0.000000000000000000, -1.000000000000000000 ) ) ;
#911 = EDGE_LOOP ( 'NONE', ( #2783, #1519, #1475, #2226 ) ) ;
#912 = CARTESIAN_POINT ( 'NONE',  ( 2.275269431469136374E-55, 6.327981505566553726E-37, -2.441667678950752264E-72 ) ) ;
#913 = VERTEX_POINT ( 'NONE', #2531 ) ;
#914 = LINE ( 'NONE', #718, #2451 ) ;
#915 = PLANE ( 'NONE',  #2375 ) ;
#916 = AXIS2_PLACEMENT_3D ( 'NONE', #1491, #2480, #1089 ) ;
#917 = VERTEX_POINT ( 'NONE', #455 ) ;
#918 = EDGE_CURVE ( 'NONE', #1561, #752, #667, .T. ) ;
#919 = CARTESIAN_POINT ( 'NONE',  ( -0.3750000000000001110, 0.01499999999999998036, 0.01599999999999999686 ) ) ;
#920 = VECTOR ( 'NONE', #870, 39.37007874015748143 ) ;
#921 = EDGE_LOOP ( 'NONE', ( #791, #659, #846, #1295 ) ) ;
#922 = EDGE_CURVE ( 'NONE', #2021, #1441, #2041, .T. ) ;
#923 = VECTOR ( 'NONE', #2346, 39.37007874015748143 ) ;
#924 = ORIENTED_EDGE ( 'NONE', *, *, #1310, .F. ) ;
#925 = CARTESIAN_POINT ( 'NONE',  ( -0.1675579322638146573, 0.1650000000000000633, -0.1024955436720149382 ) ) ;
#926 = ORIENTED_EDGE ( 'NONE', *, *, #1487, .T. ) ;
#927 = LINE ( 'NONE', #1233, #1333 ) ;
#928 = COLOUR_RGB ( '',0.7960784313725489669, 0.8235294117647058432, 0.9372549019607843146 ) ;
#929 = CARTESIAN_POINT ( 'NONE',  ( -0.3423613954031050621, -8.537024980200822558E-18, -0.08400000000000001910 ) ) ;
#930 = LINE ( 'NONE', #1671, #3 ) ;
#931 = VECTOR ( 'NONE', #2536, 39.37007874015748143 ) ;
#932 = ADVANCED_FACE ( 'NONE', ( #2503 ), #2515, .T. ) ;
#933 = ORIENTED_EDGE ( 'NONE', *, *, #2328, .F. ) ;
#934 = ORIENTED_EDGE ( 'NONE', *, *, #1487, .F. ) ;
#935 = LINE ( 'NONE', #237, #2843 ) ;
#936 =( NAMED_UNIT ( * ) PLANE_ANGLE_UNIT ( ) SI_UNIT ( $, .RADIAN. ) );
#937 = ORIENTED_EDGE ( 'NONE', *, *, #1281, .T. ) ;
#938 = DIRECTION ( 'NONE',  ( 0.9270409928909305597, -0.3749599945324799677, 0.000000000000000000 ) ) ;
#939 = ORIENTED_EDGE ( 'NONE', *, *, #2144, .T. ) ;
#940 = CARTESIAN_POINT ( 'NONE',  ( -0.1039999999999998287, 3.739391789698414251E-20, -0.1640000000000000346 ) ) ;
#941 = ORIENTED_EDGE ( 'NONE', *, *, #431, .T. ) ;
#942 = EDGE_CURVE ( 'NONE', #1857, #366, #2313, .T. ) ;
#943 = DIRECTION ( 'NONE',  ( 0.000000000000000000, 0.000000000000000000, 1.000000000000000000 ) ) ;
#944 = DIRECTION ( 'NONE',  ( -0.000000000000000000, -0.000000000000000000, -1.000000000000000000 ) ) ;
#945 = DIRECTION ( 'NONE',  ( 0.000000000000000000, 0.000000000000000000, 1.000000000000000000 ) ) ;
#946 = AXIS2_PLACEMENT_3D ( 'NONE', #2340, #1924, #538 ) ;
#947 = VERTEX_POINT ( 'NONE', #199 ) ;
#948 = EDGE_LOOP ( 'NONE', ( #2380, #2178 ) ) ;
#949 = PLANE ( 'NONE',  #1991 ) ;
#950 = DIRECTION ( 'NONE',  ( 1.000000000000000000, -6.539054813799368638E-16, -0.000000000000000000 ) ) ;
#951 = AXIS2_PLACEMENT_3D ( 'NONE', #1824, #1354, #1383 ) ;
#952 = VECTOR ( 'NONE', #2887, 39.37007874015748143 ) ;
#953 = STYLED_ITEM ( 'NONE', ( #115 ), #2280 ) ;
#954 = VECTOR ( 'NONE', #737, 39.37007874015748143 ) ;
#955 = EDGE_CURVE ( 'NONE', #1158, #1071, #1368, .T. ) ;
#956 = CARTESIAN_POINT ( 'NONE',  ( 0.1249999999999999584, 0.6740520811598980089, -0.2000000000000000111 ) ) ;
#957 = EDGE_LOOP ( 'NONE', ( #160, #1369, #2744, #1922 ) ) ;
#958 = AXIS2_PLACEMENT_3D ( 'NONE', #800, #2413, #2189 ) ;
#959 = MECHANICAL_DESIGN_GEOMETRIC_PRESENTATION_REPRESENTATION (  '', ( #2147 ), #570 ) ;
#960 = ORIENTED_EDGE ( 'NONE', *, *, #1400, .F. ) ;
#961 = DIRECTION ( 'NONE',  ( 1.387359409432400182E-54, 3.858525308272287961E-36, 1.000000000000000000 ) ) ;
#962 = CARTESIAN_POINT ( 'NONE',  ( 0.1249999999999999584, 0.05000000000000002359, 0.2000000000000000111 ) ) ;
#963 = EDGE_CURVE ( 'NONE', #2868, #2434, #229, .T. ) ;
#964 = ADVANCED_FACE ( 'NONE', ( #2026 ), #2950, .F. ) ;
#965 = APPLICATION_CONTEXT ( 'automotive_design' ) ;
#966 = EDGE_CURVE ( 'NONE', #2550, #2181, #1189, .T. ) ;
#967 = ORIENTED_EDGE ( 'NONE', *, *, #966, .T. ) ;
#968 = LINE ( 'NONE', #1674, #2002 ) ;
#969 = DIRECTION ( 'NONE',  ( 0.3749599945324800787, 0.9270409928909305597, 0.000000000000000000 ) ) ;
#970 = DIRECTION ( 'NONE',  ( -0.3749599945324794681, -0.9270409928909307817, 0.000000000000000000 ) ) ;
#971 = AXIS2_PLACEMENT_3D ( 'NONE', #2594, #760, #1010 ) ;
#972 = EDGE_CURVE ( 'NONE', #2867, #1623, #2267, .T. ) ;
#973 = CARTESIAN_POINT ( 'NONE',  ( -0.2731760248222732668, 0.1043739998633120558, 0.01599999999999999686 ) ) ;
#974 = EDGE_LOOP ( 'NONE', ( #1386, #2319, #1631, #873 ) ) ;
#975 = PRODUCT_DEFINITION ( 'UNKNOWN', '', #2691, #220 ) ;
#976 = CARTESIAN_POINT ( 'NONE',  ( -0.2892278902548706121, 0.06468780004100638248, 0.07600000000000001199 ) ) ;
#977 = CARTESIAN_POINT ( 'NONE',  ( -0.3750000000000001110, 2.134256245050205639E-17, 0.1160000000000000059 ) ) ;
#978 = ORIENTED_EDGE ( 'NONE', *, *, #2570, .T. ) ;
#979 = VERTEX_POINT ( 'NONE', #883 ) ;
#980 = VECTOR ( 'NONE', #2679, 39.37007874015748143 ) ;
#981 =( NAMED_UNIT ( * ) SI_UNIT ( $, .STERADIAN. ) SOLID_ANGLE_UNIT ( ) );
#982 = CYLINDRICAL_SURFACE ( 'NONE', #2839, 0.03999999999999995226 ) ;
#983 = FACE_OUTER_BOUND ( 'NONE', #2056, .T. ) ;
#984 = EDGE_CURVE ( 'NONE', #2804, #123, #1129, .T. ) ;
#985 = DIRECTION ( 'NONE',  ( -1.076259999491764316E-16, 1.000000000000000000, -0.000000000000000000 ) ) ;
#986 = ADVANCED_FACE ( 'NONE', ( #2172 ), #1939, .F. ) ;
#987 = CARTESIAN_POINT ( 'NONE',  ( 0.1249999999999999584, 2.021829857959411290E-17, -0.2000000000000000111 ) ) ;
#988 = PLANE ( 'NONE',  #1970 ) ;
#989 = CARTESIAN_POINT ( 'NONE',  ( 0.1249999999999999584, 0.05000000000000000971, 0.1439999999999999891 ) ) ;
#990 = ORIENTED_EDGE ( 'NONE', *, *, #775, .T. ) ;
#991 = ORIENTED_EDGE ( 'NONE', *, *, #181, .T. ) ;
#992 = DIRECTION ( 'NONE',  ( -0.000000000000000000, -0.000000000000000000, -1.000000000000000000 ) ) ;
#993 = CARTESIAN_POINT ( 'NONE',  ( -0.2731760248222732668, 0.1043739998633120558, 0.01599999999999999686 ) ) ;
#994 = CARTESIAN_POINT ( 'NONE',  ( -0.2892278902548706121, 0.06468780004100638248, -0.02400000000000000397 ) ) ;
#995 = VERTEX_POINT ( 'NONE', #998 ) ;
#996 = VERTEX_POINT ( 'NONE', #2854 ) ;
#997 = DIRECTION ( 'NONE',  ( -1.076259999491764440E-16, 1.000000000000000000, 0.000000000000000000 ) ) ;
#998 = CARTESIAN_POINT ( 'NONE',  ( -0.3423613954031050621, -8.537024980200822558E-18, -0.1160000000000000059 ) ) ;
#999 = EDGE_CURVE ( 'NONE', #2596, #2028, #1728, .T. ) ;
#1000 = DIRECTION ( 'NONE',  ( 1.000000000000000000, -3.595569028556174155E-19, -0.000000000000000000 ) ) ;
#1001 = VECTOR ( 'NONE', #1555, 39.37007874015748143 ) ;
#1002 = ADVANCED_FACE ( 'NONE', ( #1251 ), #2422, .F. ) ;
#1003 = ORIENTED_EDGE ( 'NONE', *, *, #2096, .T. ) ;
#1004 = LINE ( 'NONE', #976, #2735 ) ;
#1005 = DIRECTION ( 'NONE',  ( 0.000000000000000000, 0.000000000000000000, 1.000000000000000000 ) ) ;
#1006 = CIRCLE ( 'NONE', #1684, 0.03999999999999998002 ) ;
#1007 = VERTEX_POINT ( 'NONE', #782 ) ;
#1008 = VERTEX_POINT ( 'NONE', #2089 ) ;
#1009 = CARTESIAN_POINT ( 'NONE',  ( -0.1039999999999998287, 0.05000000000000002359, -0.1640000000000000346 ) ) ;
#1010 = DIRECTION ( 'NONE',  ( 1.000000000000000000, 0.000000000000000000, -0.000000000000000000 ) ) ;
#1011 = EDGE_CURVE ( 'NONE', #2298, #486, #2838, .T. ) ;
#1012 = ORIENTED_EDGE ( 'NONE', *, *, #2100, .F. ) ;
#1013 = DIRECTION ( 'NONE',  ( -8.537024980200811957E-16, 1.851172206019348160E-34, 1.000000000000000000 ) ) ;
#1014 = EDGE_CURVE ( 'NONE', #1071, #1882, #2493, .T. ) ;
#1015 = LINE ( 'NONE', #2642, #2637 ) ;
#1016 = EDGE_CURVE ( 'NONE', #1871, #695, #2118, .T. ) ;
#1017 = DIRECTION ( 'NONE',  ( 0.9270409928909305597, -0.3749599945324799677, 0.000000000000000000 ) ) ;
#1018 = VERTEX_POINT ( 'NONE', #940 ) ;
#1019 = AXIS2_PLACEMENT_3D ( 'NONE', #550, #1229, #1416 ) ;
#1020 = DIRECTION ( 'NONE',  ( -6.539054813799368638E-16, -1.000000000000000000, 0.000000000000000000 ) ) ;
#1021 = PLANE ( 'NONE',  #1802 ) ;
#1022 = EDGE_LOOP ( 'NONE', ( #279, #503, #2158, #459 ) ) ;
#1023 = CARTESIAN_POINT ( 'NONE',  ( -0.3423613954031050621, 0.03999999999999995226, 0.1160000000000000059 ) ) ;
#1024 = LINE ( 'NONE', #2566, #923 ) ;
#1025 = VERTEX_POINT ( 'NONE', #1878 ) ;
#1026 = PLANE ( 'NONE',  #2979 ) ;
#1027 = CARTESIAN_POINT ( 'NONE',  ( 0.08300000000000015699, -2.984322293701630067E-20, 0.1639999999999999791 ) ) ;
#1028 = ORIENTED_EDGE ( 'NONE', *, *, #2582, .F. ) ;
#1029 = PLANE ( 'NONE',  #662 ) ;
#1030 = DIRECTION ( 'NONE',  ( -0.000000000000000000, -0.000000000000000000, -1.000000000000000000 ) ) ;
#1031 = LINE ( 'NONE', #1973, #1899 ) ;
#1032 = ORIENTED_EDGE ( 'NONE', *, *, #2219, .F. ) ;
#1033 = ADVANCED_FACE ( 'NONE', ( #2627 ), #1153, .F. ) ;
#1034 = ORIENTED_EDGE ( 'NONE', *, *, #1314, .T. ) ;
#1035 = DIRECTION ( 'NONE',  ( 3.595569028556173674E-19, 1.000000000000000000, 0.000000000000000000 ) ) ;
#1036 = ORIENTED_EDGE ( 'NONE', *, *, #234, .T. ) ;
#1037 = CARTESIAN_POINT ( 'NONE',  ( 0.08300000000000015699, 0.05000000000000002359, 0.1639999999999999791 ) ) ;
#1038 = PLANE ( 'NONE',  #1974 ) ;
#1039 = DIRECTION ( 'NONE',  ( 1.000000000000000000, 0.000000000000000000, 0.000000000000000000 ) ) ;
#1040 = ORIENTED_EDGE ( 'NONE', *, *, #2257, .T. ) ;
#1041 = ORIENTED_EDGE ( 'NONE', *, *, #1224, .T. ) ;
#1042 = CARTESIAN_POINT ( 'NONE',  ( -0.1039999999999998287, 0.05000000000000000971, -0.1640000000000000346 ) ) ;
#1043 = AXIS2_PLACEMENT_3D ( 'NONE', #2259, #356, #611 ) ;
#1044 = CARTESIAN_POINT ( 'NONE',  ( -0.3031335051482345611, 0.07031219995899358477, -0.07600000000000002587 ) ) ;
#1045 = VECTOR ( 'NONE', #1335, 39.37007874015748143 ) ;
#1046 = EDGE_CURVE ( 'NONE', #2776, #463, #2558, .T. ) ;
#1047 = DIRECTION ( 'NONE',  ( 0.000000000000000000, 1.000000000000000000, -0.000000000000000000 ) ) ;
#1048 = VECTOR ( 'NONE', #299, 39.37007874015748854 ) ;
#1049 = ORIENTED_EDGE ( 'NONE', *, *, #2833, .F. ) ;
#1050 = ORIENTED_EDGE ( 'NONE', *, *, #1540, .T. ) ;
#1051 = EDGE_CURVE ( 'NONE', #2641, #2604, #554, .T. ) ;
#1052 = DIRECTION ( 'NONE',  ( -5.205503036707817671E-17, 0.000000000000000000, 1.000000000000000000 ) ) ;
#1053 = ORIENTED_EDGE ( 'NONE', *, *, #102, .T. ) ;
#1054 = VECTOR ( 'NONE', #161, 39.37007874015748854 ) ;
#1055 = LENGTH_MEASURE_WITH_UNIT ( LENGTH_MEASURE( 0.02539999999999999897 ), #1306 );
#1056 = PLANE ( 'NONE',  #1850 ) ;
#1057 = EDGE_CURVE ( 'NONE', #27, #799, #266, .T. ) ;
#1058 = EDGE_CURVE ( 'NONE', #262, #1949, #6, .T. ) ;
#1059 = ORIENTED_EDGE ( 'NONE', *, *, #2903, .F. ) ;
#1060 = VECTOR ( 'NONE', #1165, 39.37007874015748143 ) ;
#1061 = PLANE ( 'NONE',  #1600 ) ;
#1062 = LINE ( 'NONE', #1328, #849 ) ;
#1063 = CARTESIAN_POINT ( 'NONE',  ( -0.3423613954031050621, 0.03999999999999995226, 0.08400000000000001910 ) ) ;
#1064 = EDGE_CURVE ( 'NONE', #799, #2830, #1015, .T. ) ;
#1065 = PLANE ( 'NONE',  #2170 ) ;
#1066 = LINE ( 'NONE', #1990, #880 ) ;
#1067 = AXIS2_PLACEMENT_3D ( 'NONE', #1567, #2489, #1339 ) ;
#1068 = VECTOR ( 'NONE', #1658, 39.37007874015748854 ) ;
#1069 = ORIENTED_EDGE ( 'NONE', *, *, #2000, .T. ) ;
#1070 = CARTESIAN_POINT ( 'NONE',  ( 0.1075866012178170461, 0.1918207521705680985, -0.1966517563162846205 ) ) ;
#1071 = VERTEX_POINT ( 'NONE', #2784 ) ;
#1072 = CARTESIAN_POINT ( 'NONE',  ( 0.08300000000000015699, 0.6740520811598980089, 0.1639999999999999791 ) ) ;
#1073 = CARTESIAN_POINT ( 'NONE',  ( -0.3423613954031050621, 0.03999999999999995226, 0.1160000000000000059 ) ) ;
#1074 = PLANE ( 'NONE',  #821 ) ;
#1075 = EDGE_LOOP ( 'NONE', ( #2246, #2648, #1500, #2563 ) ) ;
#1076 = CARTESIAN_POINT ( 'NONE',  ( 0.08300000000000015699, 0.6740520811598980089, -0.1440000000000000169 ) ) ;
#1077 = CYLINDRICAL_SURFACE ( 'NONE', #1884, 0.03999999999999995226 ) ;
#1078 = STYLED_ITEM ( 'NONE', ( #94 ), #344 ) ;
#1079 = EDGE_CURVE ( 'NONE', #2037, #868, #1459, .T. ) ;
#1080 = DIRECTION ( 'NONE',  ( -0.000000000000000000, -0.000000000000000000, -1.000000000000000000 ) ) ;
#1081 = FACE_OUTER_BOUND ( 'NONE', #313, .T. ) ;
#1082 = ORIENTED_EDGE ( 'NONE', *, *, #319, .F. ) ;
#1083 = FACE_OUTER_BOUND ( 'NONE', #178, .T. ) ;
#1084 = CARTESIAN_POINT ( 'NONE',  ( -0.1448350289055580220, 0.1650000000000000633, -0.1024955436720149382 ) ) ;
#1085 = DIRECTION ( 'NONE',  ( -1.000000000000000000, 3.595569028556173674E-19, 0.000000000000000000 ) ) ;
#1086 = CARTESIAN_POINT ( 'NONE',  ( -0.3750000000000001110, 0.01499999999999998036, -0.1160000000000000059 ) ) ;
#1087 = ORIENTED_EDGE ( 'NONE', *, *, #2902, .T. ) ;
#1088 = EDGE_CURVE ( 'NONE', #695, #913, #927, .T. ) ;
#1089 = DIRECTION ( 'NONE',  ( 1.000000000000000000, 0.000000000000000000, -0.000000000000000000 ) ) ;
#1090 = LINE ( 'NONE', #1296, #798 ) ;
#1091 = ORIENTED_EDGE ( 'NONE', *, *, #2264, .F. ) ;
#1092 = DIRECTION ( 'NONE',  ( 1.000000000000000000, -3.595569028556172711E-19, 0.000000000000000000 ) ) ;
#1093 = VECTOR ( 'NONE', #2213, 39.37007874015748143 ) ;
#1094 = EDGE_CURVE ( 'NONE', #2588, #1007, #572, .T. ) ;
#1095 = DIRECTION ( 'NONE',  ( 0.3749599945324800232, 0.9270409928909306707, -0.000000000000000000 ) ) ;
#1096 = DIRECTION ( 'NONE',  ( -0.000000000000000000, -0.000000000000000000, -1.000000000000000000 ) ) ;
#1097 = ORIENTED_EDGE ( 'NONE', *, *, #1314, .F. ) ;
#1098 = VECTOR ( 'NONE', #676, 39.37007874015748143 ) ;
#1099 = PLANE ( 'NONE',  #711 ) ;
#1100 = CARTESIAN_POINT ( 'NONE',  ( 0.08300000000000015699, 0.05000000000000000971, -0.1440000000000000169 ) ) ;
#1101 = CARTESIAN_POINT ( 'NONE',  ( -0.1448350289055580220, 0.1850000000000000533, -0.1024955436720149382 ) ) ;
#1102 = AXIS2_PLACEMENT_3D ( 'NONE', #287, #742, #1901 ) ;
#1103 = LINE ( 'NONE', #1086, #576 ) ;
#1104 = ORIENTED_EDGE ( 'NONE', *, *, #984, .T. ) ;
#1105 = VECTOR ( 'NONE', #1910, 39.37007874015748143 ) ;
#1106 = PLANE ( 'NONE',  #2764 ) ;
#1107 = CARTESIAN_POINT ( 'NONE',  ( -0.3423613954031050621, 0.03999999999999995226, -0.08400000000000001910 ) ) ;
#1108 = AXIS2_PLACEMENT_3D ( 'NONE', #1890, #1927, #2615 ) ;
#1109 = AXIS2_PLACEMENT_3D ( 'NONE', #494, #1200, #291 ) ;
#1110 = ORIENTED_EDGE ( 'NONE', *, *, #181, .F. ) ;
#1111 = ADVANCED_FACE ( 'NONE', ( #700 ), #2543, .F. ) ;
#1112 = ORIENTED_EDGE ( 'NONE', *, *, #378, .T. ) ;
#1113 = DIRECTION ( 'NONE',  ( -0.000000000000000000, -0.000000000000000000, -1.000000000000000000 ) ) ;
#1114 = DIRECTION ( 'NONE',  ( -3.595569028556173674E-19, -1.000000000000000000, 0.000000000000000000 ) ) ;
#1115 = ORIENTED_EDGE ( 'NONE', *, *, #423, .F. ) ;
#1116 = LINE ( 'NONE', #1810, #1777 ) ;
#1117 = DIRECTION ( 'NONE',  ( -1.000000000000000000, 0.000000000000000000, 0.000000000000000000 ) ) ;
#1118 = FACE_OUTER_BOUND ( 'NONE', #1172, .T. ) ;
#1119 = DIRECTION ( 'NONE',  ( 1.365923996832130870E-16, -4.911274018371271269E-35, 1.000000000000000000 ) ) ;
#1120 = ORIENTED_EDGE ( 'NONE', *, *, #157, .T. ) ;
#1121 = CARTESIAN_POINT ( 'NONE',  ( -0.3191853705808318509, 0.03062600013668795654, 0.1160000000000000059 ) ) ;
#1122 = FILL_AREA_STYLE_COLOUR ( '', #1497 ) ;
#1123 = VERTEX_POINT ( 'NONE', #1770 ) ;
#1124 = ORIENTED_EDGE ( 'NONE', *, *, #103, .T. ) ;
#1125 = LINE ( 'NONE', #2055, #612 ) ;
#1126 = AXIS2_PLACEMENT_3D ( 'NONE', #1221, #59, #2385 ) ;
#1127 = CARTESIAN_POINT ( 'NONE',  ( -0.2500000000000000555, 0.1200000000000000511, 0.1160000000000000059 ) ) ;
#1128 = ORIENTED_EDGE ( 'NONE', *, *, #1550, .F. ) ;
#1129 = LINE ( 'NONE', #2057, #2633 ) ;
#1130 = ORIENTED_EDGE ( 'NONE', *, *, #2618, .F. ) ;
#1131 = PLANE ( 'NONE',  #858 ) ;
#1132 = CARTESIAN_POINT ( 'NONE',  ( -0.2150000000000000244, 0.1350000000000000089, 0.07600000000000001199 ) ) ;
#1133 = ORIENTED_EDGE ( 'NONE', *, *, #2100, .T. ) ;
#1134 = DIRECTION ( 'NONE',  ( -3.595569028556173674E-19, -1.000000000000000000, 0.000000000000000000 ) ) ;
#1135 = PRESENTATION_STYLE_ASSIGNMENT (( #210 ) ) ;
#1136 = CARTESIAN_POINT ( 'NONE',  ( -0.2500000000000000555, 0.1350000000000000089, 0.01599999999999999686 ) ) ;
#1137 = FACE_OUTER_BOUND ( 'NONE', #2518, .T. ) ;
#1138 = ORIENTED_EDGE ( 'NONE', *, *, #2102, .F. ) ;
#1139 = CARTESIAN_POINT ( 'NONE',  ( -0.3031335051482345611, 0.07031219995899357089, -0.08400000000000001910 ) ) ;
#1140 = EDGE_CURVE ( 'NONE', #366, #808, #1312, .T. ) ;
#1141 = ORIENTED_EDGE ( 'NONE', *, *, #832, .T. ) ;
#1142 = CARTESIAN_POINT ( 'NONE',  ( -0.3423613954031050621, 0.01499999999999995955, 0.01599999999999999686 ) ) ;
#1143 = LINE ( 'NONE', #2716, #147 ) ;
#1144 = EDGE_LOOP ( 'NONE', ( #470, #594, #1778, #350, #1943, #2988, #1611, #1245 ) ) ;
#1145 = CARTESIAN_POINT ( 'NONE',  ( 0.1249999999999999584, 2.021829857959411290E-17, 0.2000000000000000111 ) ) ;
#1146 = SURFACE_SIDE_STYLE ('',( #1361 ) ) ;
#1147 = VECTOR ( 'NONE', #2108, 39.37007874015748143 ) ;
#1148 = EDGE_LOOP ( 'NONE', ( #47, #734, #2034, #1565 ) ) ;
#1149 = DIRECTION ( 'NONE',  ( -1.076259999491764316E-16, 1.000000000000000000, 0.000000000000000000 ) ) ;
#1150 = AXIS2_PLACEMENT_3D ( 'NONE', #1969, #2677, #2888 ) ;
#1151 = AXIS2_PLACEMENT_3D ( 'NONE', #292, #2183, #2198 ) ;
#1152 = EDGE_LOOP ( 'NONE', ( #2729, #2740, #26, #426 ) ) ;
#1153 = PLANE ( 'NONE',  #946 ) ;
#1154 = EDGE_CURVE ( 'NONE', #2420, #2867, #641, .T. ) ;
#1155 = CARTESIAN_POINT ( 'NONE',  ( -0.3031335051482345611, 0.07031219995899358477, -0.07600000000000002587 ) ) ;
#1156 = CARTESIAN_POINT ( 'NONE',  ( 0.1249999999999999584, 0.05000000000000002359, 0.1439999999999999891 ) ) ;
#1157 = CLOSED_SHELL ( 'NONE', ( #1111, #2362, #1267, #1223, #2187, #1817, #1573, #2424, #1985, #2851, #420, #2745, #2082, #882, #877, #530 ) ) ;
#1158 = VERTEX_POINT ( 'NONE', #584 ) ;
#1159 = ORIENTED_EDGE ( 'NONE', *, *, #2889, .F. ) ;
#1160 = DIRECTION ( 'NONE',  ( -0.000000000000000000, -0.000000000000000000, -1.000000000000000000 ) ) ;
#1161 = FILL_AREA_STYLE_COLOUR ( '', #2786 ) ;
#1162 = AXIS2_PLACEMENT_3D ( 'NONE', #300, #2561, #249 ) ;
#1163 = ORIENTED_EDGE ( 'NONE', *, *, #2274, .F. ) ;
#1164 = AXIS2_PLACEMENT_3D ( 'NONE', #109, #1739, #169 ) ;
#1165 = DIRECTION ( 'NONE',  ( -1.000000000000000000, 0.000000000000000000, 0.000000000000000000 ) ) ;
#1166 = FILL_AREA_STYLE_COLOUR ( '', #2500 ) ;
#1167 = ORIENTED_EDGE ( 'NONE', *, *, #117, .F. ) ;
#1168 = DIRECTION ( 'NONE',  ( 1.000000000000000000, 0.000000000000000000, 0.000000000000000000 ) ) ;
#1169 = CARTESIAN_POINT ( 'NONE',  ( 0.08300000000000015699, 0.05000000000000000971, -0.1440000000000000169 ) ) ;
#1170 = LINE ( 'NONE', #2602, #1849 ) ;
#1171 = SHAPE_DEFINITION_REPRESENTATION ( #2974, #1649 ) ;
#1172 = EDGE_LOOP ( 'NONE', ( #2139, #2525, #556, #239 ) ) ;
#1173 = EDGE_LOOP ( 'NONE', ( #2020, #2568 ) ) ;
#1174 = CARTESIAN_POINT ( 'NONE',  ( 0.3750000000000001110, 0.05000000000000000971, -0.1999999999999999833 ) ) ;
#1175 = CARTESIAN_POINT ( 'NONE',  ( -0.3031335051482345611, 0.07031219995899358477, 0.1239999999999999991 ) ) ;
#1176 = EDGE_CURVE ( 'NONE', #419, #309, #2481, .T. ) ;
#1177 = EDGE_CURVE ( 'NONE', #2269, #23, #2919, .T. ) ;
#1178 = DIRECTION ( 'NONE',  ( 0.3749599945324795791, 0.9270409928909307817, 0.000000000000000000 ) ) ;
#1179 = ORIENTED_EDGE ( 'NONE', *, *, #1199, .T. ) ;
#1180 = EDGE_CURVE ( 'NONE', #666, #347, #1264, .T. ) ;
#1181 = DIRECTION ( 'NONE',  ( 0.000000000000000000, 0.000000000000000000, 1.000000000000000000 ) ) ;
#1182 = LINE ( 'NONE', #1661, #271 ) ;
#1183 = DIRECTION ( 'NONE',  ( -1.000000000000000000, 0.000000000000000000, 0.000000000000000000 ) ) ;
#1184 = VECTOR ( 'NONE', #387, 39.37007874015748143 ) ;
#1185 = ORIENTED_EDGE ( 'NONE', *, *, #103, .F. ) ;
#1186 = SURFACE_SIDE_STYLE ('',( #532 ) ) ;
#1187 = PLANE ( 'NONE',  #2469 ) ;
#1188 = EDGE_CURVE ( 'NONE', #2621, #1871, #1062, .T. ) ;
#1189 = CIRCLE ( 'NONE', #1580, 0.02499999999999993894 ) ;
#1190 = ORIENTED_EDGE ( 'NONE', *, *, #2883, .T. ) ;
#1191 = CARTESIAN_POINT ( 'NONE',  ( -0.1039999999999998564, 0.05000000000000002359, 0.1639999999999999791 ) ) ;
#1192 =( GEOMETRIC_REPRESENTATION_CONTEXT ( 3 ) GLOBAL_UNCERTAINTY_ASSIGNED_CONTEXT ( ( #1343 ) ) GLOBAL_UNIT_ASSIGNED_CONTEXT ( ( #1366, #2040, #2086 ) ) REPRESENTATION_CONTEXT ( 'NONE', 'WORKASPACE' ) );
#1193 = VECTOR ( 'NONE', #2767, 39.37007874015748143 ) ;
#1194 = FACE_OUTER_BOUND ( 'NONE', #2894, .T. ) ;
#1195 = VECTOR ( 'NONE', #1709, 39.37007874015748143 ) ;
#1196 = CARTESIAN_POINT ( 'NONE',  ( -0.2892278902548706121, 0.06468780004100638248, 0.1239999999999999991 ) ) ;
#1197 = FACE_OUTER_BOUND ( 'NONE', #1603, .T. ) ;
#1198 = ORIENTED_EDGE ( 'NONE', *, *, #918, .T. ) ;
#1199 = EDGE_CURVE ( 'NONE', #2329, #730, #2019, .T. ) ;
#1200 = DIRECTION ( 'NONE',  ( 0.9270409928909306707, -0.3749599945324801342, 0.000000000000000000 ) ) ;
#1201 = DIRECTION ( 'NONE',  ( 0.3749599945324795791, 0.9270409928909307817, 0.000000000000000000 ) ) ;
#1202 = ORIENTED_EDGE ( 'NONE', *, *, #551, .T. ) ;
#1203 = DIRECTION ( 'NONE',  ( 0.000000000000000000, 1.000000000000000000, 0.000000000000000000 ) ) ;
#1204 = VECTOR ( 'NONE', #754, 39.37007874015748143 ) ;
#1205 = VECTOR ( 'NONE', #635, 39.37007874015748143 ) ;
#1206 = FACE_OUTER_BOUND ( 'NONE', #496, .T. ) ;
#1207 = PLANE ( 'NONE',  #1102 ) ;
#1208 = DIRECTION ( 'NONE',  ( 1.000000000000000000, 0.000000000000000000, -0.000000000000000000 ) ) ;
#1209 = AXIS2_PLACEMENT_3D ( 'NONE', #565, #619, #1486 ) ;
#1210 = ORIENTED_EDGE ( 'NONE', *, *, #2833, .T. ) ;
#1211 = EDGE_LOOP ( 'NONE', ( #787, #2261, #1558, #2169, #2878, #1707, #1725, #1639 ) ) ;
#1212 = CARTESIAN_POINT ( 'NONE',  ( -0.3031335051482345611, 0.07031219995899358477, 0.02399999999999998662 ) ) ;
#1213 = DIRECTION ( 'NONE',  ( -0.000000000000000000, -0.000000000000000000, -1.000000000000000000 ) ) ;
#1214 = ORIENTED_EDGE ( 'NONE', *, *, #1540, .F. ) ;
#1215 = VERTEX_POINT ( 'NONE', #1042 ) ;
#1216 = DIRECTION ( 'NONE',  ( 0.000000000000000000, 1.000000000000000000, -0.000000000000000000 ) ) ;
#1217 = ADVANCED_FACE ( 'NONE', ( #2202 ), #1077, .T. ) ;
#1218 = CARTESIAN_POINT ( 'NONE',  ( -0.2731760248222732668, 0.1043739998633120558, -0.1240000000000000130 ) ) ;
#1219 = EDGE_LOOP ( 'NONE', ( #828, #2681, #685, #1863 ) ) ;
#1220 = CARTESIAN_POINT ( 'NONE',  ( -0.3423613954031050621, 0.01499999999999995955, -0.08400000000000001910 ) ) ;
#1221 = CARTESIAN_POINT ( 'NONE',  ( -0.2500000000000000555, 0.09500000000000005662, 0.07600000000000001199 ) ) ;
#1222 = VERTEX_POINT ( 'NONE', #2435 ) ;
#1223 = ADVANCED_FACE ( 'NONE', ( #1543 ), #875, .T. ) ;
#1224 = EDGE_CURVE ( 'NONE', #762, #808, #1282, .T. ) ;
#1225 = ORIENTED_EDGE ( 'NONE', *, *, #1046, .T. ) ;
#1226 = DIRECTION ( 'NONE',  ( 0.000000000000000000, -0.000000000000000000, 1.000000000000000000 ) ) ;
#1227 = AXIS2_PLACEMENT_3D ( 'NONE', #2763, #694, #416 ) ;
#1228 = DIRECTION ( 'NONE',  ( 1.000000000000000000, 0.000000000000000000, 0.000000000000000000 ) ) ;
#1229 = DIRECTION ( 'NONE',  ( 0.000000000000000000, 0.000000000000000000, 1.000000000000000000 ) ) ;
#1230 = ADVANCED_FACE ( 'NONE', ( #596 ), #624, .F. ) ;
#1231 = VERTEX_POINT ( 'NONE', #1984 ) ;
#1232 = DIRECTION ( 'NONE',  ( 1.000000000000000000, 0.000000000000000000, -0.000000000000000000 ) ) ;
#1233 = CARTESIAN_POINT ( 'NONE',  ( -0.2150000000000000244, 0.1850000000000000810, -0.1967708129882810852 ) ) ;
#1234 = DIRECTION ( 'NONE',  ( 1.000000000000000000, 0.000000000000000000, -0.000000000000000000 ) ) ;
#1235 = COLOUR_RGB ( '',0.2509803921568627416, 0.2509803921568627416, 0.2509803921568627416 ) ;
#1236 = VECTOR ( 'NONE', #687, 39.37007874015748143 ) ;
#1237 = PRESENTATION_LAYER_ASSIGNMENT (  '', '', ( #804 ) ) ;
#1238 = ORIENTED_EDGE ( 'NONE', *, *, #610, .F. ) ;
#1239 = EDGE_CURVE ( 'NONE', #2463, #2018, #159, .T. ) ;
#1240 = DIRECTION ( 'NONE',  ( 0.3749599945324795791, 0.9270409928909307817, 0.000000000000000000 ) ) ;
#1241 = FACE_OUTER_BOUND ( 'NONE', #2766, .T. ) ;
#1242 = AXIS2_PLACEMENT_3D ( 'NONE', #586, #834, #784 ) ;
#1243 = VERTEX_POINT ( 'NONE', #2931 ) ;
#1244 = ORIENTED_EDGE ( 'NONE', *, *, #511, .F. ) ;
#1245 = ORIENTED_EDGE ( 'NONE', *, *, #2043, .F. ) ;
#1246 = DIRECTION ( 'NONE',  ( 8.537024980200824776E-16, -3.702344412038701880E-34, 1.000000000000000000 ) ) ;
#1247 = CARTESIAN_POINT ( 'NONE',  ( -0.2892278902548706121, 0.06468780004100638248, 0.1239999999999999991 ) ) ;
#1248 = PLANE ( 'NONE',  #1405 ) ;
#1249 = ORIENTED_EDGE ( 'NONE', *, *, #1301, .T. ) ;
#1250 = CARTESIAN_POINT ( 'NONE',  ( -0.2500000000000000555, 0.09500000000000005662, -0.08400000000000001910 ) ) ;
#1251 = FACE_OUTER_BOUND ( 'NONE', #1467, .T. ) ;
#1252 = CARTESIAN_POINT ( 'NONE',  ( 0.08300000000000015699, -2.984322293701630067E-20, 0.1639999999999999791 ) ) ;
#1253 = EDGE_CURVE ( 'NONE', #119, #42, #830, .T. ) ;
#1254 = DIRECTION ( 'NONE',  ( 1.365923996832130870E-16, -4.911274018371271269E-35, -1.000000000000000000 ) ) ;
#1255 = CARTESIAN_POINT ( 'NONE',  ( -0.3423613954031050621, -8.537024980200822558E-18, 0.01599999999999999686 ) ) ;
#1256 = CARTESIAN_POINT ( 'NONE',  ( -0.3423613954031050621, 0.03999999999999995226, -0.1160000000000000059 ) ) ;
#1257 = VERTEX_POINT ( 'NONE', #1968 ) ;
#1258 =( LENGTH_UNIT ( ) NAMED_UNIT ( * ) SI_UNIT ( $, .METRE. ) );
#1259 = CARTESIAN_POINT ( 'NONE',  ( -0.2731760248222732668, 0.1043739998633120558, -0.07600000000000002587 ) ) ;
#1260 = CARTESIAN_POINT ( 'NONE',  ( 0.08300000000000014311, -2.984322293701629465E-20, 0.1439999999999999891 ) ) ;
#1261 = VECTOR ( 'NONE', #803, 39.37007874015748143 ) ;
#1262 = ORIENTED_EDGE ( 'NONE', *, *, #689, .T. ) ;
#1263 = ORIENTED_EDGE ( 'NONE', *, *, #1715, .F. ) ;
#1264 = LINE ( 'NONE', #2036, #2872 ) ;
#1265 = EDGE_CURVE ( 'NONE', #868, #1490, #1090, .T. ) ;
#1266 = DIRECTION ( 'NONE',  ( -3.595569028556173674E-19, -1.000000000000000000, 0.000000000000000000 ) ) ;
#1267 = ADVANCED_FACE ( 'NONE', ( #2231 ), #860, .T. ) ;
#1268 = ADVANCED_FACE ( 'NONE', ( #2707 ), #173, .F. ) ;
#1269 = CARTESIAN_POINT ( 'NONE',  ( 0.1084240842781077768, 0.1850000000000000810, -0.1967708129882810852 ) ) ;
#1270 = ADVANCED_FACE ( 'NONE', ( #2099 ), #2307, .T. ) ;
#1271 = CARTESIAN_POINT ( 'NONE',  ( -0.3423613954031050621, 0.01499999999999995955, -0.1160000000000000059 ) ) ;
#1272 = ORIENTED_EDGE ( 'NONE', *, *, #1903, .F. ) ;
#1273 = ORIENTED_EDGE ( 'NONE', *, *, #2174, .F. ) ;
#1274 = CARTESIAN_POINT ( 'NONE',  ( -0.3423613954031050621, 0.000000000000000000, -0.08400000000000001910 ) ) ;
#1275 = ORIENTED_EDGE ( 'NONE', *, *, #2984, .F. ) ;
#1276 = DIRECTION ( 'NONE',  ( 0.1218693434051479618, -0.9925461516413219831, 0.000000000000000000 ) ) ;
#1277 = LINE ( 'NONE', #2955, #86 ) ;
#1278 = DIRECTION ( 'NONE',  ( -1.076259999491764316E-16, 1.000000000000000000, -0.000000000000000000 ) ) ;
#1279 = ORIENTED_EDGE ( 'NONE', *, *, #326, .F. ) ;
#1280 = ORIENTED_EDGE ( 'NONE', *, *, #2693, .F. ) ;
#1281 = EDGE_CURVE ( 'NONE', #2804, #463, #2336, .T. ) ;
#1282 = LINE ( 'NONE', #2450, #1093 ) ;
#1283 = DIRECTION ( 'NONE',  ( -0.000000000000000000, -0.000000000000000000, -1.000000000000000000 ) ) ;
#1284 = MANIFOLD_SOLID_BREP ( 'Boss-Extrude5', #2464 ) ;
#1285 = DIRECTION ( 'NONE',  ( -0.9270409928909305597, 0.3749599945324799677, 0.000000000000000000 ) ) ;
#1286 = CARTESIAN_POINT ( 'NONE',  ( 0.1249999999999999584, 0.05000000000000002359, 0.1439999999999999891 ) ) ;
#1287 = AXIS2_PLACEMENT_3D ( 'NONE', #2715, #1794, #1566 ) ;
#1288 = ORIENTED_EDGE ( 'NONE', *, *, #2085, .T. ) ;
#1289 = CARTESIAN_POINT ( 'NONE',  ( 0.3750000000000001110, 0.6740520811598980089, -0.1999999999999999833 ) ) ;
#1290 = EDGE_LOOP ( 'NONE', ( #517, #2929, #1032, #892 ) ) ;
#1291 = VECTOR ( 'NONE', #2935, 39.37007874015748143 ) ;
#1292 = PLANE ( 'NONE',  #246 ) ;
#1293 = ADVANCED_FACE ( 'NONE', ( #2959 ), #1853, .F. ) ;
#1294 = ORIENTED_EDGE ( 'NONE', *, *, #2860, .T. ) ;
#1295 = ORIENTED_EDGE ( 'NONE', *, *, #1872, .T. ) ;
#1296 = CARTESIAN_POINT ( 'NONE',  ( -0.2150000000000000244, 0.1200000000000000511, -0.07600000000000002587 ) ) ;
#1297 = DIRECTION ( 'NONE',  ( -1.000000000000000000, 0.000000000000000000, 0.000000000000000000 ) ) ;
#1298 = LENGTH_MEASURE_WITH_UNIT ( LENGTH_MEASURE( 0.02539999999999999897 ), #819 );
#1299 = CARTESIAN_POINT ( 'NONE',  ( -0.3423613954031050621, -8.537024980200822558E-18, -0.01599999999999999686 ) ) ;
#1300 = VECTOR ( 'NONE', #887, 39.37007874015748143 ) ;
#1301 = EDGE_CURVE ( 'NONE', #2497, #2492, #891, .T. ) ;
#1302 = VECTOR ( 'NONE', #856, 39.37007874015748143 ) ;
#1303 = ORIENTED_EDGE ( 'NONE', *, *, #2472, .F. ) ;
#1304 = PLANE ( 'NONE',  #1888 ) ;
#1305 = LINE ( 'NONE', #1037, #2522 ) ;
#1306 =( LENGTH_UNIT ( ) NAMED_UNIT ( * ) SI_UNIT ( $, .METRE. ) );
#1307 = DIRECTION ( 'NONE',  ( -1.000000000000000000, 0.000000000000000000, 0.000000000000000000 ) ) ;
#1308 = UNCERTAINTY_MEASURE_WITH_UNIT (LENGTH_MEASURE( 1.000000000000000082E-05 ), #2609, 'distance_accuracy_value', 'NONE');
#1309 = ORIENTED_EDGE ( 'NONE', *, *, #2902, .F. ) ;
#1310 = EDGE_CURVE ( 'NONE', #947, #1741, #2925, .T. ) ;
#1311 = VERTEX_POINT ( 'NONE', #1625 ) ;
#1312 = LINE ( 'NONE', #1742, #2779 ) ;
#1313 = VECTOR ( 'NONE', #1708, 39.37007874015748854 ) ;
#1314 = EDGE_CURVE ( 'NONE', #762, #2611, #2017, .T. ) ;
#1315 = CARTESIAN_POINT ( 'NONE',  ( 0.1249999999999999584, 0.05000000000000000971, 0.1439999999999999891 ) ) ;
#1316 = DIRECTION ( 'NONE',  ( -1.000000000000000000, 0.000000000000000000, -1.365923996832130870E-16 ) ) ;
#1317 = FACE_OUTER_BOUND ( 'NONE', #1152, .T. ) ;
#1318 = ORIENTED_EDGE ( 'NONE', *, *, #562, .F. ) ;
#1319 = DIRECTION ( 'NONE',  ( -3.595569028556173674E-19, -1.000000000000000000, -0.000000000000000000 ) ) ;
#1320 = PLANE ( 'NONE',  #2232 ) ;
#1321 = DIRECTION ( 'NONE',  ( -0.9270409928909305597, 0.3749599945324799677, 0.000000000000000000 ) ) ;
#1322 = CARTESIAN_POINT ( 'NONE',  ( -0.2500000000000000555, 0.09500000000000005662, 0.07600000000000001199 ) ) ;
#1323 = EDGE_CURVE ( 'NONE', #1587, #1353, #435, .T. ) ;
#1324 = EDGE_CURVE ( 'NONE', #37, #947, #1887, .T. ) ;
#1325 = EDGE_LOOP ( 'NONE', ( #545, #715, #194, #2509 ) ) ;
#1326 = ADVANCED_FACE ( 'NONE', ( #2537 ), #2495, .F. ) ;
#1327 = DIRECTION ( 'NONE',  ( -3.595569028556173674E-19, -1.000000000000000000, 0.000000000000000000 ) ) ;
#1328 = CARTESIAN_POINT ( 'NONE',  ( -0.2088607719548547792, 0.1850000000000000533, 0.2000000000000000111 ) ) ;
#1329 = ORIENTED_EDGE ( 'NONE', *, *, #999, .F. ) ;
#1330 = MANIFOLD_SOLID_BREP ( 'LPattern1[1]', #2997 ) ;
#1331 = ORIENTED_EDGE ( 'NONE', *, *, #204, .F. ) ;
#1332 = LINE ( 'NONE', #2962, #1682 ) ;
#1333 = VECTOR ( 'NONE', #1862, 39.37007874015748143 ) ;
#1334 = SURFACE_STYLE_FILL_AREA ( #2501 ) ;
#1335 = DIRECTION ( 'NONE',  ( 1.076259999491764316E-16, -1.000000000000000000, -0.000000000000000000 ) ) ;
#1336 = AXIS2_PLACEMENT_3D ( 'NONE', #764, #469, #2106 ) ;
#1337 = ORIENTED_EDGE ( 'NONE', *, *, #2640, .T. ) ;
#1338 = CARTESIAN_POINT ( 'NONE',  ( 0.1249999999999999584, 0.6740520811598980089, 0.1439999999999999891 ) ) ;
#1339 = DIRECTION ( 'NONE',  ( 1.000000000000000000, -3.595569028556172711E-19, 0.000000000000000000 ) ) ;
#1340 = CYLINDRICAL_SURFACE ( 'NONE', #2991, 0.02499999999999993894 ) ;
#1341 = MECHANICAL_DESIGN_GEOMETRIC_PRESENTATION_REPRESENTATION (  '', ( #953 ), #2125 ) ;
#1342 = CARTESIAN_POINT ( 'NONE',  ( -0.3750000000000001110, 2.134256245050205639E-17, 0.1160000000000000059 ) ) ;
#1343 = UNCERTAINTY_MEASURE_WITH_UNIT (LENGTH_MEASURE( 1.000000000000000082E-05 ), #1366, 'distance_accuracy_value', 'NONE');
#1344 = ORIENTED_EDGE ( 'NONE', *, *, #2328, .T. ) ;
#1345 = CIRCLE ( 'NONE', #177, 0.02272290335825662491 ) ;
#1346 = LINE ( 'NONE', #890, #2244 ) ;
#1347 = LENGTH_MEASURE_WITH_UNIT ( LENGTH_MEASURE( 0.02539999999999999897 ), #2995 );
#1348 = VECTOR ( 'NONE', #2452, 39.37007874015748143 ) ;
#1349 = VERTEX_POINT ( 'NONE', #192 ) ;
#1350 = CARTESIAN_POINT ( 'NONE',  ( -0.2500000000000000555, 0.09500000000000005662, -0.02400000000000000397 ) ) ;
#1351 = EDGE_CURVE ( 'NONE', #1833, #2434, #504, .T. ) ;
#1352 = DIRECTION ( 'NONE',  ( 0.000000000000000000, 0.000000000000000000, 1.000000000000000000 ) ) ;
#1353 = VERTEX_POINT ( 'NONE', #1470 ) ;
#1354 = DIRECTION ( 'NONE',  ( -0.000000000000000000, -0.000000000000000000, -1.000000000000000000 ) ) ;
#1355 = VERTEX_POINT ( 'NONE', #1425 ) ;
#1356 = LINE ( 'NONE', #1142, #1236 ) ;
#1357 = LINE ( 'NONE', #1100, #2846 ) ;
#1358 = VECTOR ( 'NONE', #1920, 39.37007874015748143 ) ;
#1359 = ORIENTED_EDGE ( 'NONE', *, *, #2793, .T. ) ;
#1360 = CARTESIAN_POINT ( 'NONE',  ( 0.1249999999999999861, 0.05000000000000002359, -0.1440000000000000169 ) ) ;
#1361 = SURFACE_STYLE_FILL_AREA ( #2079 ) ;
#1362 = ORIENTED_EDGE ( 'NONE', *, *, #1447, .F. ) ;
#1363 = LINE ( 'NONE', #566, #1060 ) ;
#1364 = ADVANCED_FACE ( 'NONE', ( #265 ), #1187, .F. ) ;
#1365 = AXIS2_PLACEMENT_3D ( 'NONE', #962, #1892, #1005 ) ;
#1366 =( CONVERSION_BASED_UNIT ( 'INCH', #404 ) LENGTH_UNIT ( ) NAMED_UNIT ( #898 ) );
#1367 = VERTEX_POINT ( 'NONE', #1439 ) ;
#1368 = LINE ( 'NONE', #629, #1426 ) ;
#1369 = ORIENTED_EDGE ( 'NONE', *, *, #1404, .F. ) ;
#1370 = ADVANCED_FACE ( 'NONE', ( #2141 ), #278, .F. ) ;
#1371 = DIRECTION ( 'NONE',  ( -0.000000000000000000, -0.000000000000000000, -1.000000000000000000 ) ) ;
#1372 = PLANE ( 'NONE',  #285 ) ;
#1373 = UNCERTAINTY_MEASURE_WITH_UNIT (LENGTH_MEASURE( 1.000000000000000082E-05 ), #2701, 'distance_accuracy_value', 'NONE');
#1374 = EDGE_LOOP ( 'NONE', ( #451, #1069, #383, #1663, #1128, #31, #1, #1082 ) ) ;
#1375 = LINE ( 'NONE', #460, #1452 ) ;
#1376 = SURFACE_STYLE_USAGE ( .BOTH. , #1146 ) ;
#1377 = EDGE_CURVE ( 'NONE', #1900, #2397, #321, .T. ) ;
#1378 = VERTEX_POINT ( 'NONE', #2866 ) ;
#1379 = DIRECTION ( 'NONE',  ( 0.000000000000000000, -1.000000000000000000, 0.000000000000000000 ) ) ;
#1380 = AXIS2_PLACEMENT_3D ( 'NONE', #1641, #1388, #2778 ) ;
#1381 = CARTESIAN_POINT ( 'NONE',  ( -0.2892278902548706121, 0.06468780004100638248, -0.07600000000000002587 ) ) ;
#1382 = ORIENTED_EDGE ( 'NONE', *, *, #1650, .F. ) ;
#1383 = DIRECTION ( 'NONE',  ( -1.000000000000000000, 0.000000000000000000, 0.000000000000000000 ) ) ;
#1384 = LINE ( 'NONE', #2546, #1147 ) ;
#1385 = DIRECTION ( 'NONE',  ( -0.000000000000000000, -0.000000000000000000, -1.000000000000000000 ) ) ;
#1386 = ORIENTED_EDGE ( 'NONE', *, *, #2347, .T. ) ;
#1387 = LINE ( 'NONE', #2777, #149 ) ;
#1388 = DIRECTION ( 'NONE',  ( 0.000000000000000000, 0.000000000000000000, 1.000000000000000000 ) ) ;
#1389 = VECTOR ( 'NONE', #218, 39.37007874015748854 ) ;
#1390 = EDGE_LOOP ( 'NONE', ( #2112, #2478, #2403, #1672, #582, #2053, #717, #840 ) ) ;
#1391 = DIRECTION ( 'NONE',  ( -0.000000000000000000, -0.000000000000000000, -1.000000000000000000 ) ) ;
#1392 = VECTOR ( 'NONE', #87, 39.37007874015748143 ) ;
#1393 = VECTOR ( 'NONE', #605, 39.37007874015748143 ) ;
#1394 = LINE ( 'NONE', #628, #814 ) ;
#1395 = VERTEX_POINT ( 'NONE', #65 ) ;
#1396 = DIRECTION ( 'NONE',  ( -3.595569028556173674E-19, -1.000000000000000000, 0.000000000000000000 ) ) ;
#1397 = ORIENTED_EDGE ( 'NONE', *, *, #254, .F. ) ;
#1398 = LINE ( 'NONE', #2071, #227 ) ;
#1399 = CARTESIAN_POINT ( 'NONE',  ( -0.2150000000000000244, 0.1200000000000000511, 0.02399999999999998662 ) ) ;
#1400 = EDGE_CURVE ( 'NONE', #1694, #1367, #1552, .T. ) ;
#1401 = VERTEX_POINT ( 'NONE', #994 ) ;
#1402 = ORIENTED_EDGE ( 'NONE', *, *, #1447, .T. ) ;
#1403 = CARTESIAN_POINT ( 'NONE',  ( 0.1249999999999999584, -4.494461285695215287E-20, 0.1439999999999999891 ) ) ;
#1404 = EDGE_CURVE ( 'NONE', #2770, #2987, #52, .T. ) ;
#1405 = AXIS2_PLACEMENT_3D ( 'NONE', #2832, #81, #2184 ) ;
#1406 = LINE ( 'NONE', #2338, #2218 ) ;
#1407 = EDGE_LOOP ( 'NONE', ( #2650, #1418, #686, #1575 ) ) ;
#1408 = CARTESIAN_POINT ( 'NONE',  ( 0.2650000000000001243, 0.6740520811598980089, 0.000000000000000000 ) ) ;
#1409 = ORIENTED_EDGE ( 'NONE', *, *, #1057, .F. ) ;
#1410 = ADVANCED_FACE ( 'NONE', ( #2168 ), #1248, .F. ) ;
#1411 = DIRECTION ( 'NONE',  ( -1.000000000000000000, 0.000000000000000000, 0.000000000000000000 ) ) ;
#1412 = LINE ( 'NONE', #2135, #384 ) ;
#1413 = ORIENTED_EDGE ( 'NONE', *, *, #2933, .F. ) ;
#1414 = EDGE_LOOP ( 'NONE', ( #2223, #591, #348, #1049 ) ) ;
#1415 = FACE_OUTER_BOUND ( 'NONE', #2957, .T. ) ;
#1416 = DIRECTION ( 'NONE',  ( 1.000000000000000000, 0.000000000000000000, 0.000000000000000000 ) ) ;
#1417 = ADVANCED_FACE ( 'NONE', ( #983 ), #1676, .T. ) ;
#1418 = ORIENTED_EDGE ( 'NONE', *, *, #224, .F. ) ;
#1419 = CARTESIAN_POINT ( 'NONE',  ( -0.2500000000000000555, 0.1350000000000000089, -0.07600000000000002587 ) ) ;
#1420 = CARTESIAN_POINT ( 'NONE',  ( 0.1084240842781077768, 0.1850000000000000810, 0.1967708129882811130 ) ) ;
#1421 = DIRECTION ( 'NONE',  ( -0.000000000000000000, -0.000000000000000000, -1.000000000000000000 ) ) ;
#1422 = CARTESIAN_POINT ( 'NONE',  ( -0.2150000000000000244, 2.021829857959411290E-17, 0.2000000000000000111 ) ) ;
#1423 = ORIENTED_EDGE ( 'NONE', *, *, #2024, .T. ) ;
#1424 = CARTESIAN_POINT ( 'NONE',  ( 0.1249999999999999584, 2.021829857959411290E-17, 0.2000000000000000111 ) ) ;
#1425 = CARTESIAN_POINT ( 'NONE',  ( -0.2731760248222732668, 0.1043739998633120558, 0.07600000000000001199 ) ) ;
#1426 = VECTOR ( 'NONE', #2009, 39.37007874015748143 ) ;
#1427 = ORIENTED_EDGE ( 'NONE', *, *, #663, .T. ) ;
#1428 = CARTESIAN_POINT ( 'NONE',  ( -0.2731760248222732668, 0.1043739998633120558, -0.08400000000000001910 ) ) ;
#1429 = MECHANICAL_DESIGN_GEOMETRIC_PRESENTATION_REPRESENTATION (  '', ( #751 ), #1192 ) ;
#1430 = AXIS2_PLACEMENT_3D ( 'NONE', #1350, #2279, #2038 ) ;
#1431 = LINE ( 'NONE', #2396, #2412 ) ;
#1432 = VECTOR ( 'NONE', #1951, 39.37007874015748854 ) ;
#1433 = DIRECTION ( 'NONE',  ( 1.000000000000000000, -6.539054813799368638E-16, 0.000000000000000000 ) ) ;
#1434 = CARTESIAN_POINT ( 'NONE',  ( -0.3750000000000001110, 0.01499999999999998036, -0.08400000000000001910 ) ) ;
#1435 = VERTEX_POINT ( 'NONE', #1936 ) ;
#1436 = EDGE_CURVE ( 'NONE', #2867, #1713, #732, .T. ) ;
#1437 = LENGTH_MEASURE_WITH_UNIT ( LENGTH_MEASURE( 0.02539999999999999897 ), #722 );
#1438 = CARTESIAN_POINT ( 'NONE',  ( -0.2500000000000000555, 0.1350000000000000089, 0.02399999999999998662 ) ) ;
#1439 = CARTESIAN_POINT ( 'NONE',  ( -0.2870816397156372157, 0.1099983997812992442, -0.07600000000000002587 ) ) ;
#1440 = VECTOR ( 'NONE', #2005, 39.37007874015748143 ) ;
#1441 = VERTEX_POINT ( 'NONE', #1691 ) ;
#1442 = DIRECTION ( 'NONE',  ( 0.000000000000000000, 0.000000000000000000, 1.000000000000000000 ) ) ;
#1443 = CIRCLE ( 'NONE', #140, 0.02272290335825662491 ) ;
#1444 = VECTOR ( 'NONE', #985, 39.37007874015748143 ) ;
#1445 = EDGE_CURVE ( 'NONE', #1694, #2364, #1024, .T. ) ;
#1446 = DIRECTION ( 'NONE',  ( -0.3749599945324801342, -0.9270409928909305597, 0.000000000000000000 ) ) ;
#1447 = EDGE_CURVE ( 'NONE', #1484, #479, #1665, .T. ) ;
#1448 = CARTESIAN_POINT ( 'NONE',  ( -0.1675579322638146573, 0.1650000000000000633, -0.1024955436720149382 ) ) ;
#1449 = CARTESIAN_POINT ( 'NONE',  ( -0.3031335051482345611, 0.07031219995899358477, 0.02399999999999998662 ) ) ;
#1450 = VECTOR ( 'NONE', #2013, 39.37007874015748143 ) ;
#1451 = ORIENTED_EDGE ( 'NONE', *, *, #253, .T. ) ;
#1452 = VECTOR ( 'NONE', #1800, 39.37007874015748143 ) ;
#1453 = VECTOR ( 'NONE', #415, 39.37007874015748854 ) ;
#1454 = ORIENTED_EDGE ( 'NONE', *, *, #1324, .F. ) ;
#1455 =( CONVERSION_BASED_UNIT ( 'INCH', #1437 ) LENGTH_UNIT ( ) NAMED_UNIT ( #222 ) );
#1456 = CYLINDRICAL_SURFACE ( 'NONE', #2177, 0.03999999999999998002 ) ;
#1457 = ORIENTED_EDGE ( 'NONE', *, *, #2004, .T. ) ;
#1458 = FACE_OUTER_BOUND ( 'NONE', #1818, .T. ) ;
#1459 = LINE ( 'NONE', #306, #704 ) ;
#1460 = EDGE_CURVE ( 'NONE', #2803, #1900, #2654, .T. ) ;
#1461 = CARTESIAN_POINT ( 'NONE',  ( 0.1249999999999999584, 0.6740520811598980089, 0.2000000000000000111 ) ) ;
#1462 = ORIENTED_EDGE ( 'NONE', *, *, #2395, .F. ) ;
#1463 = DIRECTION ( 'NONE',  ( 0.000000000000000000, 0.000000000000000000, -1.000000000000000000 ) ) ;
#1464 = DIRECTION ( 'NONE',  ( 1.000000000000000000, 0.000000000000000000, -0.000000000000000000 ) ) ;
#1465 = ORIENTED_EDGE ( 'NONE', *, *, #1046, .F. ) ;
#1466 = ORIENTED_EDGE ( 'NONE', *, *, #2713, .F. ) ;
#1467 = EDGE_LOOP ( 'NONE', ( #2203, #1977, #1581, #1941 ) ) ;
#1468 = LINE ( 'NONE', #2622, #2242 ) ;
#1469 = CARTESIAN_POINT ( 'NONE',  ( 0.1895000000000001128, 0.05000000000000000971, 9.246083333562517811E-18 ) ) ;
#1470 = CARTESIAN_POINT ( 'NONE',  ( -0.3423613954031050621, -8.537024980200822558E-18, 0.1160000000000000059 ) ) ;
#1471 = EDGE_LOOP ( 'NONE', ( #1761, #1966, #1202, #1615, #990, #2428, #135, #370 ) ) ;
#1472 = ADVANCED_FACE ( 'NONE', ( #2241 ), #2228, .F. ) ;
#1473 = LINE ( 'NONE', #2822, #1444 ) ;
#1474 = DIRECTION ( 'NONE',  ( 1.000000000000000000, -3.595569028556173674E-19, 0.000000000000000000 ) ) ;
#1475 = ORIENTED_EDGE ( 'NONE', *, *, #1377, .F. ) ;
#1476 = STYLED_ITEM ( 'NONE', ( #1610 ), #1284 ) ;
#1477 = LINE ( 'NONE', #1544, #755 ) ;
#1478 = VECTOR ( 'NONE', #1651, 39.37007874015748143 ) ;
#1479 = VECTOR ( 'NONE', #1203, 39.37007874015748143 ) ;
#1480 = CARTESIAN_POINT ( 'NONE',  ( -0.3031335051482345611, 0.07031219995899358477, 0.1239999999999999991 ) ) ;
#1481 = DIRECTION ( 'NONE',  ( 0.000000000000000000, -0.000000000000000000, 1.000000000000000000 ) ) ;
#1482 = VECTOR ( 'NONE', #2104, 39.37007874015748143 ) ;
#1483 = VECTOR ( 'NONE', #2607, 39.37007874015748143 ) ;
#1484 = VERTEX_POINT ( 'NONE', #396 ) ;
#1485 = ORIENTED_EDGE ( 'NONE', *, *, #775, .F. ) ;
#1486 = DIRECTION ( 'NONE',  ( 1.000000000000000000, 0.000000000000000000, 0.000000000000000000 ) ) ;
#1487 = EDGE_CURVE ( 'NONE', #1123, #500, #770, .T. ) ;
#1488 = PLANE ( 'NONE',  #1151 ) ;
#1489 = DIRECTION ( 'NONE',  ( 6.539054813799368638E-16, 1.000000000000000000, -0.000000000000000000 ) ) ;
#1490 = VERTEX_POINT ( 'NONE', #2419 ) ;
#1491 = CARTESIAN_POINT ( 'NONE',  ( -0.2500000000000000555, 0.09500000000000005662, -0.07600000000000002587 ) ) ;
#1492 = CARTESIAN_POINT ( 'NONE',  ( -0.2500000000000000555, 0.09500000000000005662, -0.08400000000000001910 ) ) ;
#1493 = ADVANCED_FACE ( 'NONE', ( #827, #1751 ), #1723, .F. ) ;
#1494 = ADVANCED_FACE ( 'NONE', ( #2673 ), #1292, .F. ) ;
#1495 = EDGE_CURVE ( 'NONE', #1158, #547, #2636, .T. ) ;
#1496 = LINE ( 'NONE', #357, #1348 ) ;
#1497 = COLOUR_RGB ( '',0.7960784313725489669, 0.8235294117647058432, 0.9372549019607843146 ) ;
#1498 = CARTESIAN_POINT ( 'NONE',  ( -0.2660518654325974008, 0.05531380017769439716, -0.1160000000000000059 ) ) ;
#1499 = CARTESIAN_POINT ( 'NONE',  ( -0.2150000000000000244, 0.1350000000000000089, 0.2000000000000000111 ) ) ;
#1500 = ORIENTED_EDGE ( 'NONE', *, *, #1866, .F. ) ;
#1501 = ADVANCED_FACE ( 'NONE', ( #353 ), #593, .T. ) ;
#1502 = ORIENTED_EDGE ( 'NONE', *, *, #2661, .T. ) ;
#1503 = DIRECTION ( 'NONE',  ( -1.000000000000000000, 0.000000000000000000, 0.000000000000000000 ) ) ;
#1504 = ORIENTED_EDGE ( 'NONE', *, *, #1515, .F. ) ;
#1505 = CARTESIAN_POINT ( 'NONE',  ( -0.2150000000000000244, 0.1350000000000000089, -0.08400000000000001910 ) ) ;
#1506 = DIRECTION ( 'NONE',  ( 3.595569028556173674E-19, 1.000000000000000000, -0.000000000000000000 ) ) ;
#1507 = DIRECTION ( 'NONE',  ( -1.000000000000000000, 6.539054813799368638E-16, 0.000000000000000000 ) ) ;
#1508 = AXIS2_PLACEMENT_3D ( 'NONE', #1434, #1208, #77 ) ;
#1509 = EDGE_LOOP ( 'NONE', ( #2911, #468, #2260, #1961 ) ) ;
#1510 = VECTOR ( 'NONE', #992, 39.37007874015748143 ) ;
#1511 = ADVANCED_FACE ( 'NONE', ( #2896 ), #2928, .T. ) ;
#1512 = DIRECTION ( 'NONE',  ( 3.595569028556173192E-19, 1.000000000000000000, -3.858525308272287961E-36 ) ) ;
#1513 = DIRECTION ( 'NONE',  ( -1.000000000000000000, 0.000000000000000000, 0.000000000000000000 ) ) ;
#1514 = LINE ( 'NONE', #1044, #2031 ) ;
#1515 = EDGE_CURVE ( 'NONE', #1856, #1008, #2446, .T. ) ;
#1516 =( NAMED_UNIT ( * ) PLANE_ANGLE_UNIT ( ) SI_UNIT ( $, .RADIAN. ) );
#1517 = DIRECTION ( 'NONE',  ( -0.000000000000000000, -0.000000000000000000, -1.000000000000000000 ) ) ;
#1518 = EDGE_CURVE ( 'NONE', #2830, #2987, #1103, .T. ) ;
#1519 = ORIENTED_EDGE ( 'NONE', *, *, #2235, .T. ) ;
#1520 = FACE_OUTER_BOUND ( 'NONE', #1290, .T. ) ;
#1521 = ORIENTED_EDGE ( 'NONE', *, *, #1840, .F. ) ;
#1522 = DIRECTION ( 'NONE',  ( -3.595569028556173674E-19, -1.000000000000000000, -0.000000000000000000 ) ) ;
#1523 =( NAMED_UNIT ( * ) PLANE_ANGLE_UNIT ( ) SI_UNIT ( $, .RADIAN. ) );
#1524 = DIRECTION ( 'NONE',  ( 1.000000000000000000, 0.000000000000000000, 0.000000000000000000 ) ) ;
#1525 = ORIENTED_EDGE ( 'NONE', *, *, #2120, .T. ) ;
#1526 = DIRECTION ( 'NONE',  ( 1.000000000000000000, -6.539054813799368638E-16, 0.000000000000000000 ) ) ;
#1527 = CARTESIAN_POINT ( 'NONE',  ( 0.1249999999999999861, 0.6740520811598980089, -0.1440000000000000169 ) ) ;
#1528 = DIRECTION ( 'NONE',  ( -0.000000000000000000, -0.000000000000000000, -1.000000000000000000 ) ) ;
#1529 = LINE ( 'NONE', #615, #2359 ) ;
#1530 = CARTESIAN_POINT ( 'NONE',  ( -0.2870816397156372157, 0.1099983997812992442, 0.1160000000000000059 ) ) ;
#1531 = AXIS2_PLACEMENT_3D ( 'NONE', #2303, #475, #886 ) ;
#1532 = EDGE_CURVE ( 'NONE', #1349, #2926, #2881, .T. ) ;
#1533 = ORIENTED_EDGE ( 'NONE', *, *, #212, .F. ) ;
#1534 = CARTESIAN_POINT ( 'NONE',  ( -0.2870816397156372157, 0.1099983997812992442, 0.1239999999999999991 ) ) ;
#1535 = CARTESIAN_POINT ( 'NONE',  ( 0.08300000000000018474, 0.05000000000000002359, -0.1640000000000000346 ) ) ;
#1536 = CIRCLE ( 'NONE', #230, 0.02499999999999997363 ) ;
#1537 = CARTESIAN_POINT ( 'NONE',  ( -0.3031335051482345611, 0.07031219995899358477, 0.02399999999999998662 ) ) ;
#1538 = DIRECTION ( 'NONE',  ( 1.076259999491764316E-16, -1.000000000000000000, -0.000000000000000000 ) ) ;
#1539 = ORIENTED_EDGE ( 'NONE', *, *, #765, .F. ) ;
#1540 = EDGE_CURVE ( 'NONE', #2604, #479, #365, .T. ) ;
#1541 = VECTOR ( 'NONE', #1213, 39.37007874015748143 ) ;
#1542 = LINE ( 'NONE', #2706, #2599 ) ;
#1543 = FACE_OUTER_BOUND ( 'NONE', #1820, .T. ) ;
#1544 = CARTESIAN_POINT ( 'NONE',  ( 0.08300000000000014311, 0.6740520811598980089, 0.1439999999999999891 ) ) ;
#1545 = VECTOR ( 'NONE', #675, 39.37007874015748143 ) ;
#1546 = ADVANCED_FACE ( 'NONE', ( #2015 ), #1074, .F. ) ;
#1547 = EDGE_LOOP ( 'NONE', ( #1764, #2750, #362, #1638 ) ) ;
#1548 = CARTESIAN_POINT ( 'NONE',  ( -0.2150000000000000244, 0.1200000000000000511, 0.1979053922086148054 ) ) ;
#1549 = FACE_BOUND ( 'NONE', #2897, .T. ) ;
#1550 = EDGE_CURVE ( 'NONE', #2207, #27, #620, .T. ) ;
#1551 = EDGE_CURVE ( 'NONE', #1908, #876, #2916, .T. ) ;
#1552 = CIRCLE ( 'NONE', #1019, 0.03999999999999995226 ) ;
#1553 = EDGE_LOOP ( 'NONE', ( #448, #184, #744, #2719 ) ) ;
#1554 = PRODUCT ( 'NDG3', 'NDG3', '', ( #10 ) ) ;
#1555 = DIRECTION ( 'NONE',  ( 1.000000000000000000, -6.539054813799368638E-16, -0.000000000000000000 ) ) ;
#1556 = CARTESIAN_POINT ( 'NONE',  ( 0.1249999999999999584, -4.494461285695215287E-20, 0.1439999999999999891 ) ) ;
#1557 = DIRECTION ( 'NONE',  ( -0.000000000000000000, -0.000000000000000000, -1.000000000000000000 ) ) ;
#1558 = ORIENTED_EDGE ( 'NONE', *, *, #1813, .T. ) ;
#1559 = DIRECTION ( 'NONE',  ( -0.000000000000000000, -0.000000000000000000, -1.000000000000000000 ) ) ;
#1560 = DIRECTION ( 'NONE',  ( 1.000000000000000000, -6.539054813799368638E-16, -0.000000000000000000 ) ) ;
#1561 = VERTEX_POINT ( 'NONE', #2432 ) ;
#1562 = ORIENTED_EDGE ( 'NONE', *, *, #297, .T. ) ;
#1563 = DIRECTION ( 'NONE',  ( -1.000000000000000000, 0.000000000000000000, 0.000000000000000000 ) ) ;
#1564 = DIRECTION ( 'NONE',  ( -0.000000000000000000, -0.000000000000000000, -1.000000000000000000 ) ) ;
#1565 = ORIENTED_EDGE ( 'NONE', *, *, #2402, .F. ) ;
#1566 = DIRECTION ( 'NONE',  ( 0.000000000000000000, 0.000000000000000000, 1.000000000000000000 ) ) ;
#1567 = CARTESIAN_POINT ( 'NONE',  ( 1.797784514278087559E-20, 0.05000000000000002359, -2.441667678950752264E-72 ) ) ;
#1568 = DIRECTION ( 'NONE',  ( 1.076259999491764316E-16, -1.000000000000000000, -0.000000000000000000 ) ) ;
#1569 = PLANE ( 'NONE',  #1988 ) ;
#1570 = ORIENTED_EDGE ( 'NONE', *, *, #75, .T. ) ;
#1571 = LINE ( 'NONE', #1403, #377 ) ;
#1572 = CARTESIAN_POINT ( 'NONE',  ( -0.2731760248222732668, 0.1043739998633120558, -0.01599999999999999686 ) ) ;
#1573 = ADVANCED_FACE ( 'NONE', ( #121 ), #1056, .T. ) ;
#1574 = ORIENTED_EDGE ( 'NONE', *, *, #2000, .F. ) ;
#1575 = ORIENTED_EDGE ( 'NONE', *, *, #2395, .T. ) ;
#1576 = DIRECTION ( 'NONE',  ( -1.000000000000000000, -1.076259999491764316E-16, 0.000000000000000000 ) ) ;
#1577 = VECTOR ( 'NONE', #1712, 39.37007874015748854 ) ;
#1578 = ORIENTED_EDGE ( 'NONE', *, *, #2372, .F. ) ;
#1579 = DIRECTION ( 'NONE',  ( -1.076259999491764440E-16, 1.000000000000000000, 0.000000000000000000 ) ) ;
#1580 = AXIS2_PLACEMENT_3D ( 'NONE', #2712, #1564, #405 ) ;
#1581 = ORIENTED_EDGE ( 'NONE', *, *, #2883, .F. ) ;
#1582 = DIRECTION ( 'NONE',  ( -3.048937492928865569E-16, 1.322265861442393345E-34, -1.000000000000000000 ) ) ;
#1583 = CARTESIAN_POINT ( 'NONE',  ( -0.3423613954031050621, 0.000000000000000000, -0.08400000000000001910 ) ) ;
#1584 = SURFACE_STYLE_FILL_AREA ( #2317 ) ;
#1585 = VECTOR ( 'NONE', #1421, 39.37007874015748143 ) ;
#1586 = UNCERTAINTY_MEASURE_WITH_UNIT (LENGTH_MEASURE( 1.000000000000000082E-05 ), #2992, 'distance_accuracy_value', 'NONE');
#1587 = VERTEX_POINT ( 'NONE', #1342 ) ;
#1589 = EDGE_CURVE ( 'NONE', #2028, #2596, #437, .T. ) ;
#1588 = AXIS2_PLACEMENT_3D ( 'NONE', #627, #680, #1563 ) ;
#1590 = LINE ( 'NONE', #1360, #2666 ) ;
#1591 = CARTESIAN_POINT ( 'NONE',  ( -0.3423613954031050621, 0.03999999999999995226, 0.08400000000000001910 ) ) ;
#1592 =( GEOMETRIC_REPRESENTATION_CONTEXT ( 3 ) GLOBAL_UNCERTAINTY_ASSIGNED_CONTEXT ( ( #888 ) ) GLOBAL_UNIT_ASSIGNED_CONTEXT ( ( #2445, #1523, #1782 ) ) REPRESENTATION_CONTEXT ( 'NONE', 'WORKASPACE' ) );
#1593 = ORIENTED_EDGE ( 'NONE', *, *, #1589, .T. ) ;
#1594 = EDGE_CURVE ( 'NONE', #2836, #2028, #1797, .T. ) ;
#1595 = LINE ( 'NONE', #2709, #1193 ) ;
#1596 = ADVANCED_FACE ( 'NONE', ( #2718 ), #1569, .F. ) ;
#1597 = ADVANCED_FACE ( 'NONE', ( #725 ), #84, .T. ) ;
#1598 = CARTESIAN_POINT ( 'NONE',  ( 0.08300000000000018474, 0.05000000000000000971, -0.1640000000000000346 ) ) ;
#1599 = ORIENTED_EDGE ( 'NONE', *, *, #2876, .T. ) ;
#1600 = AXIS2_PLACEMENT_3D ( 'NONE', #609, #1983, #1526 ) ;
#1601 = DIRECTION ( 'NONE',  ( 0.000000000000000000, 0.000000000000000000, -1.000000000000000000 ) ) ;
#1602 = ORIENTED_EDGE ( 'NONE', *, *, #2010, .T. ) ;
#1603 = EDGE_LOOP ( 'NONE', ( #1413, #1695, #304, #2164 ) ) ;
#1604 = DIRECTION ( 'NONE',  ( -0.000000000000000000, -0.000000000000000000, -1.000000000000000000 ) ) ;
#1605 = FACE_OUTER_BOUND ( 'NONE', #428, .T. ) ;
#1606 = VECTOR ( 'NONE', #447, 39.37007874015748143 ) ;
#1607 = EDGE_CURVE ( 'NONE', #1856, #2993, #2597, .T. ) ;
#1608 = ORIENTED_EDGE ( 'NONE', *, *, #765, .T. ) ;
#1609 = DIRECTION ( 'NONE',  ( 8.537024980200824776E-16, -3.702344412038701880E-34, 1.000000000000000000 ) ) ;
#1610 = PRESENTATION_STYLE_ASSIGNMENT (( #1376 ) ) ;
#1611 = ORIENTED_EDGE ( 'NONE', *, *, #1301, .F. ) ;
#1612 = DIRECTION ( 'NONE',  ( 1.000000000000000000, -3.595569028556172711E-19, 0.000000000000000000 ) ) ;
#1613 = VECTOR ( 'NONE', #2227, 39.37007874015748854 ) ;
#1614 = FACE_OUTER_BOUND ( 'NONE', #2884, .T. ) ;
#1615 = ORIENTED_EDGE ( 'NONE', *, *, #2136, .T. ) ;
#1616 = DIRECTION ( 'NONE',  ( -0.000000000000000000, -0.000000000000000000, -1.000000000000000000 ) ) ;
#1617 = ORIENTED_EDGE ( 'NONE', *, *, #1813, .F. ) ;
#1618 = ORIENTED_EDGE ( 'NONE', *, *, #1825, .T. ) ;
#1619 = EDGE_CURVE ( 'NONE', #397, #443, #1473, .T. ) ;
#1620 = CARTESIAN_POINT ( 'NONE',  ( -0.3031335051482345611, 0.07031219995899358477, -0.1240000000000000130 ) ) ;
#1621 = PLANE ( 'NONE',  #1067 ) ;
#1622 =( NAMED_UNIT ( * ) PLANE_ANGLE_UNIT ( ) SI_UNIT ( $, .RADIAN. ) );
#1623 = VERTEX_POINT ( 'NONE', #2612 ) ;
#1624 = LINE ( 'NONE', #2276, #539 ) ;
#1625 = CARTESIAN_POINT ( 'NONE',  ( -0.3031335051482345611, 0.07031219995899358477, -0.01599999999999999686 ) ) ;
#1626 = EDGE_LOOP ( 'NONE', ( #68, #2133, #1921, #2775, #2387, #402, #1104, #978 ) ) ;
#1627 = ORIENTED_EDGE ( 'NONE', *, *, #1842, .F. ) ;
#1628 = CARTESIAN_POINT ( 'NONE',  ( 0.3750000000000001110, -1.348338385708565429E-19, -0.1999999999999999833 ) ) ;
#1629 = PRESENTATION_LAYER_ASSIGNMENT (  '', '', ( #1476 ) ) ;
#1630 = EDGE_CURVE ( 'NONE', #1871, #2211, #2381, .T. ) ;
#1631 = ORIENTED_EDGE ( 'NONE', *, *, #922, .F. ) ;
#1632 = DIRECTION ( 'NONE',  ( 0.3749599945324795791, 0.9270409928909307817, 0.000000000000000000 ) ) ;
#1633 = ORIENTED_EDGE ( 'NONE', *, *, #1011, .F. ) ;
#1634 = DIRECTION ( 'NONE',  ( 0.000000000000000000, -0.01745240643727635071, 0.9998476951563913806 ) ) ;
#1635 = CARTESIAN_POINT ( 'NONE',  ( -0.3423613954031050621, 0.03999999999999995226, 0.1160000000000000059 ) ) ;
#1636 = LENGTH_MEASURE_WITH_UNIT ( LENGTH_MEASURE( 0.02539999999999999897 ), #2728 );
#1637 = EDGE_CURVE ( 'NONE', #2458, #1484, #268, .T. ) ;
#1638 = ORIENTED_EDGE ( 'NONE', *, *, #1088, .T. ) ;
#1639 = ORIENTED_EDGE ( 'NONE', *, *, #368, .T. ) ;
#1640 = CARTESIAN_POINT ( 'NONE',  ( -0.3750000000000001110, 0.01499999999999998036, 0.01599999999999999686 ) ) ;
#1641 = CARTESIAN_POINT ( 'NONE',  ( -0.2500000000000000555, 0.09500000000000005662, 0.01599999999999999686 ) ) ;
#1642 = VECTOR ( 'NONE', #1371, 39.37007874015748143 ) ;
#1643 = MECHANICAL_DESIGN_GEOMETRIC_PRESENTATION_REPRESENTATION (  '', ( #804 ), #1829 ) ;
#1644 = VECTOR ( 'NONE', #938, 39.37007874015748854 ) ;
#1645 = DIRECTION ( 'NONE',  ( -0.000000000000000000, -0.000000000000000000, -1.000000000000000000 ) ) ;
#1646 = VERTEX_POINT ( 'NONE', #2571 ) ;
#1647 = DIRECTION ( 'NONE',  ( -0.000000000000000000, -0.000000000000000000, -1.000000000000000000 ) ) ;
#1648 = EDGE_CURVE ( 'NONE', #2021, #1158, #2186, .T. ) ;
#1649 = ADVANCED_BREP_SHAPE_REPRESENTATION ( 'NDG3', ( #2296, #261, #1330, #344, #2280, #1284, #2073 ), #1592 ) ;
#1650 = EDGE_CURVE ( 'NONE', #2433, #2641, #296, .T. ) ;
#1651 = DIRECTION ( 'NONE',  ( -0.000000000000000000, -0.000000000000000000, -1.000000000000000000 ) ) ;
#1652 = DIRECTION ( 'NONE',  ( -1.076259999491764440E-16, 1.000000000000000000, 0.000000000000000000 ) ) ;
#1653 =( NAMED_UNIT ( * ) SI_UNIT ( $, .STERADIAN. ) SOLID_ANGLE_UNIT ( ) );
#1654 = ORIENTED_EDGE ( 'NONE', *, *, #749, .F. ) ;
#1655 = VERTEX_POINT ( 'NONE', #1667 ) ;
#1656 = CARTESIAN_POINT ( 'NONE',  ( -0.3423613954031050621, -8.537024980200822558E-18, -0.08400000000000001910 ) ) ;
#1657 = CARTESIAN_POINT ( 'NONE',  ( 0.3750000000000001110, 0.05000000000000000971, -0.1999999999999999833 ) ) ;
#1658 = DIRECTION ( 'NONE',  ( 0.3749599945324795236, 0.9270409928909307817, -0.000000000000000000 ) ) ;
#1659 = CARTESIAN_POINT ( 'NONE',  ( 0.08300000000000014311, 0.05000000000000000971, 0.1439999999999999891 ) ) ;
#1660 = VECTOR ( 'NONE', #2456, 39.37007874015748143 ) ;
#1661 = CARTESIAN_POINT ( 'NONE',  ( -0.3750000000000001110, 0.01499999999999998036, -0.08400000000000001910 ) ) ;
#1662 = CARTESIAN_POINT ( 'NONE',  ( -0.1675579322638146573, 0.1650000000000000633, -0.1024955436720149382 ) ) ;
#1663 = ORIENTED_EDGE ( 'NONE', *, *, #1956, .T. ) ;
#1664 = DIRECTION ( 'NONE',  ( 1.000000000000000000, 0.000000000000000000, -0.000000000000000000 ) ) ;
#1665 = LINE ( 'NONE', #2581, #1302 ) ;
#1666 = EDGE_LOOP ( 'NONE', ( #1138, #2819, #2521, #552 ) ) ;
#1667 = CARTESIAN_POINT ( 'NONE',  ( -0.1039999999999998564, 0.05000000000000000971, 0.1639999999999999791 ) ) ;
#1668 = DIRECTION ( 'NONE',  ( -0.3749599945324794681, -0.9270409928909307817, 0.000000000000000000 ) ) ;
#1669 = ORIENTED_EDGE ( 'NONE', *, *, #498, .T. ) ;
#1670 = DIRECTION ( 'NONE',  ( 0.9270409928909305597, -0.3749599945324799677, 0.000000000000000000 ) ) ;
#1671 = CARTESIAN_POINT ( 'NONE',  ( -0.2870816397156372157, 0.1099983997812992442, -0.08400000000000001910 ) ) ;
#1672 = ORIENTED_EDGE ( 'NONE', *, *, #1140, .F. ) ;
#1673 = ORIENTED_EDGE ( 'NONE', *, *, #1460, .F. ) ;
#1674 = CARTESIAN_POINT ( 'NONE',  ( 0.08300000000000018474, 0.05000000000000002359, -0.1640000000000000346 ) ) ;
#1675 = LINE ( 'NONE', #993, #1432 ) ;
#1676 = PLANE ( 'NONE',  #971 ) ;
#1677 = EDGE_CURVE ( 'NONE', #486, #2932, #2583, .T. ) ;
#1678 = ORIENTED_EDGE ( 'NONE', *, *, #2436, .T. ) ;
#1679 = DIRECTION ( 'NONE',  ( 5.205503036707817671E-17, -2.257527080511402581E-35, -1.000000000000000000 ) ) ;
#1680 = AXIS2_PLACEMENT_3D ( 'NONE', #2129, #45, #970 ) ;
#1681 = VECTOR ( 'NONE', #205, 39.37007874015748854 ) ;
#1682 = VECTOR ( 'NONE', #2948, 39.37007874015748854 ) ;
#1683 = FACE_OUTER_BOUND ( 'NONE', #2386, .T. ) ;
#1684 = AXIS2_PLACEMENT_3D ( 'NONE', #645, #2512, #894 ) ;
#1685 = ORIENTED_EDGE ( 'NONE', *, *, #2882, .F. ) ;
#1686 = PLANE ( 'NONE',  #2544 ) ;
#1687 = CARTESIAN_POINT ( 'NONE',  ( 0.08300000000000015699, 0.05000000000000002359, 0.1639999999999999791 ) ) ;
#1688 = ORIENTED_EDGE ( 'NONE', *, *, #1630, .F. ) ;
#1689 = ORIENTED_EDGE ( 'NONE', *, *, #2350, .T. ) ;
#1690 = CARTESIAN_POINT ( 'NONE',  ( -0.1039999999999998564, 3.739391789698414853E-20, 0.1639999999999999791 ) ) ;
#1691 = CARTESIAN_POINT ( 'NONE',  ( -0.2150000000000000244, 0.1200000000000000511, 0.07600000000000001199 ) ) ;
#1692 = AXIS2_PLACEMENT_3D ( 'NONE', #583, #1512, #158 ) ;
#1693 = ADVANCED_FACE ( 'NONE', ( #747 ), #1026, .F. ) ;
#1694 = VERTEX_POINT ( 'NONE', #1419 ) ;
#1695 = ORIENTED_EDGE ( 'NONE', *, *, #200, .T. ) ;
#1696 = DIRECTION ( 'NONE',  ( 0.1218510577266568723, -0.9923972267410200443, 0.01732235802734027538 ) ) ;
#1697 = DIRECTION ( 'NONE',  ( -0.000000000000000000, -0.000000000000000000, -1.000000000000000000 ) ) ;
#1698 = VECTOR ( 'NONE', #944, 39.37007874015748143 ) ;
#1699 = VECTOR ( 'NONE', #724, 39.37007874015748143 ) ;
#1700 = FACE_OUTER_BOUND ( 'NONE', #1022, .T. ) ;
#1701 = AXIS2_PLACEMENT_3D ( 'NONE', #79, #2345, #2140 ) ;
#1702 = ORIENTED_EDGE ( 'NONE', *, *, #436, .T. ) ;
#1703 = EDGE_CURVE ( 'NONE', #2993, #876, #2365, .T. ) ;
#1704 = DIRECTION ( 'NONE',  ( 1.000000000000000000, -3.595569028556172711E-19, 0.000000000000000000 ) ) ;
#1705 = FACE_OUTER_BOUND ( 'NONE', #302, .T. ) ;
#1706 = MECHANICAL_DESIGN_GEOMETRIC_PRESENTATION_REPRESENTATION (  '', ( #1078 ), #442 ) ;
#1707 = ORIENTED_EDGE ( 'NONE', *, *, #2567, .T. ) ;
#1708 = DIRECTION ( 'NONE',  ( -0.3749599945324803563, -0.9270409928909305597, 0.000000000000000000 ) ) ;
#1709 = DIRECTION ( 'NONE',  ( 0.000000000000000000, 0.9998476951563912696, -0.01745240643727616336 ) ) ;
#1710 = ORIENTED_EDGE ( 'NONE', *, *, #1323, .T. ) ;
#1711 = CARTESIAN_POINT ( 'NONE',  ( -0.1675579322638146573, 0.1650000000000000633, -0.1024955436720149382 ) ) ;
#1712 = DIRECTION ( 'NONE',  ( 0.3749599945324795236, 0.9270409928909307817, -0.000000000000000000 ) ) ;
#1713 = VERTEX_POINT ( 'NONE', #305 ) ;
#1714 = CARTESIAN_POINT ( 'NONE',  ( -0.3191853705808318509, 0.03062600013668795654, -0.01599999999999999686 ) ) ;
#1715 = EDGE_CURVE ( 'NONE', #347, #2855, #2393, .T. ) ;
#1716 = CARTESIAN_POINT ( 'NONE',  ( -0.2660518654325974008, 0.05531380017769439716, -0.01599999999999999686 ) ) ;
#1717 = PLANE ( 'NONE',  #2814 ) ;
#1718 = ADVANCED_FACE ( 'NONE', ( #324 ), #69, .F. ) ;
#1719 = ORIENTED_EDGE ( 'NONE', *, *, #1760, .T. ) ;
#1720 =( NAMED_UNIT ( * ) PLANE_ANGLE_UNIT ( ) SI_UNIT ( $, .RADIAN. ) );
#1721 = VECTOR ( 'NONE', #1954, 39.37007874015748143 ) ;
#1722 = CARTESIAN_POINT ( 'NONE',  ( -0.1039999999999998564, 0.05000000000000000971, 0.1639999999999999791 ) ) ;
#1723 = PLANE ( 'NONE',  #1792 ) ;
#1724 = EDGE_CURVE ( 'NONE', #752, #198, #1345, .T. ) ;
#1725 = ORIENTED_EDGE ( 'NONE', *, *, #2353, .T. ) ;
#1726 = FACE_OUTER_BOUND ( 'NONE', #1804, .T. ) ;
#1727 = CARTESIAN_POINT ( 'NONE',  ( -0.3423613954031050621, 0.03999999999999995226, -0.1160000000000000059 ) ) ;
#1728 = CIRCLE ( 'NONE', #413, 0.07549999999999998379 ) ;
#1729 = CARTESIAN_POINT ( 'NONE',  ( -0.2500000000000000555, 0.09500000000000005662, -0.1240000000000000130 ) ) ;
#1730 = EDGE_CURVE ( 'NONE', #1222, #607, #523, .T. ) ;
#1731 = AXIS2_PLACEMENT_3D ( 'NONE', #2669, #2927, #2029 ) ;
#1732 = COLOUR_RGB ( '',0.7960784313725489669, 0.8235294117647058432, 0.9372549019607843146 ) ;
#1733 = PLANE ( 'NONE',  #175 ) ;
#1734 = CARTESIAN_POINT ( 'NONE',  ( -0.2150000000000000244, 0.1200000000000000511, -0.08400000000000001910 ) ) ;
#1735 = VECTOR ( 'NONE', #661, 39.37007874015748143 ) ;
#1736 = LINE ( 'NONE', #380, #608 ) ;
#1737 = ORIENTED_EDGE ( 'NONE', *, *, #2372, .T. ) ;
#1738 = LINE ( 'NONE', #2915, #757 ) ;
#1739 = DIRECTION ( 'NONE',  ( 1.076259999491764316E-16, -1.000000000000000000, -0.000000000000000000 ) ) ;
#1740 = EDGE_LOOP ( 'NONE', ( #862, #2243, #301, #217 ) ) ;
#1741 = VERTEX_POINT ( 'NONE', #553 ) ;
#1742 = CARTESIAN_POINT ( 'NONE',  ( -0.3423613954031050621, 0.000000000000000000, -0.01599999999999999686 ) ) ;
#1743 = CARTESIAN_POINT ( 'NONE',  ( 0.3405000000000000804, -1.224291254223377594E-19, 0.000000000000000000 ) ) ;
#1744 = VECTOR ( 'NONE', #1980, 39.37007874015748143 ) ;
#1745 = CARTESIAN_POINT ( 'NONE',  ( -0.3423613954031050621, 0.01499999999999995955, 0.1160000000000000059 ) ) ;
#1746 = ORIENTED_EDGE ( 'NONE', *, *, #2966, .T. ) ;
#1747 = LINE ( 'NONE', #1274, #1001 ) ;
#1748 = EDGE_LOOP ( 'NONE', ( #2502, #739, #1097, #1041 ) ) ;
#1749 = DIRECTION ( 'NONE',  ( -0.000000000000000000, -0.000000000000000000, -1.000000000000000000 ) ) ;
#1750 = CARTESIAN_POINT ( 'NONE',  ( 0.1249999999999999584, 0.05000000000000002359, 0.2000000000000000111 ) ) ;
#1751 = FACE_OUTER_BOUND ( 'NONE', #2049, .T. ) ;
#1752 = AXIS2_PLACEMENT_3D ( 'NONE', #376, #2875, #148 ) ;
#1753 = ORIENTED_EDGE ( 'NONE', *, *, #639, .T. ) ;
#1754 = VECTOR ( 'NONE', #449, 39.37007874015748854 ) ;
#1755 = DIRECTION ( 'NONE',  ( 0.3749599945324795236, 0.9270409928909307817, -0.000000000000000000 ) ) ;
#1756 = DIRECTION ( 'NONE',  ( -3.595569028556173674E-19, -1.000000000000000000, 0.000000000000000000 ) ) ;
#1757 = FACE_OUTER_BOUND ( 'NONE', #2625, .T. ) ;
#1758 = DIRECTION ( 'NONE',  ( 0.1218510577266569417, 0.9923972267410200443, -0.01732235802734027538 ) ) ;
#1759 = DIRECTION ( 'NONE',  ( 0.000000000000000000, -0.000000000000000000, -1.000000000000000000 ) ) ;
#1760 = EDGE_CURVE ( 'NONE', #2996, #119, #2409, .T. ) ;
#1761 = ORIENTED_EDGE ( 'NONE', *, *, #1607, .T. ) ;
#1762 = ORIENTED_EDGE ( 'NONE', *, *, #2438, .T. ) ;
#1763 = DIRECTION ( 'NONE',  ( -0.000000000000000000, -0.000000000000000000, -1.000000000000000000 ) ) ;
#1764 = ORIENTED_EDGE ( 'NONE', *, *, #75, .F. ) ;
#1765 = LINE ( 'NONE', #2684, #684 ) ;
#1766 = CARTESIAN_POINT ( 'NONE',  ( 0.1249999999999999584, 0.6740520811598980089, 0.2000000000000000111 ) ) ;
#1767 = CARTESIAN_POINT ( 'NONE',  ( -0.1675579322638146573, 0.1850000000000000533, -0.1024955436720149382 ) ) ;
#1768 = ORIENTED_EDGE ( 'NONE', *, *, #1180, .F. ) ;
#1769 = EDGE_LOOP ( 'NONE', ( #2358, #2068, #2780, #2305 ) ) ;
#1770 = CARTESIAN_POINT ( 'NONE',  ( -0.2500000000000000555, 0.1350000000000000089, 0.07600000000000001199 ) ) ;
#1771 = ADVANCED_FACE ( 'NONE', ( #1458 ), #1897, .F. ) ;
#1772 = LINE ( 'NONE', #327, #127 ) ;
#1773 = EDGE_CURVE ( 'NONE', #713, #2211, #2429, .T. ) ;
#1774 = APPLICATION_CONTEXT ( 'automotive_design' ) ;
#1775 = FACE_OUTER_BOUND ( 'NONE', #1995, .T. ) ;
#1776 = CARTESIAN_POINT ( 'NONE',  ( 0.08300000000000014311, 0.05000000000000002359, 0.1439999999999999891 ) ) ;
#1777 = VECTOR ( 'NONE', #1604, 39.37007874015748143 ) ;
#1778 = ORIENTED_EDGE ( 'NONE', *, *, #733, .F. ) ;
#1779 = CARTESIAN_POINT ( 'NONE',  ( -0.1039999999999998564, 0.05000000000000002359, 0.1639999999999999791 ) ) ;
#1780 = SURFACE_SIDE_STYLE ('',( #2417 ) ) ;
#1781 = VECTOR ( 'NONE', #2736, 39.37007874015748143 ) ;
#1782 =( NAMED_UNIT ( * ) SI_UNIT ( $, .STERADIAN. ) SOLID_ANGLE_UNIT ( ) );
#1783 = DIRECTION ( 'NONE',  ( 0.000000000000000000, 0.000000000000000000, 1.000000000000000000 ) ) ;
#1784 = ORIENTED_EDGE ( 'NONE', *, *, #2042, .T. ) ;
#1785 = ORIENTED_EDGE ( 'NONE', *, *, #769, .T. ) ;
#1786 = EDGE_CURVE ( 'NONE', #2290, #607, #1736, .T. ) ;
#1787 = CARTESIAN_POINT ( 'NONE',  ( -0.3750000000000001110, 0.01499999999999998036, 0.01599999999999999686 ) ) ;
#1788 = ORIENTED_EDGE ( 'NONE', *, *, #1281, .F. ) ;
#1789 = CARTESIAN_POINT ( 'NONE',  ( -0.2087110664860349907, 2.021829857959411290E-17, -0.2000000000000000111 ) ) ;
#1790 = CARTESIAN_POINT ( 'NONE',  ( 0.08300000000000015699, 0.05000000000000002359, -0.1440000000000000169 ) ) ;
#1791 = DIRECTION ( 'NONE',  ( 0.000000000000000000, 0.000000000000000000, 1.000000000000000000 ) ) ;
#1792 = AXIS2_PLACEMENT_3D ( 'NONE', #581, #2210, #794 ) ;
#1793 = ORIENTED_EDGE ( 'NONE', *, *, #212, .T. ) ;
#1794 = DIRECTION ( 'NONE',  ( -1.000000000000000000, 0.000000000000000000, 0.000000000000000000 ) ) ;
#1795 = DIRECTION ( 'NONE',  ( 0.000000000000000000, 0.000000000000000000, 1.000000000000000000 ) ) ;
#1796 = CARTESIAN_POINT ( 'NONE',  ( 0.1249999999999999584, 2.021829857959411290E-17, 0.2000000000000000111 ) ) ;
#1797 = LINE ( 'NONE', #2491, #1205 ) ;
#1798 = ADVANCED_FACE ( 'NONE', ( #166 ), #1994, .F. ) ;
#1799 = ORIENTED_EDGE ( 'NONE', *, *, #2219, .T. ) ;
#1800 = DIRECTION ( 'NONE',  ( -0.000000000000000000, -0.000000000000000000, -1.000000000000000000 ) ) ;
#1801 = CARTESIAN_POINT ( 'NONE',  ( 0.08300000000000015699, -2.984322293701630067E-20, -0.1440000000000000169 ) ) ;
#1802 = AXIS2_PLACEMENT_3D ( 'NONE', #1946, #1601, #683 ) ;
#1803 = ORIENTED_EDGE ( 'NONE', *, *, #786, .F. ) ;
#1804 = EDGE_LOOP ( 'NONE', ( #1115, #816, #2061, #1803, #1185, #1893, #924, #1454 ) ) ;
#1805 = DIRECTION ( 'NONE',  ( -1.076259999491764440E-16, 1.000000000000000000, 0.000000000000000000 ) ) ;
#1806 = PLANE ( 'NONE',  #274 ) ;
#1807 = DIRECTION ( 'NONE',  ( -3.595569028556173674E-19, -1.000000000000000000, -0.000000000000000000 ) ) ;
#1808 = ADVANCED_FACE ( 'NONE', ( #1083 ), #1304, .F. ) ;
#1809 = ORIENTED_EDGE ( 'NONE', *, *, #202, .T. ) ;
#1810 = CARTESIAN_POINT ( 'NONE',  ( -0.3423613954031050621, 0.01499999999999995955, 0.1160000000000000059 ) ) ;
#1811 = DIRECTION ( 'NONE',  ( 0.000000000000000000, -1.000000000000000000, 0.000000000000000000 ) ) ;
#1812 = ORIENTED_EDGE ( 'NONE', *, *, #1239, .F. ) ;
#1813 = EDGE_CURVE ( 'NONE', #1490, #1694, #2238, .T. ) ;
#1814 = EDGE_CURVE ( 'NONE', #995, #1008, #2315, .T. ) ;
#1815 = CARTESIAN_POINT ( 'NONE',  ( -0.1448350289055580220, 0.1850000000000000533, -0.1024955436720149382 ) ) ;
#1816 = DIRECTION ( 'NONE',  ( -0.000000000000000000, -0.000000000000000000, -1.000000000000000000 ) ) ;
#1817 = ADVANCED_FACE ( 'NONE', ( #1520 ), #1099, .T. ) ;
#1818 = EDGE_LOOP ( 'NONE', ( #967, #2852, #2545, #2256 ) ) ;
#1819 = ORIENTED_EDGE ( 'NONE', *, *, #542, .F. ) ;
#1820 = EDGE_LOOP ( 'NONE', ( #2754, #454, #2301, #2940 ) ) ;
#1821 = DIRECTION ( 'NONE',  ( 1.000000000000000000, -3.595569028556172711E-19, -0.000000000000000000 ) ) ;
#1822 = CARTESIAN_POINT ( 'NONE',  ( -0.2150000000000000244, 0.1200000000000000511, 0.07600000000000001199 ) ) ;
#1823 = ORIENTED_EDGE ( 'NONE', *, *, #1058, .T. ) ;
#1824 = CARTESIAN_POINT ( 'NONE',  ( -0.3423613954031050621, 0.03999999999999995226, -0.08400000000000001910 ) ) ;
#1825 = EDGE_CURVE ( 'NONE', #2926, #443, #2173, .T. ) ;
#1826 = ORIENTED_EDGE ( 'NONE', *, *, #1956, .F. ) ;
#1827 = PLANE ( 'NONE',  #2216 ) ;
#1828 = VECTOR ( 'NONE', #1319, 39.37007874015748143 ) ;
#1829 =( GEOMETRIC_REPRESENTATION_CONTEXT ( 3 ) GLOBAL_UNCERTAINTY_ASSIGNED_CONTEXT ( ( #1586 ) ) GLOBAL_UNIT_ASSIGNED_CONTEXT ( ( #2992, #1622, #1653 ) ) REPRESENTATION_CONTEXT ( 'NONE', 'WORKASPACE' ) );
#1830 = PLANE ( 'NONE',  #677 ) ;
#1831 = SURFACE_STYLE_USAGE ( .BOTH. , #2792 ) ;
#1832 = VECTOR ( 'NONE', #2630, 39.37007874015748143 ) ;
#1833 = VERTEX_POINT ( 'NONE', #152 ) ;
#1834 = CIRCLE ( 'NONE', #2985, 0.02272290335825662491 ) ;
#1835 = DIMENSIONAL_EXPONENTS ( 1.000000000000000000, 0.000000000000000000, 0.000000000000000000, 0.000000000000000000, 0.000000000000000000, 0.000000000000000000, 0.000000000000000000 ) ;
#1836 = LINE ( 'NONE', #2731, #835 ) ;
#1837 = DIRECTION ( 'NONE',  ( -1.000000000000000000, 0.000000000000000000, 0.000000000000000000 ) ) ;
#1838 = VECTOR ( 'NONE', #154, 39.37007874015748143 ) ;
#1839 = EDGE_LOOP ( 'NONE', ( #602, #93, #1685, #290, #1130, #2834, #2087, #1521 ) ) ;
#1840 = EDGE_CURVE ( 'NONE', #2348, #682, #577, .T. ) ;
#1841 = LINE ( 'NONE', #1136, #1291 ) ;
#1842 = EDGE_CURVE ( 'NONE', #263, #1856, #418, .T. ) ;
#1843 = SURFACE_SIDE_STYLE ('',( #1334 ) ) ;
#1844 = ORIENTED_EDGE ( 'NONE', *, *, #240, .T. ) ;
#1845 = DIRECTION ( 'NONE',  ( -3.595569028556172711E-19, -1.000000000000000000, 3.858525308272287961E-36 ) ) ;
#1846 = VERTEX_POINT ( 'NONE', #2682 ) ;
#1847 = DIRECTION ( 'NONE',  ( 0.000000000000000000, -0.01745240643727616683, -0.9998476951563913806 ) ) ;
#1848 = DIRECTION ( 'NONE',  ( -1.000000000000000000, 6.539054813799368638E-16, 0.000000000000000000 ) ) ;
#1849 = VECTOR ( 'NONE', #2109, 39.37007874015748143 ) ;
#1850 = AXIS2_PLACEMENT_3D ( 'NONE', #411, #1119, #2273 ) ;
#1851 = ORIENTED_EDGE ( 'NONE', *, *, #922, .T. ) ;
#1852 = DIRECTION ( 'NONE',  ( 1.000000000000000000, -3.595569028556172711E-19, -0.000000000000000000 ) ) ;
#1853 = CYLINDRICAL_SURFACE ( 'NONE', #1227, 0.02272290335825662491 ) ;
#1854 = CIRCLE ( 'NONE', #1701, 0.02499999999999993894 ) ;
#1855 = EDGE_CURVE ( 'NONE', #2808, #2348, #2128, .T. ) ;
#1856 = VERTEX_POINT ( 'NONE', #2253 ) ;
#1857 = VERTEX_POINT ( 'NONE', #632 ) ;
#1858 = CARTESIAN_POINT ( 'NONE',  ( -0.3191853705808318509, 0.03062600013668795654, 0.01599999999999999686 ) ) ;
#1859 = VECTOR ( 'NONE', #223, 39.37007874015748143 ) ;
#1860 = ORIENTED_EDGE ( 'NONE', *, *, #884, .F. ) ;
#1861 = ADVANCED_FACE ( 'NONE', ( #332 ), #823, .F. ) ;
#1862 = DIRECTION ( 'NONE',  ( 0.000000000000000000, -0.9998476951563912696, -0.01745240643727634725 ) ) ;
#1863 = ORIENTED_EDGE ( 'NONE', *, *, #2570, .F. ) ;
#1864 = LINE ( 'NONE', #651, #466 ) ;
#1865 = CARTESIAN_POINT ( 'NONE',  ( 0.1249999999999999584, 0.05000000000000002359, 0.1439999999999999891 ) ) ;
#1866 = EDGE_CURVE ( 'NONE', #2770, #263, #1747, .T. ) ;
#1867 = ORIENTED_EDGE ( 'NONE', *, *, #2439, .T. ) ;
#1868 = ORIENTED_EDGE ( 'NONE', *, *, #1648, .F. ) ;
#1869 = CARTESIAN_POINT ( 'NONE',  ( -0.2731760248222732668, 0.1043739998633120558, -0.1160000000000000059 ) ) ;
#1870 =( NAMED_UNIT ( * ) SI_UNIT ( $, .STERADIAN. ) SOLID_ANGLE_UNIT ( ) );
#1871 = VERTEX_POINT ( 'NONE', #1960 ) ;
#1872 = EDGE_CURVE ( 'NONE', #2641, #2018, #393, .T. ) ;
#1873 = EDGE_CURVE ( 'NONE', #868, #2529, #118, .T. ) ;
#1874 = AXIS2_PLACEMENT_3D ( 'NONE', #708, #2114, #238 ) ;
#1875 = LINE ( 'NONE', #956, #1482 ) ;
#1876 = ORIENTED_EDGE ( 'NONE', *, *, #2318, .T. ) ;
#1877 = EDGE_CURVE ( 'NONE', #996, #407, #2027, .T. ) ;
#1878 = CARTESIAN_POINT ( 'NONE',  ( 0.1249999999999999584, -4.494461285695215287E-20, 0.2000000000000000111 ) ) ;
#1879 = CARTESIAN_POINT ( 'NONE',  ( 0.08300000000000015699, -2.984322293701630067E-20, 0.1639999999999999791 ) ) ;
#1880 = LINE ( 'NONE', #977, #1698 ) ;
#1881 = AXIS2_PLACEMENT_3D ( 'NONE', #912, #1845, #2755 ) ;
#1882 = VERTEX_POINT ( 'NONE', #1534 ) ;
#1883 = ORIENTED_EDGE ( 'NONE', *, *, #2811, .F. ) ;
#1884 = AXIS2_PLACEMENT_3D ( 'NONE', #2247, #2658, #1513 ) ;
#1885 = CIRCLE ( 'NONE', #2885, 0.02272290335825662491 ) ;
#1886 = DIRECTION ( 'NONE',  ( 1.000000000000000000, -3.595569028556172711E-19, -0.000000000000000000 ) ) ;
#1887 = LINE ( 'NONE', #2798, #1699 ) ;
#1888 = AXIS2_PLACEMENT_3D ( 'NONE', #2649, #2474, #2700 ) ;
#1889 = AXIS2_PLACEMENT_3D ( 'NONE', #1063, #2920, #848 ) ;
#1890 = CARTESIAN_POINT ( 'NONE',  ( 0.08300000000000015699, 0.6740520811598980089, -0.1440000000000000169 ) ) ;
#1891 = CARTESIAN_POINT ( 'NONE',  ( -0.3031335051482345611, 0.07031219995899358477, 0.1239999999999999991 ) ) ;
#1892 = DIRECTION ( 'NONE',  ( -1.000000000000000000, 0.000000000000000000, 0.000000000000000000 ) ) ;
#1893 = ORIENTED_EDGE ( 'NONE', *, *, #2553, .F. ) ;
#1894 = CARTESIAN_POINT ( 'NONE',  ( -0.2870816397156372157, 0.1099983997812992442, 0.01599999999999999686 ) ) ;
#1895 = ADVANCED_FACE ( 'NONE', ( #2459 ), #702, .F. ) ;
#1896 = CARTESIAN_POINT ( 'NONE',  ( 0.08300000000000015699, -2.984322293701630067E-20, 0.1639999999999999791 ) ) ;
#1897 = CYLINDRICAL_SURFACE ( 'NONE', #2643, 0.02499999999999993894 ) ;
#1898 = CARTESIAN_POINT ( 'NONE',  ( -0.3031335051482345611, 0.07031219995899358477, 0.02399999999999998662 ) ) ;
#1899 = VECTOR ( 'NONE', #837, 39.37007874015748143 ) ;
#1900 = VERTEX_POINT ( 'NONE', #1879 ) ;
#1901 = DIRECTION ( 'NONE',  ( 0.000000000000000000, -0.000000000000000000, -1.000000000000000000 ) ) ;
#1902 = CARTESIAN_POINT ( 'NONE',  ( -0.2870816397156372157, 0.1099983997812992442, -0.02400000000000000397 ) ) ;
#1903 = EDGE_CURVE ( 'NONE', #2163, #190, #1356, .T. ) ;
#1904 = VERTEX_POINT ( 'NONE', #2726 ) ;
#1905 = FACE_OUTER_BOUND ( 'NONE', #1374, .T. ) ;
#1906 = CARTESIAN_POINT ( 'NONE',  ( -0.3031335051482345611, 0.07031219995899358477, 0.1239999999999999991 ) ) ;
#1907 = LENGTH_MEASURE_WITH_UNIT ( LENGTH_MEASURE( 0.02539999999999999897 ), #2390 );
#1908 = VERTEX_POINT ( 'NONE', #1155 ) ;
#1909 = EDGE_CURVE ( 'NONE', #1857, #762, #1384, .T. ) ;
#1910 = DIRECTION ( 'NONE',  ( 1.000000000000000000, -0.000000000000000000, -0.000000000000000000 ) ) ;
#1911 = DIRECTION ( 'NONE',  ( -1.000000000000000000, 3.595569028556173674E-19, 0.000000000000000000 ) ) ;
#1912 = VERTEX_POINT ( 'NONE', #1169 ) ;
#1913 = EDGE_CURVE ( 'NONE', #713, #2194, #914, .T. ) ;
#1914 = FACE_OUTER_BOUND ( 'NONE', #1740, .T. ) ;
#1915 = CARTESIAN_POINT ( 'NONE',  ( -0.1675579322638146573, 0.1650000000000000633, -0.1024955436720149382 ) ) ;
#1916 = ORIENTED_EDGE ( 'NONE', *, *, #2769, .T. ) ;
#1917 = VERTEX_POINT ( 'NONE', #24 ) ;
#1918 = ORIENTED_EDGE ( 'NONE', *, *, #867, .T. ) ;
#1919 = LINE ( 'NONE', #1964, #2366 ) ;
#1920 = DIRECTION ( 'NONE',  ( -0.000000000000000000, -0.000000000000000000, -1.000000000000000000 ) ) ;
#1921 = ORIENTED_EDGE ( 'NONE', *, *, #955, .T. ) ;
#1922 = ORIENTED_EDGE ( 'NONE', *, *, #326, .T. ) ;
#1923 = CARTESIAN_POINT ( 'NONE',  ( -0.2150000000000000244, 0.1200000000000000511, -0.02400000000000000397 ) ) ;
#1924 = DIRECTION ( 'NONE',  ( 0.9270409928909306707, -0.3749599945324801342, 0.000000000000000000 ) ) ;
#1925 = VECTOR ( 'NONE', #1696, 39.37007874015748143 ) ;
#1926 = CIRCLE ( 'NONE', #1150, 0.02499999999999997363 ) ;
#1927 = DIRECTION ( 'NONE',  ( 1.000000000000000000, -3.595569028556173674E-19, 8.537024980200811957E-16 ) ) ;
#1928 = CIRCLE ( 'NONE', #518, 0.02499999999999997363 ) ;
#1929 = VERTEX_POINT ( 'NONE', #2314 ) ;
#1930 = CARTESIAN_POINT ( 'NONE',  ( 0.1084240842781077768, 0.1850000000000000810, 0.2000000000000000111 ) ) ;
#1931 = FACE_OUTER_BOUND ( 'NONE', #1666, .T. ) ;
#1932 = EDGE_LOOP ( 'NONE', ( #1050, #2401, #790, #756, #379, #1451, #589, #705 ) ) ;
#1933 = VERTEX_POINT ( 'NONE', #2091 ) ;
#1934 = CARTESIAN_POINT ( 'NONE',  ( -0.2892278902548706121, 0.06468780004100638248, -0.01599999999999999686 ) ) ;
#1935 = DIRECTION ( 'NONE',  ( -0.000000000000000000, -0.000000000000000000, -1.000000000000000000 ) ) ;
#1936 = CARTESIAN_POINT ( 'NONE',  ( -0.2731760248222732668, 0.1043739998633120558, 0.02399999999999998662 ) ) ;
#1937 = VERTEX_POINT ( 'NONE', #445 ) ;
#1938 = CARTESIAN_POINT ( 'NONE',  ( -0.2150000000000000244, 0.1200000000000000511, 0.1239999999999999991 ) ) ;
#1939 = PLANE ( 'NONE',  #1336 ) ;
#1940 = EDGE_CURVE ( 'NONE', #654, #2993, #2533, .T. ) ;
#1941 = ORIENTED_EDGE ( 'NONE', *, *, #368, .F. ) ;
#1942 = CYLINDRICAL_SURFACE ( 'NONE', #2272, 0.02499999999999997363 ) ;
#1943 = ORIENTED_EDGE ( 'NONE', *, *, #240, .F. ) ;
#1944 = EDGE_CURVE ( 'NONE', #236, #2836, #2072, .T. ) ;
#1945 = LINE ( 'NONE', #2384, #1048 ) ;
#1946 = CARTESIAN_POINT ( 'NONE',  ( 0.1249999999999999861, 0.05000000000000002359, -0.1440000000000000169 ) ) ;
#1947 = ORIENTED_EDGE ( 'NONE', *, *, #884, .T. ) ;
#1948 = EDGE_LOOP ( 'NONE', ( #2542, #1423, #2559, #1562, #2857, #247, #2081, #1034 ) ) ;
#1949 = VERTEX_POINT ( 'NONE', #1620 ) ;
#1950 = FILL_AREA_STYLE ('',( #792 ) ) ;
#1951 = DIRECTION ( 'NONE',  ( 0.3749599945324795236, 0.9270409928909307817, -0.000000000000000000 ) ) ;
#1952 = ORIENTED_EDGE ( 'NONE', *, *, #1351, .F. ) ;
#1953 = CARTESIAN_POINT ( 'NONE',  ( -0.2150000000000000244, 0.1200000000000000511, 0.02399999999999998662 ) ) ;
#1954 = DIRECTION ( 'NONE',  ( -1.000000000000000000, 3.595569028556172711E-19, 0.000000000000000000 ) ) ;
#1955 = CARTESIAN_POINT ( 'NONE',  ( -0.2500000000000000555, 0.09500000000000005662, -0.1240000000000000130 ) ) ;
#1956 = EDGE_CURVE ( 'NONE', #262, #27, #1398, .T. ) ;
#1957 = ADVANCED_FACE ( 'NONE', ( #2046 ), #2789, .F. ) ;
#1958 = DIRECTION ( 'NONE',  ( -1.076259999491764440E-16, 1.000000000000000000, 0.000000000000000000 ) ) ;
#1959 = DIRECTION ( 'NONE',  ( -0.000000000000000000, -0.000000000000000000, -1.000000000000000000 ) ) ;
#1960 = CARTESIAN_POINT ( 'NONE',  ( -0.2088607719548547792, 0.1850000000000000810, -0.1967708129882810852 ) ) ;
#1961 = ORIENTED_EDGE ( 'NONE', *, *, #689, .F. ) ;
#1962 = CARTESIAN_POINT ( 'NONE',  ( -0.3423613954031050621, 0.01499999999999995955, 0.1160000000000000059 ) ) ;
#1963 = VECTOR ( 'NONE', #399, 39.37007874015748854 ) ;
#1964 = CARTESIAN_POINT ( 'NONE',  ( -0.2500000000000000555, 0.1200000000000000511, -0.08400000000000001910 ) ) ;
#1965 = CARTESIAN_POINT ( 'NONE',  ( -0.3052797556874679019, 0.02500160021870078894, -0.08400000000000001910 ) ) ;
#1966 = ORIENTED_EDGE ( 'NONE', *, *, #1703, .T. ) ;
#1967 = ORIENTED_EDGE ( 'NONE', *, *, #1436, .T. ) ;
#1968 = CARTESIAN_POINT ( 'NONE',  ( -0.3031335051482345611, 0.07031219995899358477, 0.07600000000000001199 ) ) ;
#1969 = CARTESIAN_POINT ( 'NONE',  ( -0.2500000000000000555, 0.09500000000000005662, 0.1239999999999999991 ) ) ;
#1970 = AXIS2_PLACEMENT_3D ( 'NONE', #1220, #1020, #514 ) ;
#1971 = CIRCLE ( 'NONE', #1430, 0.02499999999999997363 ) ;
#1972 = CARTESIAN_POINT ( 'NONE',  ( -0.3423613954031050621, 0.01499999999999995955, 0.01599999999999999686 ) ) ;
#1973 = CARTESIAN_POINT ( 'NONE',  ( -0.3423613954031050621, 0.000000000000000000, 0.08400000000000001910 ) ) ;
#1974 = AXIS2_PLACEMENT_3D ( 'NONE', #2880, #80, #2404 ) ;
#1975 = VERTEX_POINT ( 'NONE', #408 ) ;
#1976 = DIRECTION ( 'NONE',  ( -0.3749599945324803563, -0.9270409928909305597, 0.000000000000000000 ) ) ;
#1977 = ORIENTED_EDGE ( 'NONE', *, *, #2616, .T. ) ;
#1978 = CARTESIAN_POINT ( 'NONE',  ( -0.3750000000000001110, 2.134256245050205639E-17, -0.01599999999999999686 ) ) ;
#1979 = FACE_OUTER_BOUND ( 'NONE', #813, .T. ) ;
#1980 = DIRECTION ( 'NONE',  ( -0.000000000000000000, -0.000000000000000000, -1.000000000000000000 ) ) ;
#1981 = ORIENTED_EDGE ( 'NONE', *, *, #1840, .T. ) ;
#1982 = AXIS2_PLACEMENT_3D ( 'NONE', #2258, #172, #571 ) ;
#1983 = DIRECTION ( 'NONE',  ( -6.539054813799368638E-16, -1.000000000000000000, 0.000000000000000000 ) ) ;
#1984 = CARTESIAN_POINT ( 'NONE',  ( 0.1249999999999999584, -4.494461285695215287E-20, 0.1439999999999999891 ) ) ;
#1985 = ADVANCED_FACE ( 'NONE', ( #2757 ), #1131, .T. ) ;
#1986 = VECTOR ( 'NONE', #2954, 39.37007874015748143 ) ;
#1987 = CARTESIAN_POINT ( 'NONE',  ( -0.2500000000000000555, 0.09500000000000005662, 0.1239999999999999991 ) ) ;
#1988 = AXIS2_PLACEMENT_3D ( 'NONE', #2853, #1216, #2171 ) ;
#1989 = DIRECTION ( 'NONE',  ( 0.000000000000000000, 0.000000000000000000, 1.000000000000000000 ) ) ;
#1990 = CARTESIAN_POINT ( 'NONE',  ( -0.3031335051482345611, 0.07031219995899358477, 0.1239999999999999991 ) ) ;
#1991 = AXIS2_PLACEMENT_3D ( 'NONE', #2388, #1226, #1664 ) ;
#1992 = EDGE_LOOP ( 'NONE', ( #2524, #2785, #2447, #706, #2150, #934, #267, #506 ) ) ;
#1993 = EDGE_CURVE ( 'NONE', #263, #995, #8, .T. ) ;
#1994 = PLANE ( 'NONE',  #40 ) ;
#1995 = EDGE_LOOP ( 'NONE', ( #768, #1244, #1362, #878 ) ) ;
#1996 = DIRECTION ( 'NONE',  ( 0.000000000000000000, 0.000000000000000000, 1.000000000000000000 ) ) ;
#1997 = CARTESIAN_POINT ( 'NONE',  ( -0.1902808356220712649, 0.1850000000000000533, -0.1024955436720149382 ) ) ;
#1998 = CARTESIAN_POINT ( 'NONE',  ( -0.3423613954031050621, 0.000000000000000000, 0.01599999999999999686 ) ) ;
#1999 = VECTOR ( 'NONE', #1246, 39.37007874015748143 ) ;
#2000 = EDGE_CURVE ( 'NONE', #2483, #1949, #185, .T. ) ;
#2001 = ORIENTED_EDGE ( 'NONE', *, *, #1855, .T. ) ;
#2002 = VECTOR ( 'NONE', #1886, 39.37007874015748143 ) ;
#2003 = VECTOR ( 'NONE', #903, 39.37007874015748143 ) ;
#2004 = EDGE_CURVE ( 'NONE', #407, #1741, #1116, .T. ) ;
#2005 = DIRECTION ( 'NONE',  ( -3.595569028556173674E-19, -1.000000000000000000, 0.000000000000000000 ) ) ;
#2006 = DIRECTION ( 'NONE',  ( -0.000000000000000000, -0.000000000000000000, -1.000000000000000000 ) ) ;
#2007 = CARTESIAN_POINT ( 'NONE',  ( -0.2500000000000000555, 0.1200000000000000511, 0.07600000000000001199 ) ) ;
#2008 = CARTESIAN_POINT ( 'NONE',  ( -0.1675579322638146573, 0.1850000000000000533, -0.1024955436720149382 ) ) ;
#2009 = DIRECTION ( 'NONE',  ( -1.000000000000000000, 0.000000000000000000, 0.000000000000000000 ) ) ;
#2010 = EDGE_CURVE ( 'NONE', #42, #2863, #1864, .T. ) ;
#2011 = ORIENTED_EDGE ( 'NONE', *, *, #2353, .F. ) ;
#2012 = DIRECTION ( 'NONE',  ( -1.000000000000000000, 0.000000000000000000, 0.000000000000000000 ) ) ;
#2013 = DIRECTION ( 'NONE',  ( -3.595569028556173674E-19, -1.000000000000000000, -0.000000000000000000 ) ) ;
#2014 = LINE ( 'NONE', #1537, #233 ) ;
#2015 = FACE_OUTER_BOUND ( 'NONE', #2760, .T. ) ;
#2016 = ORIENTED_EDGE ( 'NONE', *, *, #1877, .F. ) ;
#2017 = CIRCLE ( 'NONE', #1874, 0.03999999999999998002 ) ;
#2018 = VERTEX_POINT ( 'NONE', #456 ) ;
#2019 = LINE ( 'NONE', #2689, #406 ) ;
#2020 = ORIENTED_EDGE ( 'NONE', *, *, #1825, .F. ) ;
#2021 = VERTEX_POINT ( 'NONE', #2506 ) ;
#2022 = LINE ( 'NONE', #1628, #1735 ) ;
#2023 = CIRCLE ( 'NONE', #417, 0.02499999999999993894 ) ;
#2024 = EDGE_CURVE ( 'NONE', #1646, #2964, #429, .T. ) ;
#2025 = CARTESIAN_POINT ( 'NONE',  ( 0.3750000000000001110, 0.6740520811598980089, -0.1999999999999999833 ) ) ;
#2026 = FACE_OUTER_BOUND ( 'NONE', #150, .T. ) ;
#2027 = CIRCLE ( 'NONE', #512, 0.02499999999999993894 ) ;
#2028 = VERTEX_POINT ( 'NONE', #2059 ) ;
#2029 = DIRECTION ( 'NONE',  ( -1.000000000000000000, 0.000000000000000000, 0.000000000000000000 ) ) ;
#2030 = CARTESIAN_POINT ( 'NONE',  ( -0.3750000000000001110, 0.01499999999999998036, -0.01599999999999999686 ) ) ;
#2031 = VECTOR ( 'NONE', #1017, 39.37007874015748854 ) ;
#2032 = DIRECTION ( 'NONE',  ( -8.537024980200811957E-16, 1.851172206019348160E-34, 1.000000000000000000 ) ) ;
#2033 = DIRECTION ( 'NONE',  ( 8.537024980200824776E-16, -3.702344412038701880E-34, 1.000000000000000000 ) ) ;
#2034 = ORIENTED_EDGE ( 'NONE', *, *, #2640, .F. ) ;
#2035 = DIRECTION ( 'NONE',  ( -1.000000000000000000, 3.595569028556172711E-19, 0.000000000000000000 ) ) ;
#2036 = CARTESIAN_POINT ( 'NONE',  ( 0.08300000000000015699, 0.05000000000000002359, 0.1639999999999999791 ) ) ;
#2037 = VERTEX_POINT ( 'NONE', #2968 ) ;
#2038 = DIRECTION ( 'NONE',  ( 1.000000000000000000, 0.000000000000000000, 0.000000000000000000 ) ) ;
#2039 = ADVANCED_FACE ( 'NONE', ( #900 ), #1827, .T. ) ;
#2040 =( NAMED_UNIT ( * ) PLANE_ANGLE_UNIT ( ) SI_UNIT ( $, .RADIAN. ) );
#2041 = LINE ( 'NONE', #2696, #558 ) ;
#2042 = EDGE_CURVE ( 'NONE', #1975, #1355, #1004, .T. ) ;
#2043 = EDGE_CURVE ( 'NONE', #1882, #2497, #488, .T. ) ;
#2044 = ORIENTED_EDGE ( 'NONE', *, *, #1014, .F. ) ;
#2045 = ADVANCED_FACE ( 'NONE', ( #2122 ), #988, .F. ) ;
#2046 = FACE_OUTER_BOUND ( 'NONE', #2788, .T. ) ;
#2047 = CARTESIAN_POINT ( 'NONE',  ( -0.2500000000000000555, 0.09500000000000005662, 0.02399999999999998662 ) ) ;
#2048 = DIRECTION ( 'NONE',  ( 0.3749599945324800232, 0.9270409928909306707, -0.000000000000000000 ) ) ;
#2049 = EDGE_LOOP ( 'NONE', ( #902, #1793, #1288, #1688 ) ) ;
#2050 = CARTESIAN_POINT ( 'NONE',  ( -0.3750000000000001110, 0.01499999999999998036, 0.08400000000000001910 ) ) ;
#2051 = SURFACE_STYLE_FILL_AREA ( #2748 ) ;
#2052 = VECTOR ( 'NONE', #116, 39.37007874015748143 ) ;
#2053 = ORIENTED_EDGE ( 'NONE', *, *, #498, .F. ) ;
#2054 = ADVANCED_FACE ( 'NONE', ( #527 ), #543, .F. ) ;
#2055 = CARTESIAN_POINT ( 'NONE',  ( -0.3750000000000001110, 0.01499999999999998036, 0.01599999999999999686 ) ) ;
#2056 = EDGE_LOOP ( 'NONE', ( #1225, #2656, #1141, #896, #1785, #1753, #1710, #1427 ) ) ;
#2057 = CARTESIAN_POINT ( 'NONE',  ( -0.2892278902548706121, 0.06468780004100638248, 0.1239999999999999991 ) ) ;
#2058 = ORIENTED_EDGE ( 'NONE', *, *, #2976, .F. ) ;
#2059 = CARTESIAN_POINT ( 'NONE',  ( 0.1895000000000001128, -6.813603309113954834E-20, 9.246083333562517811E-18 ) ) ;
#2060 = CARTESIAN_POINT ( 'NONE',  ( -0.1448350289055580220, 0.1850000000000000533, -0.1024955436720149382 ) ) ;
#2061 = ORIENTED_EDGE ( 'NONE', *, *, #2562, .F. ) ;
#2062 = ADVANCED_FACE ( 'NONE', ( #1914 ), #1207, .F. ) ;
#2063 = LINE ( 'NONE', #2747, #1859 ) ;
#2064 = EDGE_CURVE ( 'NONE', #2497, #2804, #2619, .T. ) ;
#2065 = ORIENTED_EDGE ( 'NONE', *, *, #942, .F. ) ;
#2066 = CARTESIAN_POINT ( 'NONE',  ( 0.08300000000000018474, -2.984322293701630669E-20, -0.1640000000000000346 ) ) ;
#2067 = CARTESIAN_POINT ( 'NONE',  ( 0.08300000000000014311, 0.05000000000000002359, 0.1439999999999999891 ) ) ;
#2068 = ORIENTED_EDGE ( 'NONE', *, *, #21, .T. ) ;
#2069 = DIRECTION ( 'NONE',  ( -3.595569028556173674E-19, -1.000000000000000000, 0.000000000000000000 ) ) ;
#2070 = VERTEX_POINT ( 'NONE', #2825 ) ;
#2071 = CARTESIAN_POINT ( 'NONE',  ( -0.2870816397156372157, 0.1099983997812992442, -0.1160000000000000059 ) ) ;
#2072 = CIRCLE ( 'NONE', #1531, 0.07549999999999998379 ) ;
#2073 = AXIS2_PLACEMENT_3D ( 'NONE', #490, #945, #2289 ) ;
#2074 = LINE ( 'NONE', #2030, #2093 ) ;
#2075 = VECTOR ( 'NONE', #467, 39.37007874015748143 ) ;
#2076 = ORIENTED_EDGE ( 'NONE', *, *, #1351, .T. ) ;
#2077 = CIRCLE ( 'NONE', #2644, 0.03999999999999995226 ) ;
#2078 = DIRECTION ( 'NONE',  ( -0.3749599945324803563, -0.9270409928909305597, 0.000000000000000000 ) ) ;
#2079 = FILL_AREA_STYLE ('',( #1161 ) ) ;
#2080 = AXIS2_PLACEMENT_3D ( 'NONE', #1906, #2821, #2377 ) ;
#2081 = ORIENTED_EDGE ( 'NONE', *, *, #1909, .T. ) ;
#2082 = ADVANCED_FACE ( 'NONE', ( #2601 ), #1686, .T. ) ;
#2083 = ORIENTED_EDGE ( 'NONE', *, *, #1550, .T. ) ;
#2084 = FACE_OUTER_BOUND ( 'NONE', #1748, .T. ) ;
#2085 = EDGE_CURVE ( 'NONE', #2458, #2211, #58, .T. ) ;
#2086 =( NAMED_UNIT ( * ) SI_UNIT ( $, .STERADIAN. ) SOLID_ANGLE_UNIT ( ) );
#2087 = ORIENTED_EDGE ( 'NONE', *, *, #2921, .F. ) ;
#2088 = VECTOR ( 'NONE', #1327, 39.37007874015748143 ) ;
#2089 = CARTESIAN_POINT ( 'NONE',  ( -0.3052797556874679019, 0.02500160021870078894, -0.1160000000000000059 ) ) ;
#2090 = ORIENTED_EDGE ( 'NONE', *, *, #639, .F. ) ;
#2091 = CARTESIAN_POINT ( 'NONE',  ( 0.08300000000000015699, -2.984322293701630067E-20, -0.1440000000000000169 ) ) ;
#2092 = LINE ( 'NONE', #1132, #767 ) ;
#2093 = VECTOR ( 'NONE', #1811, 39.37007874015748143 ) ;
#2094 = VECTOR ( 'NONE', #2033, 39.37007874015748143 ) ;
#2095 = VERTEX_POINT ( 'NONE', #771 ) ;
#2096 = EDGE_CURVE ( 'NONE', #2269, #1378, #753, .T. ) ;
#2097 = ORIENTED_EDGE ( 'NONE', *, *, #562, .T. ) ;
#2098 = FACE_OUTER_BOUND ( 'NONE', #432, .T. ) ;
#2099 = FACE_OUTER_BOUND ( 'NONE', #1948, .T. ) ;
#2100 = EDGE_CURVE ( 'NONE', #564, #2420, #2399, .T. ) ;
#2101 = EDGE_LOOP ( 'NONE', ( #1746, #2917, #617, #1867, #2794, #1133, #5, #1967, #2557, #1719, #1608, #522 ) ) ;
#2102 = EDGE_CURVE ( 'NONE', #397, #1349, #906, .T. ) ;
#2103 = PLANE ( 'NONE',  #2080 ) ;
#2104 = DIRECTION ( 'NONE',  ( -3.595569028556173674E-19, -1.000000000000000000, 0.000000000000000000 ) ) ;
#2105 = ORIENTED_EDGE ( 'NONE', *, *, #1637, .T. ) ;
#2106 = DIRECTION ( 'NONE',  ( 1.000000000000000000, 0.000000000000000000, -0.000000000000000000 ) ) ;
#2107 = EDGE_LOOP ( 'NONE', ( #1110, #2795, #1633, #1397, #1599, #401, #1167, #480, #1812, #2282, #2119, #2617 ) ) ;
#2108 = DIRECTION ( 'NONE',  ( 1.000000000000000000, -6.539054813799368638E-16, -0.000000000000000000 ) ) ;
#2109 = DIRECTION ( 'NONE',  ( -1.000000000000000000, 3.595569028556174155E-19, 1.365923996832130870E-16 ) ) ;
#2110 = FILL_AREA_STYLE_COLOUR ( '', #1732 ) ;
#2111 = ORIENTED_EDGE ( 'NONE', *, *, #2144, .F. ) ;
#2112 = ORIENTED_EDGE ( 'NONE', *, *, #2166, .F. ) ;
#2113 = DIRECTION ( 'NONE',  ( -1.000000000000000000, 3.595569028556172711E-19, -1.365923996832130870E-16 ) ) ;
#2114 = DIRECTION ( 'NONE',  ( 0.000000000000000000, 0.000000000000000000, 1.000000000000000000 ) ) ;
#2115 = VECTOR ( 'NONE', #1756, 39.37007874015748143 ) ;
#2116 = DIRECTION ( 'NONE',  ( 1.000000000000000000, 0.000000000000000000, 0.000000000000000000 ) ) ;
#2117 = EDGE_LOOP ( 'NONE', ( #2252, #1916, #1570, #208 ) ) ;
#2118 = LINE ( 'NONE', #2327, #2160 ) ;
#2119 = ORIENTED_EDGE ( 'NONE', *, *, #2374, .F. ) ;
#2120 = EDGE_CURVE ( 'NONE', #1071, #1123, #2370, .T. ) ;
#2121 = EDGE_LOOP ( 'NONE', ( #2708, #1344, #578, #960 ) ) ;
#2122 = FACE_OUTER_BOUND ( 'NONE', #2870, .T. ) ;
#2123 = DIRECTION ( 'NONE',  ( -3.595569028556173674E-19, -1.000000000000000000, 0.000000000000000000 ) ) ;
#2124 = ORIENTED_EDGE ( 'NONE', *, *, #2956, .T. ) ;
#2125 =( GEOMETRIC_REPRESENTATION_CONTEXT ( 3 ) GLOBAL_UNCERTAINTY_ASSIGNED_CONTEXT ( ( #672 ) ) GLOBAL_UNIT_ASSIGNED_CONTEXT ( ( #2663, #1516, #439 ) ) REPRESENTATION_CONTEXT ( 'NONE', 'WORKASPACE' ) );
#2126 = CARTESIAN_POINT ( 'NONE',  ( -0.3031335051482345611, 0.07031219995899358477, -0.1160000000000000059 ) ) ;
#2127 = CARTESIAN_POINT ( 'NONE',  ( -0.2892278902548706121, 0.06468780004100638248, -0.1240000000000000130 ) ) ;
#2128 = CIRCLE ( 'NONE', #806, 0.03999999999999995226 ) ;
#2129 = CARTESIAN_POINT ( 'NONE',  ( -0.2731760248222732668, 0.1043739998633120558, 0.1160000000000000059 ) ) ;
#2130 = VECTOR ( 'NONE', #1612, 39.37007874015748143 ) ;
#2131 = EDGE_CURVE ( 'NONE', #1846, #1401, #1945, .T. ) ;
#2132 = PLANE ( 'NONE',  #2694 ) ;
#2133 = ORIENTED_EDGE ( 'NONE', *, *, #1648, .T. ) ;
#2134 = DIRECTION ( 'NONE',  ( -0.000000000000000000, -0.000000000000000000, -1.000000000000000000 ) ) ;
#2135 = CARTESIAN_POINT ( 'NONE',  ( -0.1039999999999998287, 0.6740520811598980089, -0.1640000000000000346 ) ) ;
#2136 = EDGE_CURVE ( 'NONE', #2207, #631, #2023, .T. ) ;
#2137 = EDGE_CURVE ( 'NONE', #2018, #1904, #2341, .T. ) ;
#2138 = EDGE_CURVE ( 'NONE', #2812, #2770, #1182, .T. ) ;
#2139 = ORIENTED_EDGE ( 'NONE', *, *, #826, .F. ) ;
#2140 = DIRECTION ( 'NONE',  ( -1.000000000000000000, 0.000000000000000000, 0.000000000000000000 ) ) ;
#2141 = FACE_OUTER_BOUND ( 'NONE', #1144, .T. ) ;
#2142 = AXIS2_PLACEMENT_3D ( 'NONE', #1767, #1538, #1524 ) ;
#2143 = DIRECTION ( 'NONE',  ( -0.9270409928909308928, 0.3749599945324795236, 0.000000000000000000 ) ) ;
#2144 = EDGE_CURVE ( 'NONE', #315, #1975, #2577, .T. ) ;
#2145 = CARTESIAN_POINT ( 'NONE',  ( -0.3031335051482345611, 0.07031219995899357089, 0.1160000000000000059 ) ) ;
#2146 = CIRCLE ( 'NONE', #1209, 0.02499999999999997363 ) ;
#2147 = STYLED_ITEM ( 'NONE', ( #2797 ), #261 ) ;
#2148 = DIRECTION ( 'NONE',  ( -3.595569028556172711E-19, -1.000000000000000000, 3.858525308272287961E-36 ) ) ;
#2149 = CARTESIAN_POINT ( 'NONE',  ( 0.1249999999999999584, 0.04999999999999999584, -0.1991272467535894208 ) ) ;
#2150 = ORIENTED_EDGE ( 'NONE', *, *, #151, .F. ) ;
#2151 = DIRECTION ( 'NONE',  ( 1.000000000000000000, -3.595569028556174155E-19, -0.000000000000000000 ) ) ;
#2152 = DIRECTION ( 'NONE',  ( -0.000000000000000000, -0.000000000000000000, -1.000000000000000000 ) ) ;
#2153 = ORIENTED_EDGE ( 'NONE', *, *, #1630, .T. ) ;
#2154 = ORIENTED_EDGE ( 'NONE', *, *, #1909, .F. ) ;
#2155 = CARTESIAN_POINT ( 'NONE',  ( -0.2660518654325974008, 0.05531380017769439716, -0.08400000000000001910 ) ) ;
#2156 = ADVANCED_FACE ( 'NONE', ( #49 ), #1733, .F. ) ;
#2157 = CARTESIAN_POINT ( 'NONE',  ( 0.08300000000000018474, -2.984322293701630669E-20, -0.1640000000000000346 ) ) ;
#2158 = ORIENTED_EDGE ( 'NONE', *, *, #2956, .F. ) ;
#2159 = ORIENTED_EDGE ( 'NONE', *, *, #1913, .T. ) ;
#2160 = VECTOR ( 'NONE', #85, 39.37007874015748143 ) ;
#2161 = DIRECTION ( 'NONE',  ( -6.539054813799368638E-16, -1.000000000000000000, 0.000000000000000000 ) ) ;
#2162 = DIRECTION ( 'NONE',  ( -0.3749599945324801342, -0.9270409928909305597, 0.000000000000000000 ) ) ;
#2163 = VERTEX_POINT ( 'NONE', #1972 ) ;
#2164 = ORIENTED_EDGE ( 'NONE', *, *, #1913, .F. ) ;
#2165 = DIRECTION ( 'NONE',  ( -0.9270409928909305597, 0.3749599945324799677, 0.000000000000000000 ) ) ;
#2166 = EDGE_CURVE ( 'NONE', #309, #1311, #162, .T. ) ;
#2167 = DIRECTION ( 'NONE',  ( -1.000000000000000000, 0.000000000000000000, 0.000000000000000000 ) ) ;
#2168 = FACE_OUTER_BOUND ( 'NONE', #1547, .T. ) ;
#2169 = ORIENTED_EDGE ( 'NONE', *, *, #1400, .T. ) ;
#2170 = AXIS2_PLACEMENT_3D ( 'NONE', #2025, #1254, #1316 ) ;
#2171 = DIRECTION ( 'NONE',  ( 0.000000000000000000, 0.000000000000000000, 1.000000000000000000 ) ) ;
#2172 = FACE_OUTER_BOUND ( 'NONE', #1992, .T. ) ;
#2173 = CIRCLE ( 'NONE', #1731, 0.02272290335825662491 ) ;
#2174 = EDGE_CURVE ( 'NONE', #2302, #262, #130, .T. ) ;
#2175 = VECTOR ( 'NONE', #712, 39.37007874015748143 ) ;
#2176 = FACE_OUTER_BOUND ( 'NONE', #1414, .T. ) ;
#2177 = AXIS2_PLACEMENT_3D ( 'NONE', #1023, #2152, #778 ) ;
#2178 = ORIENTED_EDGE ( 'NONE', *, *, #2217, .T. ) ;
#2179 = CARTESIAN_POINT ( 'NONE',  ( -0.2500000000000000555, 0.1200000000000000511, 0.01599999999999999686 ) ) ;
#2180 = DIRECTION ( 'NONE',  ( 0.000000000000000000, 0.000000000000000000, 1.000000000000000000 ) ) ;
#2181 = VERTEX_POINT ( 'NONE', #390 ) ;
#2182 = LINE ( 'NONE', #1535, #1450 ) ;
#2183 = DIRECTION ( 'NONE',  ( -1.076259999491764316E-16, 1.000000000000000000, 0.000000000000000000 ) ) ;
#2184 = DIRECTION ( 'NONE',  ( 0.000000000000000000, 0.000000000000000000, -1.000000000000000000 ) ) ;
#2185 = EDGE_LOOP ( 'NONE', ( #1669, #822, #1272, #2668 ) ) ;
#2186 = LINE ( 'NONE', #1938, #1479 ) ;
#2187 = ADVANCED_FACE ( 'NONE', ( #2220 ), #1065, .T. ) ;
#2188 = CARTESIAN_POINT ( 'NONE',  ( -0.3031335051482345611, 0.07031219995899358477, -0.07600000000000002587 ) ) ;
#2189 = DIRECTION ( 'NONE',  ( 1.000000000000000000, 0.000000000000000000, -0.000000000000000000 ) ) ;
#2190 = CARTESIAN_POINT ( 'NONE',  ( -0.3031335051482345611, 0.07031219995899358477, -0.1240000000000000130 ) ) ;
#2191 = LINE ( 'NONE', #2664, #206 ) ;
#2192 = VECTOR ( 'NONE', #2818, 39.37007874015748143 ) ;
#2193 = ORIENTED_EDGE ( 'NONE', *, *, #1637, .F. ) ;
#2194 = VERTEX_POINT ( 'NONE', #574 ) ;
#2195 = CARTESIAN_POINT ( 'NONE',  ( 0.08300000000000015699, 0.05000000000000002359, -0.1440000000000000169 ) ) ;
#2196 = EDGE_LOOP ( 'NONE', ( #824, #2124, #2237, #1602, #1337, #1799, #67, #2496, #644, #110, #225, #36 ) ) ;
#2197 = DIRECTION ( 'NONE',  ( -1.000000000000000000, 0.000000000000000000, 0.000000000000000000 ) ) ;
#2198 = DIRECTION ( 'NONE',  ( -1.000000000000000000, -1.076259999491764316E-16, 0.000000000000000000 ) ) ;
#2199 = DIRECTION ( 'NONE',  ( -0.000000000000000000, -0.000000000000000000, -1.000000000000000000 ) ) ;
#2200 = ORIENTED_EDGE ( 'NONE', *, *, #337, .F. ) ;
#2201 = CARTESIAN_POINT ( 'NONE',  ( -0.2870816397156372157, 0.1099983997812992442, -0.08400000000000001910 ) ) ;
#2202 = FACE_OUTER_BOUND ( 'NONE', #51, .T. ) ;
#2203 = ORIENTED_EDGE ( 'NONE', *, *, #963, .T. ) ;
#2204 = CARTESIAN_POINT ( 'NONE',  ( -0.3423613954031050621, 0.01499999999999995955, 0.08400000000000001910 ) ) ;
#2205 = DIRECTION ( 'NONE',  ( -0.9270409928909305597, 0.3749599945324799677, 0.000000000000000000 ) ) ;
#2206 = FACE_OUTER_BOUND ( 'NONE', #2591, .T. ) ;
#2207 = VERTEX_POINT ( 'NONE', #2425 ) ;
#2208 = DIRECTION ( 'NONE',  ( -1.000000000000000000, 3.595569028556173674E-19, -5.205503036707817671E-17 ) ) ;
#2209 = SURFACE_STYLE_USAGE ( .BOTH. , #1780 ) ;
#2210 = DIRECTION ( 'NONE',  ( 1.076259999491764316E-16, -1.000000000000000000, 0.000000000000000000 ) ) ;
#2211 = VERTEX_POINT ( 'NONE', #1269 ) ;
#2212 = VERTEX_POINT ( 'NONE', #1548 ) ;
#2213 = DIRECTION ( 'NONE',  ( -0.000000000000000000, -0.000000000000000000, -1.000000000000000000 ) ) ;
#2214 = AXIS2_PLACEMENT_3D ( 'NONE', #1256, #361, #590 ) ;
#2215 = LINE ( 'NONE', #2007, #2595 ) ;
#2216 = AXIS2_PLACEMENT_3D ( 'NONE', #2741, #2148, #1704 ) ;
#2217 = EDGE_CURVE ( 'NONE', #1561, #156, #1885, .T. ) ;
#2219 = EDGE_CURVE ( 'NONE', #2070, #1623, #2874, .T. ) ;
#2218 = VECTOR ( 'NONE', #2116, 39.37007874015748143 ) ;
#2220 = FACE_OUTER_BOUND ( 'NONE', #1148, .T. ) ;
#2221 = DIRECTION ( 'NONE',  ( -1.000000000000000000, 3.595569028556172711E-19, 0.000000000000000000 ) ) ;
#2222 = VECTOR ( 'NONE', #303, 39.37007874015748143 ) ;
#2223 = ORIENTED_EDGE ( 'NONE', *, *, #2274, .T. ) ;
#2224 = EDGE_LOOP ( 'NONE', ( #472, #1860, #2286, #1618 ) ) ;
#2225 = CARTESIAN_POINT ( 'NONE',  ( -0.2870816397156372157, 0.1099983997812992442, 0.02399999999999998662 ) ) ;
#2226 = ORIENTED_EDGE ( 'NONE', *, *, #145, .F. ) ;
#2227 = DIRECTION ( 'NONE',  ( 0.9270409928909305597, -0.3749599945324799677, 0.000000000000000000 ) ) ;
#2228 = CYLINDRICAL_SURFACE ( 'NONE', #623, 0.02499999999999997363 ) ;
#2229 = ORIENTED_EDGE ( 'NONE', *, *, #972, .F. ) ;
#2230 = LINE ( 'NONE', #2688, #2088 ) ;
#2231 = FACE_OUTER_BOUND ( 'NONE', #73, .T. ) ;
#2232 = AXIS2_PLACEMENT_3D ( 'NONE', #2047, #1795, #232 ) ;
#2233 = LINE ( 'NONE', #818, #810 ) ;
#2234 = AXIS2_PLACEMENT_3D ( 'NONE', #2850, #2810, #969 ) ;
#2235 = EDGE_CURVE ( 'NONE', #1655, #2397, #788, .T. ) ;
#2236 = LINE ( 'NONE', #1530, #2293 ) ;
#2237 = ORIENTED_EDGE ( 'NONE', *, *, #2903, .T. ) ;
#2238 = LINE ( 'NONE', #2941, #750 ) ;
#2239 =( NAMED_UNIT ( * ) SI_UNIT ( $, .STERADIAN. ) SOLID_ANGLE_UNIT ( ) );
#2240 = LINE ( 'NONE', #2943, #2457 ) ;
#2241 = FACE_OUTER_BOUND ( 'NONE', #1219, .T. ) ;
#2242 = VECTOR ( 'NONE', #548, 39.37007874015748143 ) ;
#2243 = ORIENTED_EDGE ( 'NONE', *, *, #444, .T. ) ;
#2244 = VECTOR ( 'NONE', #2078, 39.37007874015748854 ) ;
#2245 = ADVANCED_FACE ( 'NONE', ( #1775 ), #559, .F. ) ;
#2246 = ORIENTED_EDGE ( 'NONE', *, *, #2285, .T. ) ;
#2247 = CARTESIAN_POINT ( 'NONE',  ( -0.2500000000000000555, 0.09500000000000005662, 0.1160000000000000059 ) ) ;
#2248 = ORIENTED_EDGE ( 'NONE', *, *, #2217, .F. ) ;
#2249 = LINE ( 'NONE', #2066, #2504 ) ;
#2250 = CARTESIAN_POINT ( 'NONE',  ( 0.3750000000000001110, -1.348338385708565429E-19, -0.1999999999999999833 ) ) ;
#2251 = DIRECTION ( 'NONE',  ( -1.000000000000000000, 0.000000000000000000, 0.000000000000000000 ) ) ;
#2252 = ORIENTED_EDGE ( 'NONE', *, *, #2876, .F. ) ;
#2253 = CARTESIAN_POINT ( 'NONE',  ( -0.3052797556874679019, 0.02500160021870078894, -0.08400000000000001910 ) ) ;
#2254 = DIRECTION ( 'NONE',  ( -1.076259999491764316E-16, 1.000000000000000000, 0.000000000000000000 ) ) ;
#2255 = DIRECTION ( 'NONE',  ( -1.000000000000000000, 0.000000000000000000, -0.000000000000000000 ) ) ;
#2256 = ORIENTED_EDGE ( 'NONE', *, *, #2618, .T. ) ;
#2257 = EDGE_CURVE ( 'NONE', #1949, #1833, #836, .T. ) ;
#2258 = CARTESIAN_POINT ( 'NONE',  ( -0.2500000000000000555, 0.09500000000000005662, 0.08400000000000001910 ) ) ;
#2259 = CARTESIAN_POINT ( 'NONE',  ( 0.1249999999999999584, 0.6740520811598980089, -0.2000000000000000111 ) ) ;
#2260 = ORIENTED_EDGE ( 'NONE', *, *, #1786, .F. ) ;
#2261 = ORIENTED_EDGE ( 'NONE', *, *, #1265, .T. ) ;
#2262 = CARTESIAN_POINT ( 'NONE',  ( -0.1039999999999998564, 0.6740520811598980089, 0.1639999999999999791 ) ) ;
#2263 = VECTOR ( 'NONE', #1096, 39.37007874015748143 ) ;
#2264 = EDGE_CURVE ( 'NONE', #2095, #2621, #2470, .T. ) ;
#2265 = VECTOR ( 'NONE', #2678, 39.37007874015748854 ) ;
#2266 = CARTESIAN_POINT ( 'NONE',  ( -0.3423613954031050621, 0.000000000000000000, -0.1160000000000000059 ) ) ;
#2267 = LINE ( 'NONE', #183, #2879 ) ;
#2268 = VECTOR ( 'NONE', #1679, 39.37007874015748143 ) ;
#2269 = VERTEX_POINT ( 'NONE', #600 ) ;
#2270 = DIRECTION ( 'NONE',  ( 1.000000000000000000, 0.000000000000000000, -0.000000000000000000 ) ) ;
#2271 = LINE ( 'NONE', #167, #1300 ) ;
#2272 = AXIS2_PLACEMENT_3D ( 'NONE', #2437, #1528, #1297 ) ;
#2273 = DIRECTION ( 'NONE',  ( 1.000000000000000000, 0.000000000000000000, -1.365923996832130870E-16 ) ) ;
#2274 = EDGE_CURVE ( 'NONE', #1435, #917, #1529, .T. ) ;
#2275 = EDGE_LOOP ( 'NONE', ( #1947, #492 ) ) ;
#2276 = CARTESIAN_POINT ( 'NONE',  ( -0.2150000000000000244, 0.1850000000000000810, 0.1967708129882811130 ) ) ;
#2277 = DIRECTION ( 'NONE',  ( 0.000000000000000000, 0.000000000000000000, 1.000000000000000000 ) ) ;
#2278 = EDGE_LOOP ( 'NONE', ( #2828, #2532, #1263, #740 ) ) ;
#2279 = DIRECTION ( 'NONE',  ( -0.000000000000000000, -0.000000000000000000, -1.000000000000000000 ) ) ;
#2280 = MANIFOLD_SOLID_BREP ( 'Cut-Extrude3', #281 ) ;
#2281 = DIRECTION ( 'NONE',  ( 1.000000000000000000, 0.000000000000000000, -0.000000000000000000 ) ) ;
#2282 = ORIENTED_EDGE ( 'NONE', *, *, #2661, .F. ) ;
#2283 = CARTESIAN_POINT ( 'NONE',  ( -0.3750000000000001110, 2.134256245050205639E-17, 0.01599999999999999686 ) ) ;
#2284 = VECTOR ( 'NONE', #1278, 39.37007874015748143 ) ;
#2285 = EDGE_CURVE ( 'NONE', #2987, #995, #375, .T. ) ;
#2286 = ORIENTED_EDGE ( 'NONE', *, *, #1532, .T. ) ;
#2287 = CARTESIAN_POINT ( 'NONE',  ( -0.2660518654325974008, 0.05531380017769439716, 0.01599999999999999686 ) ) ;
#2288 = DIRECTION ( 'NONE',  ( -1.000000000000000000, 6.539054813799368638E-16, 0.000000000000000000 ) ) ;
#2289 = DIRECTION ( 'NONE',  ( 1.000000000000000000, 0.000000000000000000, 0.000000000000000000 ) ) ;
#2290 = VERTEX_POINT ( 'NONE', #2711 ) ;
#2291 = DIRECTION ( 'NONE',  ( -1.000000000000000000, 0.000000000000000000, 0.000000000000000000 ) ) ;
#2292 = DIRECTION ( 'NONE',  ( -1.000000000000000000, 0.000000000000000000, 0.000000000000000000 ) ) ;
#2293 = VECTOR ( 'NONE', #2845, 39.37007874015748143 ) ;
#2294 = EDGE_LOOP ( 'NONE', ( #2951, #60, #1952, #450, #1574, #933, #2540, #2847 ) ) ;
#2295 = LINE ( 'NONE', #2484, #1054 ) ;
#2296 = MANIFOLD_SOLID_BREP ( 'Boss-Extrude2', #1157 ) ;
#2297 = DIRECTION ( 'NONE',  ( 0.000000000000000000, 0.000000000000000000, 1.000000000000000000 ) ) ;
#2298 = VERTEX_POINT ( 'NONE', #2753 ) ;
#2299 = CARTESIAN_POINT ( 'NONE',  ( 0.2650000000000001243, 0.6740520811598980089, 0.000000000000000000 ) ) ;
#2300 = DIMENSIONAL_EXPONENTS ( 1.000000000000000000, 0.000000000000000000, 0.000000000000000000, 0.000000000000000000, 0.000000000000000000, 0.000000000000000000, 0.000000000000000000 ) ;
#2301 = ORIENTED_EDGE ( 'NONE', *, *, #2010, .F. ) ;
#2302 = VERTEX_POINT ( 'NONE', #243 ) ;
#2303 = CARTESIAN_POINT ( 'NONE',  ( 0.2650000000000001243, 0.05000000000000000971, 0.000000000000000000 ) ) ;
#2304 = CARTESIAN_POINT ( 'NONE',  ( -0.1675579322638146573, 0.1650000000000000633, -0.1024955436720149382 ) ) ;
#2305 = ORIENTED_EDGE ( 'NONE', *, *, #999, .T. ) ;
#2306 = DIRECTION ( 'NONE',  ( -0.000000000000000000, 0.000000000000000000, -1.000000000000000000 ) ) ;
#2307 = PLANE ( 'NONE',  #1380 ) ;
#2308 = ADVANCED_FACE ( 'NONE', ( #1614 ), #2938, .F. ) ;
#2309 = ORIENTED_EDGE ( 'NONE', *, *, #253, .F. ) ;
#2310 = PLANE ( 'NONE',  #516 ) ;
#2311 = DIRECTION ( 'NONE',  ( 0.3749599945324795791, 0.9270409928909307817, 0.000000000000000000 ) ) ;
#2312 = EDGE_LOOP ( 'NONE', ( #275, #2011, #12, #412, #2982, #1120, #1294, #2076 ) ) ;
#2313 = LINE ( 'NONE', #2283, #2499 ) ;
#2314 = CARTESIAN_POINT ( 'NONE',  ( -0.3191853705808318509, 0.03062600013668795654, 0.01599999999999999686 ) ) ;
#2315 = CIRCLE ( 'NONE', #2214, 0.03999999999999998002 ) ;
#2316 = CARTESIAN_POINT ( 'NONE',  ( -0.2150000000000000244, 0.1350000000000000089, 0.07600000000000001199 ) ) ;
#2317 = FILL_AREA_STYLE ('',( #2110 ) ) ;
#2318 = EDGE_CURVE ( 'NONE', #2290, #2808, #1394, .T. ) ;
#2319 = ORIENTED_EDGE ( 'NONE', *, *, #2530, .T. ) ;
#2320 = ORIENTED_EDGE ( 'NONE', *, *, #422, .F. ) ;
#2321 = VECTOR ( 'NONE', #2, 39.37007874015748143 ) ;
#2322 = DIRECTION ( 'NONE',  ( -3.595569028556173674E-19, -1.000000000000000000, -0.000000000000000000 ) ) ;
#2323 = VECTOR ( 'NONE', #64, 39.37007874015748143 ) ;
#2324 = ORIENTED_EDGE ( 'NONE', *, *, #1724, .T. ) ;
#2325 = CARTESIAN_POINT ( 'NONE',  ( 0.1249999999999999584, 2.021829857959411290E-17, 0.2000000000000000111 ) ) ;
#2326 = ORIENTED_EDGE ( 'NONE', *, *, #1057, .T. ) ;
#2327 = CARTESIAN_POINT ( 'NONE',  ( -0.2141606747778471709, 0.1418357553749494127, -0.1975242476807885228 ) ) ;
#2328 = EDGE_CURVE ( 'NONE', #2364, #2483, #2077, .T. ) ;
#2329 = VERTEX_POINT ( 'NONE', #1598 ) ;
#2330 = ORIENTED_EDGE ( 'NONE', *, *, #61, .T. ) ;
#2331 = DIRECTION ( 'NONE',  ( -0.3749599945324801342, -0.9270409928909305597, 0.000000000000000000 ) ) ;
#2332 = DIRECTION ( 'NONE',  ( 0.000000000000000000, 0.9998476951563912696, -0.01745240643727616336 ) ) ;
#2333 = VECTOR ( 'NONE', #2624, 39.37007874015748143 ) ;
#2334 = VERTEX_POINT ( 'NONE', #4 ) ;
#2335 = LINE ( 'NONE', #874, #931 ) ;
#2336 = LINE ( 'NONE', #2554, #1098 ) ;
#2337 = ADVANCED_FACE ( 'NONE', ( #2513 ), #1806, .F. ) ;
#2338 = CARTESIAN_POINT ( 'NONE',  ( -0.2500000000000000555, 0.1200000000000000511, -0.02400000000000000397 ) ) ;
#2339 = ORIENTED_EDGE ( 'NONE', *, *, #2064, .F. ) ;
#2340 = CARTESIAN_POINT ( 'NONE',  ( -0.2870816397156372157, 0.1099983997812992442, 0.01599999999999999686 ) ) ;
#2341 = LINE ( 'NONE', #259, #658 ) ;
#2342 = CARTESIAN_POINT ( 'NONE',  ( -0.2500000000000000555, 0.1350000000000000089, -0.02400000000000000397 ) ) ;
#2343 = ORIENTED_EDGE ( 'NONE', *, *, #196, .F. ) ;
#2344 = ORIENTED_EDGE ( 'NONE', *, *, #2235, .F. ) ;
#2345 = DIRECTION ( 'NONE',  ( -0.000000000000000000, -0.000000000000000000, -1.000000000000000000 ) ) ;
#2346 = DIRECTION ( 'NONE',  ( -0.000000000000000000, -0.000000000000000000, -1.000000000000000000 ) ) ;
#2347 = EDGE_CURVE ( 'NONE', #398, #838, #197, .T. ) ;
#2348 = VERTEX_POINT ( 'NONE', #2963 ) ;
#2349 = DIRECTION ( 'NONE',  ( -0.9270409928909305597, 0.3749599945324799677, 0.000000000000000000 ) ) ;
#2350 = EDGE_CURVE ( 'NONE', #1441, #547, #895, .T. ) ;
#2351 = LINE ( 'NONE', #482, #180 ) ;
#2352 = ADVANCED_FACE ( 'NONE', ( #1137 ), #665, .F. ) ;
#2353 = EDGE_CURVE ( 'NONE', #654, #2868, #453, .T. ) ;
#2354 = ORIENTED_EDGE ( 'NONE', *, *, #785, .F. ) ;
#2355 = DIRECTION ( 'NONE',  ( 0.000000000000000000, -1.000000000000000000, 0.000000000000000000 ) ) ;
#2356 = CARTESIAN_POINT ( 'NONE',  ( 0.3750000000000001110, 0.6740520811598980089, -0.1999999999999999833 ) ) ;
#2357 = AXIS2_PLACEMENT_3D ( 'NONE', #1492, #22, #2410 ) ;
#2358 = ORIENTED_EDGE ( 'NONE', *, *, #1594, .F. ) ;
#2359 = VECTOR ( 'NONE', #1030, 39.37007874015748143 ) ;
#2360 = SURFACE_STYLE_USAGE ( .BOTH. , #1186 ) ;
#2361 = CARTESIAN_POINT ( 'NONE',  ( -0.2150000000000000244, 0.1350000000000000089, 0.2000000000000000111 ) ) ;
#2362 = ADVANCED_FACE ( 'NONE', ( #1700 ), #19, .T. ) ;
#2363 = VECTOR ( 'NONE', #1113, 39.37007874015748143 ) ;
#2364 = VERTEX_POINT ( 'NONE', #2841 ) ;
#2365 = LINE ( 'NONE', #2155, #2829 ) ;
#2366 = VECTOR ( 'NONE', #793, 39.37007874015748143 ) ;
#2367 = ADVANCED_FACE ( 'NONE', ( #1683 ), #308, .F. ) ;
#2368 = LINE ( 'NONE', #1898, #1644 ) ;
#2369 = CLOSED_SHELL ( 'NONE', ( #1597, #2600, #1861, #815, #2840, #282, #1268, #2045, #699, #461, #932, #1693, #1002, #735, #2614, #1808, #2586, #32 ) ) ;
#2370 = LINE ( 'NONE', #2817, #1478 ) ;
#2371 = CARTESIAN_POINT ( 'NONE',  ( -0.2150000000000000244, 0.1350000000000000089, -0.02400000000000000397 ) ) ;
#2372 = EDGE_CURVE ( 'NONE', #682, #643, #2368, .T. ) ;
#2373 = ORIENTED_EDGE ( 'NONE', *, *, #474, .T. ) ;
#2374 = EDGE_CURVE ( 'NONE', #1007, #1018, #35, .T. ) ;
#2375 = AXIS2_PLACEMENT_3D ( 'NONE', #9, #901, #1848 ) ;
#2376 = LINE ( 'NONE', #1894, #1483 ) ;
#2377 = DIRECTION ( 'NONE',  ( -0.9270409928909305597, 0.3749599945324799677, 0.000000000000000000 ) ) ;
#2378 = CARTESIAN_POINT ( 'NONE',  ( -0.3750000000000001110, 2.134256245050205639E-17, -0.08400000000000001910 ) ) ;
#2379 = AXIS2_PLACEMENT_3D ( 'NONE', #1322, #1783, #1039 ) ;
#2380 = ORIENTED_EDGE ( 'NONE', *, *, #389, .T. ) ;
#2381 = LINE ( 'NONE', #537, #1105 ) ;
#2382 = LINE ( 'NONE', #72, #2508 ) ;
#2383 = AXIS2_PLACEMENT_3D ( 'NONE', #2671, #351, #1276 ) ;
#2384 = CARTESIAN_POINT ( 'NONE',  ( -0.3031335051482345611, 0.07031219995899358477, -0.02400000000000000397 ) ) ;
#2385 = DIRECTION ( 'NONE',  ( 1.000000000000000000, 0.000000000000000000, 0.000000000000000000 ) ) ;
#2386 = EDGE_LOOP ( 'NONE', ( #1003, #1762, #1654, #491 ) ) ;
#2387 = ORIENTED_EDGE ( 'NONE', *, *, #2043, .T. ) ;
#2388 = CARTESIAN_POINT ( 'NONE',  ( 0.08300000000000015699, 0.05000000000000002359, 0.1639999999999999791 ) ) ;
#2389 = FACE_OUTER_BOUND ( 'NONE', #2121, .T. ) ;
#2390 =( LENGTH_UNIT ( ) NAMED_UNIT ( * ) SI_UNIT ( $, .METRE. ) );
#2391 = EDGE_CURVE ( 'NONE', #2632, #2194, #255, .T. ) ;
#2392 = ORIENTED_EDGE ( 'NONE', *, *, #414, .T. ) ;
#2393 = LINE ( 'NONE', #1191, #2268 ) ;
#2394 = DIRECTION ( 'NONE',  ( -0.000000000000000000, -0.000000000000000000, -1.000000000000000000 ) ) ;
#2395 = EDGE_CURVE ( 'NONE', #1353, #1243, #1431, .T. ) ;
#2396 = CARTESIAN_POINT ( 'NONE',  ( -0.3423613954031050621, -8.537024980200822558E-18, 0.1160000000000000059 ) ) ;
#2397 = VERTEX_POINT ( 'NONE', #540 ) ;
#2398 = AXIS2_PLACEMENT_3D ( 'NONE', #1727, #2394, #325 ) ;
#2399 = LINE ( 'NONE', #2858, #2639 ) ;
#2400 = LINE ( 'NONE', #105, #980 ) ;
#2401 = ORIENTED_EDGE ( 'NONE', *, *, #508, .T. ) ;
#2402 = EDGE_CURVE ( 'NONE', #2996, #2863, #1875, .T. ) ;
#2403 = ORIENTED_EDGE ( 'NONE', *, *, #2781, .F. ) ;
#2404 = DIRECTION ( 'NONE',  ( -8.537024980200824776E-16, 0.000000000000000000, -1.000000000000000000 ) ) ;
#2405 = EDGE_CURVE ( 'NONE', #643, #1435, #2351, .T. ) ;
#2406 = AXIS2_PLACEMENT_3D ( 'NONE', #1107, #2006, #15 ) ;
#2407 = VERTEX_POINT ( 'NONE', #2823 ) ;
#2408 = AXIS2_PLACEMENT_3D ( 'NONE', #501, #2161, #1433 ) ;
#2409 = LINE ( 'NONE', #763, #954 ) ;
#2410 = DIRECTION ( 'NONE',  ( -1.000000000000000000, 0.000000000000000000, 0.000000000000000000 ) ) ;
#2411 = VECTOR ( 'NONE', #807, 39.37007874015748143 ) ;
#2412 = VECTOR ( 'NONE', #1645, 39.37007874015748143 ) ;
#2413 = DIRECTION ( 'NONE',  ( 0.000000000000000000, 0.000000000000000000, 1.000000000000000000 ) ) ;
#2414 = DIRECTION ( 'NONE',  ( -1.000000000000000000, 0.000000000000000000, 0.000000000000000000 ) ) ;
#2415 = LINE ( 'NONE', #789, #446 ) ;
#2416 = ORIENTED_EDGE ( 'NONE', *, *, #1094, .T. ) ;
#2417 = SURFACE_STYLE_FILL_AREA ( #1950 ) ;
#2418 = CARTESIAN_POINT ( 'NONE',  ( -0.2500000000000000555, 0.09500000000000005662, -0.08400000000000001910 ) ) ;
#2419 = CARTESIAN_POINT ( 'NONE',  ( -0.2150000000000000244, 0.1350000000000000089, -0.07600000000000002587 ) ) ;
#2420 = VERTEX_POINT ( 'NONE', #46 ) ;
#2421 = ORIENTED_EDGE ( 'NONE', *, *, #254, .T. ) ;
#2422 = CYLINDRICAL_SURFACE ( 'NONE', #2357, 0.02499999999999997363 ) ;
#2423 = PLANE ( 'NONE',  #1242 ) ;
#2424 = ADVANCED_FACE ( 'NONE', ( #1206 ), #2598, .T. ) ;
#2425 = CARTESIAN_POINT ( 'NONE',  ( -0.3191853705808318509, 0.03062600013668795654, -0.08400000000000001910 ) ) ;
#2426 = DIRECTION ( 'NONE',  ( 1.000000000000000000, 0.000000000000000000, -0.000000000000000000 ) ) ;
#2427 = AXIS2_PLACEMENT_3D ( 'NONE', #820, #560, #1759 ) ;
#2428 = ORIENTED_EDGE ( 'NONE', *, *, #2138, .T. ) ;
#2429 = LINE ( 'NONE', #1070, #2411 ) ;
#2430 = DIRECTION ( 'NONE',  ( -3.595569028556173674E-19, -1.000000000000000000, 0.000000000000000000 ) ) ;
#2431 = DIRECTION ( 'NONE',  ( 1.000000000000000000, 0.000000000000000000, 0.000000000000000000 ) ) ;
#2432 = CARTESIAN_POINT ( 'NONE',  ( -0.1902808356220712649, 0.1850000000000000533, -0.1024955436720149382 ) ) ;
#2433 = VERTEX_POINT ( 'NONE', #726 ) ;
#2434 = VERTEX_POINT ( 'NONE', #1218 ) ;
#2435 = CARTESIAN_POINT ( 'NONE',  ( -0.2150000000000000244, 0.1200000000000000511, -0.02400000000000000397 ) ) ;
#2436 = EDGE_CURVE ( 'NONE', #2855, #1018, #738, .T. ) ;
#2437 = CARTESIAN_POINT ( 'NONE',  ( -0.2500000000000000555, 0.09500000000000005662, 0.01599999999999999686 ) ) ;
#2438 = EDGE_CURVE ( 'NONE', #1378, #1222, #1406, .T. ) ;
#2439 = EDGE_CURVE ( 'NONE', #1395, #211, #524, .T. ) ;
#2440 = PLANE ( 'NONE',  #2572 ) ;
#2441 = EDGE_LOOP ( 'NONE', ( #829, #2861 ) ) ;
#2442 = DIRECTION ( 'NONE',  ( -1.000000000000000000, 0.000000000000000000, 0.000000000000000000 ) ) ;
#2443 = ORIENTED_EDGE ( 'NONE', *, *, #102, .F. ) ;
#2444 = CARTESIAN_POINT ( 'NONE',  ( -0.3052797556874679019, 0.02500160021870078894, -0.01599999999999999686 ) ) ;
#2445 =( CONVERSION_BASED_UNIT ( 'INCH', #1055 ) LENGTH_UNIT ( ) NAMED_UNIT ( #2300 ) );
#2446 = LINE ( 'NONE', #1965, #485 ) ;
#2447 = ORIENTED_EDGE ( 'NONE', *, *, #2042, .F. ) ;
#2448 = ORIENTED_EDGE ( 'NONE', *, *, #1064, .T. ) ;
#2449 = EDGE_CURVE ( 'NONE', #1311, #2550, #2573, .T. ) ;
#2450 = CARTESIAN_POINT ( 'NONE',  ( -0.3423613954031050621, -8.537024980200822558E-18, 0.01599999999999999686 ) ) ;
#2451 = VECTOR ( 'NONE', #2952, 39.37007874015748143 ) ;
#2452 = DIRECTION ( 'NONE',  ( 0.000000000000000000, 1.000000000000000000, 0.000000000000000000 ) ) ;
#2453 = PRESENTATION_LAYER_ASSIGNMENT (  '', '', ( #751 ) ) ;
#2454 = AXIS2_PLACEMENT_3D ( 'NONE', #284, #57, #2556 ) ;
#2455 = FILL_AREA_STYLE ('',( #2922 ) ) ;
#2456 = DIRECTION ( 'NONE',  ( -1.000000000000000000, 6.539054813799368638E-16, 0.000000000000000000 ) ) ;
#2457 = VECTOR ( 'NONE', #1321, 39.37007874015748854 ) ;
#2458 = VERTEX_POINT ( 'NONE', #1420 ) ;
#2459 = FACE_OUTER_BOUND ( 'NONE', #250, .T. ) ;
#2460 = DIRECTION ( 'NONE',  ( 1.000000000000000000, 0.000000000000000000, -0.000000000000000000 ) ) ;
#2461 = CARTESIAN_POINT ( 'NONE',  ( -0.2892278902548706121, 0.06468780004100638248, -0.08400000000000001910 ) ) ;
#2462 = DIRECTION ( 'NONE',  ( -0.000000000000000000, -0.000000000000000000, -1.000000000000000000 ) ) ;
#2463 = VERTEX_POINT ( 'NONE', #2157 ) ;
#2464 = CLOSED_SHELL ( 'NONE', ( #1511, #1501, #2805, #521 ) ) ;
#2465 = PLANE ( 'NONE',  #1982 ) ;
#2466 = CARTESIAN_POINT ( 'NONE',  ( 0.3750000000000001110, 0.05000000000000000971, 0.1999999999999999833 ) ) ;
#2467 = AXIS2_PLACEMENT_3D ( 'NONE', #1915, #719, #1183 ) ;
#2468 = FACE_OUTER_BOUND ( 'NONE', #1626, .T. ) ;
#2469 = AXIS2_PLACEMENT_3D ( 'NONE', #2361, #779, #534 ) ;
#2470 = LINE ( 'NONE', #104, #369 ) ;
#2471 = LINE ( 'NONE', #1776, #493 ) ;
#2472 = EDGE_CURVE ( 'NONE', #347, #1007, #2382, .T. ) ;
#2473 = ORIENTED_EDGE ( 'NONE', *, *, #1873, .F. ) ;
#2474 = DIRECTION ( 'NONE',  ( 0.3749599945324800232, 0.9270409928909306707, -0.000000000000000000 ) ) ;
#2475 = LINE ( 'NONE', #1156, #920 ) ;
#2476 = PLANE ( 'NONE',  #373 ) ;
#2477 = CARTESIAN_POINT ( 'NONE',  ( 0.08300000000000018474, 0.05000000000000002359, -0.1640000000000000346 ) ) ;
#2478 = ORIENTED_EDGE ( 'NONE', *, *, #1176, .F. ) ;
#2479 = ADVANCED_FACE ( 'NONE', ( #1194 ), #2132, .F. ) ;
#2480 = DIRECTION ( 'NONE',  ( 0.000000000000000000, 0.000000000000000000, 1.000000000000000000 ) ) ;
#2481 = LINE ( 'NONE', #1572, #1963 ) ;
#2482 = EDGE_LOOP ( 'NONE', ( #1502, #228, #2309, #1678 ) ) ;
#2483 = VERTEX_POINT ( 'NONE', #2585 ) ;
#2484 = CARTESIAN_POINT ( 'NONE',  ( -0.2090758658662917602, 0.006960786838277899409, -0.1998784990137864870 ) ) ;
#2485 = CARTESIAN_POINT ( 'NONE',  ( -0.2500000000000000555, 0.09500000000000005662, -0.1240000000000000130 ) ) ;
#2486 = DIRECTION ( 'NONE',  ( -0.000000000000000000, -0.000000000000000000, -1.000000000000000000 ) ) ;
#2487 = VERTEX_POINT ( 'NONE', #509 ) ;
#2488 = DIRECTION ( 'NONE',  ( -0.000000000000000000, -0.000000000000000000, -1.000000000000000000 ) ) ;
#2489 = DIRECTION ( 'NONE',  ( -3.595569028556172711E-19, -1.000000000000000000, 3.858525308272287961E-36 ) ) ;
#2490 = DIRECTION ( 'NONE',  ( -1.000000000000000000, 3.595569028556172711E-19, 0.000000000000000000 ) ) ;
#2491 = CARTESIAN_POINT ( 'NONE',  ( 0.1895000000000001128, 0.6740520811598980089, 9.246083333562514730E-18 ) ) ;
#2492 = VERTEX_POINT ( 'NONE', #2145 ) ;
#2493 = CIRCLE ( 'NONE', #164, 0.03999999999999995226 ) ;
#2494 = CARTESIAN_POINT ( 'NONE',  ( 0.08300000000000015699, 0.6740520811598980089, 0.1639999999999999791 ) ) ;
#2495 = PLANE ( 'NONE',  #526 ) ;
#2496 = ORIENTED_EDGE ( 'NONE', *, *, #458, .T. ) ;
#2497 = VERTEX_POINT ( 'NONE', #2628 ) ;
#2498 = LINE ( 'NONE', #2527, #2363 ) ;
#2499 = VECTOR ( 'NONE', #2486, 39.37007874015748143 ) ;
#2500 = COLOUR_RGB ( '',0.7960784313725489669, 0.8235294117647058432, 0.9372549019607843146 ) ;
#2501 = FILL_AREA_STYLE ('',( #1166 ) ) ;
#2502 = ORIENTED_EDGE ( 'NONE', *, *, #2781, .T. ) ;
#2503 = FACE_OUTER_BOUND ( 'NONE', #2555, .T. ) ;
#2504 = VECTOR ( 'NONE', #1821, 39.37007874015748143 ) ;
#2505 = ORIENTED_EDGE ( 'NONE', *, *, #918, .F. ) ;
#2506 = CARTESIAN_POINT ( 'NONE',  ( -0.2150000000000000244, 0.1200000000000000511, 0.1239999999999999991 ) ) ;
#2507 = DIRECTION ( 'NONE',  ( 6.539054813799368638E-16, 1.000000000000000000, -0.000000000000000000 ) ) ;
#2508 = VECTOR ( 'NONE', #270, 39.37007874015748143 ) ;
#2509 = ORIENTED_EDGE ( 'NONE', *, *, #61, .F. ) ;
#2510 = CARTESIAN_POINT ( 'NONE',  ( -0.3750000000000001110, 0.01499999999999998036, -0.01599999999999999686 ) ) ;
#2511 = ORIENTED_EDGE ( 'NONE', *, *, #16, .T. ) ;
#2512 = DIRECTION ( 'NONE',  ( 0.000000000000000000, 0.000000000000000000, 1.000000000000000000 ) ) ;
#2513 = FACE_OUTER_BOUND ( 'NONE', #1390, .T. ) ;
#2514 = ORIENTED_EDGE ( 'NONE', *, *, #1773, .T. ) ;
#2515 = CYLINDRICAL_SURFACE ( 'NONE', #951, 0.03999999999999998002 ) ;
#2516 = AXIS2_PLACEMENT_3D ( 'NONE', #188, #2944, #872 ) ;
#2517 = ORIENTED_EDGE ( 'NONE', *, *, #2539, .F. ) ;
#2518 = EDGE_LOOP ( 'NONE', ( #991, #354, #2320, #1918 ) ) ;
#2519 = CARTESIAN_POINT ( 'NONE',  ( -0.2870816397156372157, 0.1099983997812992442, -0.1240000000000000130 ) ) ;
#2520 = CARTESIAN_POINT ( 'NONE',  ( 0.1249999999999999584, 0.05000000000000002359, 0.1439999999999999891 ) ) ;
#2521 = ORIENTED_EDGE ( 'NONE', *, *, #2660, .T. ) ;
#2522 = VECTOR ( 'NONE', #1522, 39.37007874015748143 ) ;
#2523 = LINE ( 'NONE', #2050, #673 ) ;
#2524 = ORIENTED_EDGE ( 'NONE', *, *, #2530, .F. ) ;
#2525 = ORIENTED_EDGE ( 'NONE', *, *, #2166, .T. ) ;
#2526 = EDGE_CURVE ( 'NONE', #123, #1355, #2233, .T. ) ;
#2527 = CARTESIAN_POINT ( 'NONE',  ( -0.3423613954031050621, 0.01499999999999995955, 0.01599999999999999686 ) ) ;
#2528 = DIRECTION ( 'NONE',  ( 0.000000000000000000, 1.000000000000000000, 0.000000000000000000 ) ) ;
#2529 = VERTEX_POINT ( 'NONE', #146 ) ;
#2530 = EDGE_CURVE ( 'NONE', #838, #1441, #2215, .T. ) ;
#2531 = CARTESIAN_POINT ( 'NONE',  ( -0.2150000000000000244, 0.1200000000000000372, -0.1979053922086147499 ) ) ;
#2532 = ORIENTED_EDGE ( 'NONE', *, *, #2436, .F. ) ;
#2533 = LINE ( 'NONE', #2989, #367 ) ;
#2534 = LINE ( 'NONE', #457, #2606 ) ;
#2535 = ORIENTED_EDGE ( 'NONE', *, *, #1677, .T. ) ;
#2536 = DIRECTION ( 'NONE',  ( -0.000000000000000000, -0.000000000000000000, -1.000000000000000000 ) ) ;
#2537 = FACE_OUTER_BOUND ( 'NONE', #1509, .T. ) ;
#2538 = VECTOR ( 'NONE', #1816, 39.37007874015748143 ) ;
#2539 = EDGE_CURVE ( 'NONE', #211, #2803, #1477, .T. ) ;
#2540 = ORIENTED_EDGE ( 'NONE', *, *, #2793, .F. ) ;
#2541 = CARTESIAN_POINT ( 'NONE',  ( 0.08300000000000014311, -2.984322293701629465E-20, 0.1439999999999999891 ) ) ;
#2542 = ORIENTED_EDGE ( 'NONE', *, *, #2824, .T. ) ;
#2543 = CYLINDRICAL_SURFACE ( 'NONE', #555, 0.07549999999999998379 ) ;
#2544 = AXIS2_PLACEMENT_3D ( 'NONE', #2806, #1463, #39 ) ;
#2545 = ORIENTED_EDGE ( 'NONE', *, *, #297, .F. ) ;
#2546 = CARTESIAN_POINT ( 'NONE',  ( -0.3423613954031050621, 0.000000000000000000, 0.01599999999999999686 ) ) ;
#2547 = VECTOR ( 'NONE', #134, 39.37007874015748143 ) ;
#2548 = CARTESIAN_POINT ( 'NONE',  ( -0.2892278902548706121, 0.06468780004100638248, 0.02399999999999998662 ) ) ;
#2549 = ORIENTED_EDGE ( 'NONE', *, *, #786, .T. ) ;
#2550 = VERTEX_POINT ( 'NONE', #1714 ) ;
#2551 = VECTOR ( 'NONE', #1000, 39.37007874015748143 ) ;
#2552 = DIRECTION ( 'NONE',  ( 1.000000000000000000, -0.000000000000000000, -0.000000000000000000 ) ) ;
#2553 = EDGE_CURVE ( 'NONE', #1741, #487, #614, .T. ) ;
#2554 = CARTESIAN_POINT ( 'NONE',  ( -0.2892278902548706121, 0.06468780004100638248, 0.1239999999999999991 ) ) ;
#2555 = EDGE_LOOP ( 'NONE', ( #535, #1504, #1627, #773 ) ) ;
#2556 = DIRECTION ( 'NONE',  ( 0.000000000000000000, 0.000000000000000000, 1.000000000000000000 ) ) ;
#2557 = ORIENTED_EDGE ( 'NONE', *, *, #330, .T. ) ;
#2558 = LINE ( 'NONE', #2869, #1577 ) ;
#2559 = ORIENTED_EDGE ( 'NONE', *, *, #2576, .T. ) ;
#2560 = CARTESIAN_POINT ( 'NONE',  ( -0.2870816397156372157, 0.1099983997812992442, 0.1239999999999999991 ) ) ;
#2561 = DIRECTION ( 'NONE',  ( 0.9986295347545739443, 0.05233595624294458404, -0.000000000000000000 ) ) ;
#2562 = EDGE_CURVE ( 'NONE', #1243, #2487, #861, .T. ) ;
#2563 = ORIENTED_EDGE ( 'NONE', *, *, #1404, .T. ) ;
#2564 = ORIENTED_EDGE ( 'NONE', *, *, #826, .T. ) ;
#2565 = FACE_OUTER_BOUND ( 'NONE', #842, .T. ) ;
#2566 = CARTESIAN_POINT ( 'NONE',  ( -0.2500000000000000555, 0.1350000000000000089, -0.08400000000000001910 ) ) ;
#2567 = EDGE_CURVE ( 'NONE', #1908, #654, #1514, .T. ) ;
#2568 = ORIENTED_EDGE ( 'NONE', *, *, #2660, .F. ) ;
#2569 = ADVANCED_FACE ( 'NONE', ( #2468 ), #2904, .T. ) ;
#2570 = EDGE_CURVE ( 'NONE', #123, #398, #1926, .T. ) ;
#2571 = CARTESIAN_POINT ( 'NONE',  ( -0.2892278902548706121, 0.06468780004100638248, 0.01599999999999999686 ) ) ;
#2572 = AXIS2_PLACEMENT_3D ( 'NONE', #1286, #1481, #2426 ) ;
#2573 = LINE ( 'NONE', #499, #323 ) ;
#2574 = ORIENTED_EDGE ( 'NONE', *, *, #508, .F. ) ;
#2575 = ORIENTED_EDGE ( 'NONE', *, *, #66, .F. ) ;
#2576 = EDGE_CURVE ( 'NONE', #2964, #1929, #1772, .T. ) ;
#2577 = LINE ( 'NONE', #1196, #465 ) ;
#2578 = LINE ( 'NONE', #1422, #731 ) ;
#2579 = ORIENTED_EDGE ( 'NONE', *, *, #1239, .T. ) ;
#2580 = LINE ( 'NONE', #1424, #56 ) ;
#2581 = CARTESIAN_POINT ( 'NONE',  ( 0.1249999999999999584, 0.05000000000000002359, 0.2000000000000000111 ) ) ;
#2582 = EDGE_CURVE ( 'NONE', #1401, #917, #2662, .T. ) ;
#2583 = LINE ( 'NONE', #781, #563 ) ;
#2584 = ADVANCED_FACE ( 'NONE', ( #2176 ), #1942, .F. ) ;
#2585 = CARTESIAN_POINT ( 'NONE',  ( -0.2870816397156372157, 0.1099983997812992442, -0.1240000000000000130 ) ) ;
#2586 = ADVANCED_FACE ( 'NONE', ( #2856 ), #2423, .F. ) ;
#2587 = ORIENTED_EDGE ( 'NONE', *, *, #1088, .F. ) ;
#2588 = VERTEX_POINT ( 'NONE', #1252 ) ;
#2589 = DIRECTION ( 'NONE',  ( -1.000000000000000000, 0.000000000000000000, 0.000000000000000000 ) ) ;
#2590 = CARTESIAN_POINT ( 'NONE',  ( -0.3423613954031050621, 0.01499999999999995955, -0.08400000000000001910 ) ) ;
#2591 = EDGE_LOOP ( 'NONE', ( #2765, #1359, #336, #1617 ) ) ;
#2592 = PRESENTATION_LAYER_ASSIGNMENT (  '', '', ( #953 ) ) ;
#2593 = FACE_OUTER_BOUND ( 'NONE', #845, .T. ) ;
#2594 = CARTESIAN_POINT ( 'NONE',  ( -0.2500000000000000555, 0.09500000000000005662, 0.1160000000000000059 ) ) ;
#2595 = VECTOR ( 'NONE', #573, 39.37007874015748143 ) ;
#2596 = VERTEX_POINT ( 'NONE', #1743 ) ;
#2597 = LINE ( 'NONE', #1428, #1068 ) ;
#2598 = PLANE ( 'NONE',  #43 ) ;
#2599 = VECTOR ( 'NONE', #1559, 39.37007874015748143 ) ;
#2600 = ADVANCED_FACE ( 'NONE', ( #1757 ), #598, .F. ) ;
#2601 = FACE_OUTER_BOUND ( 'NONE', #360, .T. ) ;
#2602 = CARTESIAN_POINT ( 'NONE',  ( 0.3750000000000001110, -1.348338385708565429E-19, 0.1999999999999999833 ) ) ;
#2603 = ORIENTED_EDGE ( 'NONE', *, *, #157, .F. ) ;
#2604 = VERTEX_POINT ( 'NONE', #101 ) ;
#2605 = EDGE_CURVE ( 'NONE', #2529, #2334, #1496, .T. ) ;
#2606 = VECTOR ( 'NONE', #1385, 39.37007874015748143 ) ;
#2607 = DIRECTION ( 'NONE',  ( -0.000000000000000000, -0.000000000000000000, -1.000000000000000000 ) ) ;
#2608 = CARTESIAN_POINT ( 'NONE',  ( -0.3750000000000001110, 0.01499999999999998036, -0.1160000000000000059 ) ) ;
#2609 =( CONVERSION_BASED_UNIT ( 'INCH', #1907 ) LENGTH_UNIT ( ) NAMED_UNIT ( #1835 ) );
#2610 = VECTOR ( 'NONE', #1201, 39.37007874015748854 ) ;
#2611 = VERTEX_POINT ( 'NONE', #374 ) ;
#2612 = CARTESIAN_POINT ( 'NONE',  ( 0.3750000000000001110, -1.348338385708565429E-19, 0.1999999999999999833 ) ) ;
#2613 = DIRECTION ( 'NONE',  ( -1.000000000000000000, 6.539054813799368638E-16, 0.000000000000000000 ) ) ;
#2614 = ADVANCED_FACE ( 'NONE', ( #129 ), #1029, .F. ) ;
#2615 = DIRECTION ( 'NONE',  ( 8.537024980200811957E-16, 0.000000000000000000, -1.000000000000000000 ) ) ;
#2616 = EDGE_CURVE ( 'NONE', #2434, #2407, #1536, .T. ) ;
#2617 = ORIENTED_EDGE ( 'NONE', *, *, #1094, .F. ) ;
#2618 = EDGE_CURVE ( 'NONE', #1929, #2550, #179, .T. ) ;
#2619 = LINE ( 'NONE', #1891, #2980 ) ;
#2620 = PLANE ( 'NONE',  #2665 ) ;
#2621 = VERTEX_POINT ( 'NONE', #2734 ) ;
#2622 = CARTESIAN_POINT ( 'NONE',  ( -0.3750000000000001110, 0.01499999999999998036, -0.08400000000000001910 ) ) ;
#2623 = LINE ( 'NONE', #2865, #128 ) ;
#2624 = DIRECTION ( 'NONE',  ( -1.000000000000000000, 3.595569028556172711E-19, 0.000000000000000000 ) ) ;
#2625 = EDGE_LOOP ( 'NONE', ( #1273, #2603, #221, #331, #310, #2670, #1409, #1826 ) ) ;
#2626 = DIRECTION ( 'NONE',  ( 0.000000000000000000, 1.000000000000000000, 0.000000000000000000 ) ) ;
#2627 = FACE_OUTER_BOUND ( 'NONE', #1839, .T. ) ;
#2628 = CARTESIAN_POINT ( 'NONE',  ( -0.3031335051482345611, 0.07031219995899358477, 0.1239999999999999991 ) ) ;
#2629 = VECTOR ( 'NONE', #1697, 39.37007874015748143 ) ;
#2630 = DIRECTION ( 'NONE',  ( -3.595569028556173674E-19, -1.000000000000000000, 0.000000000000000000 ) ) ;
#2631 = PLANE ( 'NONE',  #1752 ) ;
#2632 = VERTEX_POINT ( 'NONE', #1789 ) ;
#2633 = VECTOR ( 'NONE', #1632, 39.37007874015748854 ) ;
#2634 = CARTESIAN_POINT ( 'NONE',  ( 0.3405000000000000804, 0.6740520811598980089, 0.000000000000000000 ) ) ;
#2635 = LINE ( 'NONE', #1722, #2323 ) ;
#2636 = LINE ( 'NONE', #2686, #1744 ) ;
#2637 = VECTOR ( 'NONE', #2613, 39.37007874015748143 ) ;
#2638 = ORIENTED_EDGE ( 'NONE', *, *, #984, .F. ) ;
#2639 = VECTOR ( 'NONE', #961, 39.37007874015748143 ) ;
#2640 = EDGE_CURVE ( 'NONE', #2863, #2070, #2022, .T. ) ;
#2641 = VERTEX_POINT ( 'NONE', #697 ) ;
#2642 = CARTESIAN_POINT ( 'NONE',  ( -0.3423613954031050621, 0.01499999999999995955, -0.1160000000000000059 ) ) ;
#2643 = AXIS2_PLACEMENT_3D ( 'NONE', #2813, #280, #1503 ) ;
#2644 = AXIS2_PLACEMENT_3D ( 'NONE', #2485, #2297, #2949 ) ;
#2645 = DIRECTION ( 'NONE',  ( -0.3749599945324801342, -0.9270409928909305597, 0.000000000000000000 ) ) ;
#2646 = SURFACE_SIDE_STYLE ('',( #802 ) ) ;
#2647 = LINE ( 'NONE', #329, #2953 ) ;
#2648 = ORIENTED_EDGE ( 'NONE', *, *, #1993, .F. ) ;
#2649 = CARTESIAN_POINT ( 'NONE',  ( -0.3031335051482345611, 0.07031219995899358477, -0.07600000000000002587 ) ) ;
#2650 = ORIENTED_EDGE ( 'NONE', *, *, #2562, .T. ) ;
#2651 = PLANE ( 'NONE',  #295 ) ;
#2652 = EDGE_CURVE ( 'NONE', #211, #564, #388, .T. ) ;
#2653 = LINE ( 'NONE', #1101, #477 ) ;
#2654 = LINE ( 'NONE', #1260, #2094 ) ;
#2655 = ORIENTED_EDGE ( 'NONE', *, *, #145, .T. ) ;
#2656 = ORIENTED_EDGE ( 'NONE', *, *, #2971, .T. ) ;
#2657 = VECTOR ( 'NONE', #567, 39.37007874015748143 ) ;
#2658 = DIRECTION ( 'NONE',  ( -0.000000000000000000, -0.000000000000000000, -1.000000000000000000 ) ) ;
#2659 = EDGE_CURVE ( 'NONE', #2808, #626, #1841, .T. ) ;
#2660 = EDGE_CURVE ( 'NONE', #443, #2926, #1834, .T. ) ;
#2661 = EDGE_CURVE ( 'NONE', #1018, #2463, #2249, .T. ) ;
#2662 = LINE ( 'NONE', #557, #716 ) ;
#2663 =( CONVERSION_BASED_UNIT ( 'INCH', #1298 ) LENGTH_UNIT ( ) NAMED_UNIT ( #2752 ) );
#2664 = CARTESIAN_POINT ( 'NONE',  ( -0.2870816397156372157, 0.1099983997812992442, 0.1160000000000000059 ) ) ;
#2665 = AXIS2_PLACEMENT_3D ( 'NONE', #544, #2180, #1464 ) ;
#2666 = VECTOR ( 'NONE', #2322, 39.37007874015748143 ) ;
#2667 = EDGE_CURVE ( 'NONE', #398, #2021, #1595, .T. ) ;
#2668 = ORIENTED_EDGE ( 'NONE', *, *, #2680, .T. ) ;
#2669 = CARTESIAN_POINT ( 'NONE',  ( -0.1675579322638146573, 0.1850000000000000533, -0.1024955436720149382 ) ) ;
#2670 = ORIENTED_EDGE ( 'NONE', *, *, #1064, .F. ) ;
#2671 = CARTESIAN_POINT ( 'NONE',  ( 0.1084240842781077768, 0.1850000000000000810, 0.2000000000000000111 ) ) ;
#2672 = DIRECTION ( 'NONE',  ( 0.000000000000000000, 0.000000000000000000, 1.000000000000000000 ) ) ;
#2673 = FACE_OUTER_BOUND ( 'NONE', #2482, .T. ) ;
#2674 = ORIENTED_EDGE ( 'NONE', *, *, #867, .F. ) ;
#2675 = CARTESIAN_POINT ( 'NONE',  ( -0.3191853705808318509, 0.03062600013668795654, -0.1160000000000000059 ) ) ;
#2676 = DIRECTION ( 'NONE',  ( -3.595569028556173674E-19, -1.000000000000000000, 0.000000000000000000 ) ) ;
#2677 = DIRECTION ( 'NONE',  ( -0.000000000000000000, -0.000000000000000000, -1.000000000000000000 ) ) ;
#2678 = DIRECTION ( 'NONE',  ( 0.9270409928909305597, -0.3749599945324799677, 0.000000000000000000 ) ) ;
#2679 = DIRECTION ( 'NONE',  ( -0.000000000000000000, -0.000000000000000000, -1.000000000000000000 ) ) ;
#2680 = EDGE_CURVE ( 'NONE', #2163, #2181, #2498, .T. ) ;
#2681 = ORIENTED_EDGE ( 'NONE', *, *, #723, .T. ) ;
#2682 = CARTESIAN_POINT ( 'NONE',  ( -0.3031335051482345611, 0.07031219995899358477, -0.02400000000000000397 ) ) ;
#2683 = ORIENTED_EDGE ( 'NONE', *, *, #1495, .F. ) ;
#2684 = CARTESIAN_POINT ( 'NONE',  ( -0.2660518654325974008, 0.05531380017769439716, 0.08400000000000001910 ) ) ;
#2685 = CARTESIAN_POINT ( 'NONE',  ( 0.1249999999999999861, -4.494461285695215889E-20, -0.1440000000000000169 ) ) ;
#2686 = CARTESIAN_POINT ( 'NONE',  ( -0.2150000000000000244, 0.1350000000000000089, 0.1160000000000000059 ) ) ;
#2687 = ORIENTED_EDGE ( 'NONE', *, *, #610, .T. ) ;
#2688 = CARTESIAN_POINT ( 'NONE',  ( 0.1249999999999999584, 0.6740520811598980089, 0.1439999999999999891 ) ) ;
#2689 = CARTESIAN_POINT ( 'NONE',  ( 0.08300000000000018474, 0.6740520811598980089, -0.1640000000000000346 ) ) ;
#2690 = AXIS2_PLACEMENT_3D ( 'NONE', #248, #1847, #669 ) ;
#2691 = PRODUCT_DEFINITION_FORMATION_WITH_SPECIFIED_SOURCE ( 'ANY', '', #1554, .NOT_KNOWN. ) ;
#2692 = DIRECTION ( 'NONE',  ( 0.3749599945324795791, 0.9270409928909307817, 0.000000000000000000 ) ) ;
#2693 = EDGE_CURVE ( 'NONE', #913, #2632, #2295, .T. ) ;
#2694 = AXIS2_PLACEMENT_3D ( 'NONE', #973, #2815, #1668 ) ;
#2695 = DIRECTION ( 'NONE',  ( -0.9270409928909305597, 0.3749599945324799677, 0.000000000000000000 ) ) ;
#2696 = CARTESIAN_POINT ( 'NONE',  ( -0.2150000000000000244, 0.1200000000000000511, 0.1160000000000000059 ) ) ;
#2697 = AXIS2_PLACEMENT_3D ( 'NONE', #1796, #1506, #1085 ) ;
#2698 = EDGE_CURVE ( 'NONE', #1655, #1395, #438, .T. ) ;
#2699 = EDGE_LOOP ( 'NONE', ( #1159, #314, #1883, #2344 ) ) ;
#2700 = DIRECTION ( 'NONE',  ( -0.9270409928909305597, 0.3749599945324799677, 0.000000000000000000 ) ) ;
#2701 =( CONVERSION_BASED_UNIT ( 'INCH', #809 ) LENGTH_UNIT ( ) NAMED_UNIT ( #433 ) );
#2702 = CARTESIAN_POINT ( 'NONE',  ( 0.08300000000000014311, -2.984322293701629465E-20, 0.1439999999999999891 ) ) ;
#2703 = CARTESIAN_POINT ( 'NONE',  ( 0.1249999999999999584, 0.05000000000000000971, 0.2000000000000000111 ) ) ;
#2704 = ORIENTED_EDGE ( 'NONE', *, *, #1224, .F. ) ;
#2705 = ADVANCED_FACE ( 'NONE', ( #2084 ), #863, .T. ) ;
#2706 = CARTESIAN_POINT ( 'NONE',  ( -0.2150000000000000244, 0.1200000000000000233, 0.2000000000000000111 ) ) ;
#2707 = FACE_OUTER_BOUND ( 'NONE', #2827, .T. ) ;
#2708 = ORIENTED_EDGE ( 'NONE', *, *, #1445, .T. ) ;
#2709 = CARTESIAN_POINT ( 'NONE',  ( -0.2500000000000000555, 0.1200000000000000511, 0.1239999999999999991 ) ) ;
#2710 = MECHANICAL_DESIGN_GEOMETRIC_PRESENTATION_REPRESENTATION (  '', ( #143 ), #386 ) ;
#2711 = CARTESIAN_POINT ( 'NONE',  ( -0.2150000000000000244, 0.1350000000000000089, 0.02399999999999998662 ) ) ;
#2712 = CARTESIAN_POINT ( 'NONE',  ( -0.3423613954031050621, 0.03999999999999995226, -0.01599999999999999686 ) ) ;
#2713 = EDGE_CURVE ( 'NONE', #917, #1378, #1971, .T. ) ;
#2714 = ORIENTED_EDGE ( 'NONE', *, *, #234, .F. ) ;
#2715 = CARTESIAN_POINT ( 'NONE',  ( -0.2150000000000000244, 0.1350000000000000089, -0.08400000000000001910 ) ) ;
#2716 = CARTESIAN_POINT ( 'NONE',  ( -0.3750000000000001110, 0.01499999999999998036, 0.1160000000000000059 ) ) ;
#2717 = DIRECTION ( 'NONE',  ( -1.000000000000000000, 0.000000000000000000, 0.000000000000000000 ) ) ;
#2718 = FACE_OUTER_BOUND ( 'NONE', #974, .T. ) ;
#2719 = ORIENTED_EDGE ( 'NONE', *, *, #1551, .T. ) ;
#2720 = CARTESIAN_POINT ( 'NONE',  ( 0.3405000000000000804, 0.05000000000000000971, 0.000000000000000000 ) ) ;
#2721 = DIRECTION ( 'NONE',  ( -1.000000000000000000, 0.000000000000000000, 0.000000000000000000 ) ) ;
#2722 = ORIENTED_EDGE ( 'NONE', *, *, #1176, .T. ) ;
#2723 = CARTESIAN_POINT ( 'NONE',  ( -0.3052797556874679019, 0.02500160021870078894, 0.1160000000000000059 ) ) ;
#2724 = CARTESIAN_POINT ( 'NONE',  ( -0.2500000000000000555, 0.09500000000000005662, 0.01599999999999999686 ) ) ;
#2725 = EDGE_LOOP ( 'NONE', ( #2970, #1262, #1876, #2001, #1981, #1737, #2886, #1210 ) ) ;
#2726 = CARTESIAN_POINT ( 'NONE',  ( 0.1249999999999999861, -4.494461285695215889E-20, -0.1440000000000000169 ) ) ;
#2727 = CARTESIAN_POINT ( 'NONE',  ( -0.2870816397156372157, 0.1099983997812992442, 0.07600000000000001199 ) ) ;
#2728 =( LENGTH_UNIT ( ) NAMED_UNIT ( * ) SI_UNIT ( $, .METRE. ) );
#2729 = ORIENTED_EDGE ( 'NONE', *, *, #2659, .T. ) ;
#2730 = AXIS2_PLACEMENT_3D ( 'NONE', #1787, #126, #2901 ) ;
#2731 = CARTESIAN_POINT ( 'NONE',  ( 0.08300000000000014311, -2.984322293701629465E-20, 0.1439999999999999891 ) ) ;
#2732 = CARTESIAN_POINT ( 'NONE',  ( -0.2150000000000000244, 0.1350000000000000089, 0.01599999999999999686 ) ) ;
#2733 = ORIENTED_EDGE ( 'NONE', *, *, #942, .T. ) ;
#2734 = CARTESIAN_POINT ( 'NONE',  ( -0.2088607719548547792, 0.1850000000000000810, 0.1967708129882811130 ) ) ;
#2735 = VECTOR ( 'NONE', #1240, 39.37007874015748854 ) ;
#2736 = DIRECTION ( 'NONE',  ( -0.000000000000000000, -0.000000000000000000, -1.000000000000000000 ) ) ;
#2737 = ORIENTED_EDGE ( 'NONE', *, *, #2605, .T. ) ;
#2738 = DIRECTION ( 'NONE',  ( 1.000000000000000000, 0.000000000000000000, 0.000000000000000000 ) ) ;
#2739 = VECTOR ( 'NONE', #1092, 39.37007874015748143 ) ;
#2740 = ORIENTED_EDGE ( 'NONE', *, *, #2976, .T. ) ;
#2741 = CARTESIAN_POINT ( 'NONE',  ( 1.797784514278087559E-20, 0.05000000000000002359, -2.441667678950752264E-72 ) ) ;
#2742 = CARTESIAN_POINT ( 'NONE',  ( 0.1249999999999999584, -4.494461285695215287E-20, 0.2000000000000000111 ) ) ;
#2743 = PRESENTATION_STYLE_ASSIGNMENT (( #1831 ) ) ;
#2744 = ORIENTED_EDGE ( 'NONE', *, *, #2138, .F. ) ;
#2745 = ADVANCED_FACE ( 'NONE', ( #907 ), #2310, .T. ) ;
#2746 = EDGE_CURVE ( 'NONE', #190, #1857, #1125, .T. ) ;
#2747 = CARTESIAN_POINT ( 'NONE',  ( -0.2500000000000000555, 0.1200000000000000511, -0.1240000000000000130 ) ) ;
#2748 = FILL_AREA_STYLE ('',( #1122 ) ) ;
#2749 = VECTOR ( 'NONE', #1755, 39.37007874015748854 ) ;
#2750 = ORIENTED_EDGE ( 'NONE', *, *, #696, .T. ) ;
#2751 = CARTESIAN_POINT ( 'NONE',  ( -0.1675579322638146573, 0.1850000000000000533, -0.1024955436720149382 ) ) ;
#2752 = DIMENSIONAL_EXPONENTS ( 1.000000000000000000, 0.000000000000000000, 0.000000000000000000, 0.000000000000000000, 0.000000000000000000, 0.000000000000000000, 0.000000000000000000 ) ;
#2753 = CARTESIAN_POINT ( 'NONE',  ( 0.1249999999999999584, 2.021829857959411290E-17, 0.2000000000000000111 ) ) ;
#2754 = ORIENTED_EDGE ( 'NONE', *, *, #1760, .F. ) ;
#2755 = DIRECTION ( 'NONE',  ( 1.000000000000000000, -3.595569028556172711E-19, 0.000000000000000000 ) ) ;
#2756 = ORIENTED_EDGE ( 'NONE', *, *, #511, .T. ) ;
#2757 = FACE_OUTER_BOUND ( 'NONE', #1325, .T. ) ;
#2758 = DIRECTION ( 'NONE',  ( -1.000000000000000000, -1.076259999491764316E-16, 0.000000000000000000 ) ) ;
#2759 = ADVANCED_FACE ( 'NONE', ( #403 ), #226, .T. ) ;
#2760 = EDGE_LOOP ( 'NONE', ( #541, #2704, #2154, #2733 ) ) ;
#2761 = VECTOR ( 'NONE', #1749, 39.37007874015748143 ) ;
#2762 = LINE ( 'NONE', #707, #1754 ) ;
#2763 = CARTESIAN_POINT ( 'NONE',  ( -0.1675579322638146573, 0.1650000000000000633, -0.1024955436720149382 ) ) ;
#2764 = AXIS2_PLACEMENT_3D ( 'NONE', #2973, #434, #2306 ) ;
#2765 = ORIENTED_EDGE ( 'NONE', *, *, #400, .T. ) ;
#2766 = EDGE_LOOP ( 'NONE', ( #2535, #2674, #2574, #2756 ) ) ;
#2767 = DIRECTION ( 'NONE',  ( 1.000000000000000000, 0.000000000000000000, 0.000000000000000000 ) ) ;
#2768 =( LENGTH_UNIT ( ) NAMED_UNIT ( * ) SI_UNIT ( $, .METRE. ) );
#2769 = EDGE_CURVE ( 'NONE', #1917, #2212, #1332, .T. ) ;
#2770 = VERTEX_POINT ( 'NONE', #879 ) ;
#2771 = CARTESIAN_POINT ( 'NONE',  ( -0.2500000000000000555, 0.09500000000000005662, 0.1239999999999999991 ) ) ;
#2772 = CARTESIAN_POINT ( 'NONE',  ( -0.2150000000000000244, 0.1850000000000000810, -0.1967708129882810852 ) ) ;
#2773 = DIRECTION ( 'NONE',  ( 8.537024980200811957E-16, -3.108131514564764963E-34, -1.000000000000000000 ) ) ;
#2774 = APPLICATION_PROTOCOL_DEFINITION ( 'draft international standard', 'automotive_design', 1998, #965 ) ;
#2775 = ORIENTED_EDGE ( 'NONE', *, *, #1014, .T. ) ;
#2776 = VERTEX_POINT ( 'NONE', #2723 ) ;
#2777 = CARTESIAN_POINT ( 'NONE',  ( 0.08300000000000018474, -2.984322293701630669E-20, -0.1640000000000000346 ) ) ;
#2778 = DIRECTION ( 'NONE',  ( 1.000000000000000000, 0.000000000000000000, -0.000000000000000000 ) ) ;
#2779 = VECTOR ( 'NONE', #1560, 39.37007874015748143 ) ;
#2780 = ORIENTED_EDGE ( 'NONE', *, *, #337, .T. ) ;
#2781 = EDGE_CURVE ( 'NONE', #808, #419, #1006, .T. ) ;
#2782 = CARTESIAN_POINT ( 'NONE',  ( -0.1039999999999998287, 0.05000000000000002359, -0.1640000000000000346 ) ) ;
#2783 = ORIENTED_EDGE ( 'NONE', *, *, #2698, .F. ) ;
#2784 = CARTESIAN_POINT ( 'NONE',  ( -0.2500000000000000555, 0.1350000000000000089, 0.1239999999999999991 ) ) ;
#2785 = ORIENTED_EDGE ( 'NONE', *, *, #723, .F. ) ;
#2786 = COLOUR_RGB ( '',1.000000000000000000, 1.000000000000000000, 1.000000000000000000 ) ;
#2787 = VECTOR ( 'NONE', #90, 39.37007874015748854 ) ;
#2788 = EDGE_LOOP ( 'NONE', ( #1533, #1091, #893, #2918, #2421, #2977, #2193 ) ) ;
#2789 = PLANE ( 'NONE',  #2690 ) ;
#2790 = VECTOR ( 'NONE', #1013, 39.37007874015748143 ) ;
#2791 = DIRECTION ( 'NONE',  ( -3.595569028556173674E-19, -1.000000000000000000, 0.000000000000000000 ) ) ;
#2792 = SURFACE_SIDE_STYLE ('',( #1584 ) ) ;
#2793 = EDGE_CURVE ( 'NONE', #2334, #2364, #1363, .T. ) ;
#2794 = ORIENTED_EDGE ( 'NONE', *, *, #2652, .T. ) ;
#2795 = ORIENTED_EDGE ( 'NONE', *, *, #1677, .F. ) ;
#2796 = VECTOR ( 'NONE', #766, 39.37007874015748143 ) ;
#2797 = PRESENTATION_STYLE_ASSIGNMENT (( #2360 ) ) ;
#2798 = CARTESIAN_POINT ( 'NONE',  ( -0.2870816397156372157, 0.1099983997812992442, 0.08400000000000001910 ) ) ;
#2799 = ORIENTED_EDGE ( 'NONE', *, *, #2921, .T. ) ;
#2800 = DIRECTION ( 'NONE',  ( -0.3749599945324794681, -0.9270409928909307817, 0.000000000000000000 ) ) ;
#2801 = ADVANCED_FACE ( 'NONE', ( #18 ), #1456, .T. ) ;
#2802 = DIRECTION ( 'NONE',  ( -3.595569028556173674E-19, -1.000000000000000000, -0.000000000000000000 ) ) ;
#2803 = VERTEX_POINT ( 'NONE', #2541 ) ;
#2804 = VERTEX_POINT ( 'NONE', #1247 ) ;
#2805 = ADVANCED_FACE ( 'NONE', ( #320 ), #1488, .T. ) ;
#2806 = CARTESIAN_POINT ( 'NONE',  ( 0.08300000000000018474, 0.6740520811598980089, -0.1640000000000000346 ) ) ;
#2807 = CARTESIAN_POINT ( 'NONE',  ( -0.1039999999999998287, 3.739391789698414251E-20, -0.1640000000000000346 ) ) ;
#2808 = VERTEX_POINT ( 'NONE', #1438 ) ;
#2809 = PLANE ( 'NONE',  #1109 ) ;
#2810 = DIRECTION ( 'NONE',  ( 0.9270409928909306707, -0.3749599945324801342, 0.000000000000000000 ) ) ;
#2811 = EDGE_CURVE ( 'NONE', #2397, #668, #464, .T. ) ;
#2812 = VERTEX_POINT ( 'NONE', #2831 ) ;
#2813 = CARTESIAN_POINT ( 'NONE',  ( -0.3423613954031050621, 0.03999999999999995226, 0.01599999999999999686 ) ) ;
#2814 = AXIS2_PLACEMENT_3D ( 'NONE', #1734, #1047, #2859 ) ;
#2815 = DIRECTION ( 'NONE',  ( -0.9270409928909308928, 0.3749599945324795236, 0.000000000000000000 ) ) ;
#2816 = ORIENTED_EDGE ( 'NONE', *, *, #2131, .F. ) ;
#2817 = CARTESIAN_POINT ( 'NONE',  ( -0.2500000000000000555, 0.1350000000000000089, 0.1160000000000000059 ) ) ;
#2818 = DIRECTION ( 'NONE',  ( 0.000000000000000000, 1.000000000000000000, 0.000000000000000000 ) ) ;
#2819 = ORIENTED_EDGE ( 'NONE', *, *, #1619, .T. ) ;
#2820 = ORIENTED_EDGE ( 'NONE', *, *, #741, .F. ) ;
#2821 = DIRECTION ( 'NONE',  ( 0.3749599945324800232, 0.9270409928909306707, -0.000000000000000000 ) ) ;
#2822 = CARTESIAN_POINT ( 'NONE',  ( -0.1448350289055580220, 0.1650000000000000633, -0.1024955436720149382 ) ) ;
#2823 = CARTESIAN_POINT ( 'NONE',  ( -0.2500000000000000555, 0.1200000000000000511, -0.1240000000000000130 ) ) ;
#2824 = EDGE_CURVE ( 'NONE', #2611, #1646, #1675, .T. ) ;
#2825 = CARTESIAN_POINT ( 'NONE',  ( 0.3750000000000001110, -1.348338385708565429E-19, -0.1999999999999999833 ) ) ;
#2826 = FACE_OUTER_BOUND ( 'NONE', #2117, .T. ) ;
#2827 = EDGE_LOOP ( 'NONE', ( #2326, #2714, #355, #2083 ) ) ;
#2828 = ORIENTED_EDGE ( 'NONE', *, *, #2374, .T. ) ;
#2829 = VECTOR ( 'NONE', #2349, 39.37007874015748854 ) ;
#2830 = VERTEX_POINT ( 'NONE', #2608 ) ;
#2831 = CARTESIAN_POINT ( 'NONE',  ( -0.3750000000000001110, 0.01499999999999998036, -0.08400000000000001910 ) ) ;
#2832 = CARTESIAN_POINT ( 'NONE',  ( -0.2150000000000000244, 0.1200000000000000233, 0.2000000000000000111 ) ) ;
#2833 = EDGE_CURVE ( 'NONE', #1435, #2269, #1928, .T. ) ;
#2834 = ORIENTED_EDGE ( 'NONE', *, *, #2576, .F. ) ;
#2835 = VECTOR ( 'NONE', #2311, 39.37007874015748854 ) ;
#2836 = VERTEX_POINT ( 'NONE', #1469 ) ;
#2837 = CARTESIAN_POINT ( 'NONE',  ( -0.2731760248222732668, 0.1043739998633120558, -0.08400000000000001910 ) ) ;
#2838 = LINE ( 'NONE', #70, #655 ) ;
#2839 = AXIS2_PLACEMENT_3D ( 'NONE', #2418, #1935, #2167 ) ;
#2840 = ADVANCED_FACE ( 'NONE', ( #2389 ), #982, .T. ) ;
#2841 = CARTESIAN_POINT ( 'NONE',  ( -0.2500000000000000555, 0.1350000000000000089, -0.1240000000000000130 ) ) ;
#2842 = ORIENTED_EDGE ( 'NONE', *, *, #1872, .F. ) ;
#2843 = VECTOR ( 'NONE', #2291, 39.37007874015748143 ) ;
#2844 = DIRECTION ( 'NONE',  ( -1.076259999491764440E-16, 1.000000000000000000, 0.000000000000000000 ) ) ;
#2845 = DIRECTION ( 'NONE',  ( -0.3749599945324801342, -0.9270409928909305597, 0.000000000000000000 ) ) ;
#2846 = VECTOR ( 'NONE', #2773, 39.37007874015748143 ) ;
#2847 = ORIENTED_EDGE ( 'NONE', *, *, #2605, .F. ) ;
#2848 = FILL_AREA_STYLE ('',( #63 ) ) ;
#2849 = CARTESIAN_POINT ( 'NONE',  ( 0.3750000000000001110, 0.05000000000000000971, 0.1999999999999999833 ) ) ;
#2850 = CARTESIAN_POINT ( 'NONE',  ( -0.2870816397156372157, 0.1099983997812992442, 0.1160000000000000059 ) ) ;
#2851 = ADVANCED_FACE ( 'NONE', ( #2593 ), #1038, .T. ) ;
#2852 = ORIENTED_EDGE ( 'NONE', *, *, #2680, .F. ) ;
#2853 = CARTESIAN_POINT ( 'NONE',  ( -0.2150000000000000244, 0.1200000000000000511, 0.1160000000000000059 ) ) ;
#2854 = CARTESIAN_POINT ( 'NONE',  ( -0.3191853705808318509, 0.03062600013668795654, 0.1160000000000000059 ) ) ;
#2855 = VERTEX_POINT ( 'NONE', #1009 ) ;
#2856 = FACE_OUTER_BOUND ( 'NONE', #1553, .T. ) ;
#2857 = ORIENTED_EDGE ( 'NONE', *, *, #1903, .T. ) ;
#2858 = CARTESIAN_POINT ( 'NONE',  ( 0.1249999999999999584, 0.05000000000000000971, 0.2000000000000000111 ) ) ;
#2859 = DIRECTION ( 'NONE',  ( 0.000000000000000000, 0.000000000000000000, 1.000000000000000000 ) ) ;
#2860 = EDGE_CURVE ( 'NONE', #2302, #1833, #811, .T. ) ;
#2861 = ORIENTED_EDGE ( 'NONE', *, *, #21, .F. ) ;
#2862 = ORIENTED_EDGE ( 'NONE', *, *, #1730, .F. ) ;
#2863 = VERTEX_POINT ( 'NONE', #520 ) ;
#2864 = FACE_OUTER_BOUND ( 'NONE', #244, .T. ) ;
#2865 = CARTESIAN_POINT ( 'NONE',  ( -0.3031335051482345611, 0.07031219995899358477, 0.02399999999999998662 ) ) ;
#2866 = CARTESIAN_POINT ( 'NONE',  ( -0.2500000000000000555, 0.1200000000000000511, -0.02400000000000000397 ) ) ;
#2867 = VERTEX_POINT ( 'NONE', #2849 ) ;
#2868 = VERTEX_POINT ( 'NONE', #1259 ) ;
#2869 = CARTESIAN_POINT ( 'NONE',  ( -0.2731760248222732668, 0.1043739998633120558, 0.1160000000000000059 ) ) ;
#2870 = EDGE_LOOP ( 'NONE', ( #2448, #1279, #1485, #1036 ) ) ;
#2871 = DIRECTION ( 'NONE',  ( 0.000000000000000000, 0.000000000000000000, 1.000000000000000000 ) ) ;
#2872 = VECTOR ( 'NONE', #340, 39.37007874015748143 ) ;
#2873 = EDGE_CURVE ( 'NONE', #2298, #1484, #759, .T. ) ;
#2874 = LINE ( 'NONE', #2250, #855 ) ;
#2875 = DIRECTION ( 'NONE',  ( 0.000000000000000000, -1.000000000000000000, 0.000000000000000000 ) ) ;
#2876 = EDGE_CURVE ( 'NONE', #1917, #2632, #746, .T. ) ;
#2877 = CARTESIAN_POINT ( 'NONE',  ( -0.2500000000000000555, 0.09500000000000005662, 0.02399999999999998662 ) ) ;
#2878 = ORIENTED_EDGE ( 'NONE', *, *, #319, .T. ) ;
#2879 = VECTOR ( 'NONE', #1114, 39.37007874015748143 ) ;
#2880 = CARTESIAN_POINT ( 'NONE',  ( 0.08300000000000014311, 0.6740520811598980089, 0.1439999999999999891 ) ) ;
#2881 = LINE ( 'NONE', #155, #2284 ) ;
#2882 = EDGE_CURVE ( 'NONE', #1311, #1846, #2623, .T. ) ;
#2883 = EDGE_CURVE ( 'NONE', #2037, #2407, #1919, .T. ) ;
#2884 = EDGE_LOOP ( 'NONE', ( #2579, #2842, #1382, #941 ) ) ;
#2885 = AXIS2_PLACEMENT_3D ( 'NONE', #2008, #1958, #2414 ) ;
#2886 = ORIENTED_EDGE ( 'NONE', *, *, #2405, .T. ) ;
#2887 = DIRECTION ( 'NONE',  ( 1.000000000000000000, -3.595569028556172711E-19, -1.365923996832130870E-16 ) ) ;
#2888 = DIRECTION ( 'NONE',  ( 1.000000000000000000, 0.000000000000000000, 0.000000000000000000 ) ) ;
#2889 = EDGE_CURVE ( 'NONE', #1215, #1655, #2635, .T. ) ;
#2890 = PLANE ( 'NONE',  #2427 ) ;
#2891 = CIRCLE ( 'NONE', #1692, 0.07549999999999998379 ) ;
#2892 = ADVANCED_FACE ( 'NONE', ( #241 ), #2103, .F. ) ;
#2893 = DIRECTION ( 'NONE',  ( 1.000000000000000000, 0.000000000000000000, 0.000000000000000000 ) ) ;
#2894 = EDGE_LOOP ( 'NONE', ( #1163, #82, #595, #621, #322, #2722, #2564, #851 ) ) ;
#2895 = CARTESIAN_POINT ( 'NONE',  ( -0.1039999999999998564, 0.05000000000000002359, 0.1639999999999999791 ) ) ;
#2896 = FACE_OUTER_BOUND ( 'NONE', #2961, .T. ) ;
#2897 = EDGE_LOOP ( 'NONE', ( #1329, #483 ) ) ;
#2898 = VECTOR ( 'NONE', #2123, 39.37007874015748143 ) ;
#2899 = EDGE_LOOP ( 'NONE', ( #1238, #761 ) ) ;
#2900 = PRESENTATION_LAYER_ASSIGNMENT (  '', '', ( #143 ) ) ;
#2901 = DIRECTION ( 'NONE',  ( -0.000000000000000000, 0.000000000000000000, -1.000000000000000000 ) ) ;
#2902 = EDGE_CURVE ( 'NONE', #156, #198, #2653, .T. ) ;
#2903 = EDGE_CURVE ( 'NONE', #1933, #42, #871, .T. ) ;
#2904 = PLANE ( 'NONE',  #569 ) ;
#2905 = VECTOR ( 'NONE', #2113, 39.37007874015748143 ) ;
#2906 = CARTESIAN_POINT ( 'NONE',  ( 0.1249999999999999584, 0.05000000000000002359, 0.2000000000000000111 ) ) ;
#2907 = LINE ( 'NONE', #1745, #1660 ) ;
#2908 = AXIS2_PLACEMENT_3D ( 'NONE', #1212, #44, #2165 ) ;
#2909 = VECTOR ( 'NONE', #1160, 39.37007874015748143 ) ;
#2910 = ORIENTED_EDGE ( 'NONE', *, *, #436, .F. ) ;
#2911 = ORIENTED_EDGE ( 'NONE', *, *, #749, .T. ) ;
#2912 = CARTESIAN_POINT ( 'NONE',  ( -0.3423613954031050621, 0.03999999999999995226, 0.1160000000000000059 ) ) ;
#2913 = ORIENTED_EDGE ( 'NONE', *, *, #2659, .F. ) ;
#2914 = LINE ( 'NONE', #579, #1999 ) ;
#2915 = CARTESIAN_POINT ( 'NONE',  ( 0.08300000000000018474, 0.05000000000000000971, -0.1640000000000000346 ) ) ;
#2916 = LINE ( 'NONE', #812, #286 ) ;
#2917 = ORIENTED_EDGE ( 'NONE', *, *, #2889, .T. ) ;
#2918 = ORIENTED_EDGE ( 'NONE', *, *, #2769, .F. ) ;
#2919 = LINE ( 'NONE', #817, #649 ) ;
#2920 = DIRECTION ( 'NONE',  ( 0.000000000000000000, 0.000000000000000000, 1.000000000000000000 ) ) ;
#2921 = EDGE_CURVE ( 'NONE', #682, #2964, #2014, .T. ) ;
#2922 = FILL_AREA_STYLE_COLOUR ( '', #1235 ) ;
#2923 = DIRECTION ( 'NONE',  ( -1.000000000000000000, 0.000000000000000000, 0.000000000000000000 ) ) ;
#2924 = ADVANCED_FACE ( 'NONE', ( #1118 ), #2476, .F. ) ;
#2925 = CIRCLE ( 'NONE', #307, 0.02499999999999993894 ) ;
#2926 = VERTEX_POINT ( 'NONE', #1997 ) ;
#2927 = DIRECTION ( 'NONE',  ( -1.076259999491764440E-16, 1.000000000000000000, 0.000000000000000000 ) ) ;
#2928 = CYLINDRICAL_SURFACE ( 'NONE', #2142, 0.02272290335825662491 ) ;
#2929 = ORIENTED_EDGE ( 'NONE', *, *, #972, .T. ) ;
#2930 = FACE_OUTER_BOUND ( 'NONE', #165, .T. ) ;
#2931 = CARTESIAN_POINT ( 'NONE',  ( -0.3423613954031050621, -8.537024980200822558E-18, 0.08400000000000001910 ) ) ;
#2932 = VERTEX_POINT ( 'NONE', #2702 ) ;
#2933 = EDGE_CURVE ( 'NONE', #2604, #713, #137, .T. ) ;
#2934 = VECTOR ( 'NONE', #1976, 39.37007874015748854 ) ;
#2935 = DIRECTION ( 'NONE',  ( -0.000000000000000000, -0.000000000000000000, -1.000000000000000000 ) ) ;
#2936 = ADVANCED_FACE ( 'NONE', ( #1979 ), #1340, .F. ) ;
#2937 = AXIS2_PLACEMENT_3D ( 'NONE', #2067, #2981, #910 ) ;
#2938 = PLANE ( 'NONE',  #424 ) ;
#2939 = CARTESIAN_POINT ( 'NONE',  ( -0.2150000000000000244, 0.1350000000000000089, 0.1160000000000000059 ) ) ;
#2940 = ORIENTED_EDGE ( 'NONE', *, *, #1253, .F. ) ;
#2941 = CARTESIAN_POINT ( 'NONE',  ( -0.2150000000000000244, 0.1350000000000000089, -0.07600000000000002587 ) ) ;
#2942 = LINE ( 'NONE', #2520, #1606 ) ;
#2943 = CARTESIAN_POINT ( 'NONE',  ( -0.2660518654325974008, 0.05531380017769439716, 0.1160000000000000059 ) ) ;
#2944 = DIRECTION ( 'NONE',  ( -3.595569028556173674E-19, -1.000000000000000000, 0.000000000000000000 ) ) ;
#2945 = EDGE_LOOP ( 'NONE', ( #2111, #692, #857, #1112 ) ) ;
#2946 = LINE ( 'NONE', #1869, #1453 ) ;
#2947 = DIRECTION ( 'NONE',  ( -0.000000000000000000, -0.000000000000000000, -1.000000000000000000 ) ) ;
#2948 = DIRECTION ( 'NONE',  ( -0.05232800705137965330, 0.9984778551437666350, -0.01742849579091453743 ) ) ;
#2949 = DIRECTION ( 'NONE',  ( 1.000000000000000000, 0.000000000000000000, 0.000000000000000000 ) ) ;
#2950 = PLANE ( 'NONE',  #269 ) ;
#2951 = ORIENTED_EDGE ( 'NONE', *, *, #202, .F. ) ;
#2952 = DIRECTION ( 'NONE',  ( 0.000000000000000000, -0.9998476951563912696, -0.01745240643727634725 ) ) ;
#2953 = VECTOR ( 'NONE', #1517, 39.37007874015748143 ) ;
#2954 = DIRECTION ( 'NONE',  ( 0.000000000000000000, 0.000000000000000000, -1.000000000000000000 ) ) ;
#2955 = CARTESIAN_POINT ( 'NONE',  ( 0.08300000000000015699, -2.984322293701630067E-20, -0.1440000000000000169 ) ) ;
#2956 = EDGE_CURVE ( 'NONE', #730, #1933, #1277, .T. ) ;
#2957 = EDGE_LOOP ( 'NONE', ( #2416, #1303, #1768, #2392 ) ) ;
#2958 = LINE ( 'NONE', #919, #2003 ) ;
#2959 = FACE_OUTER_BOUND ( 'NONE', #2224, .T. ) ;
#2960 = EDGE_LOOP ( 'NONE', ( #1190, #1809, #2473, #317 ) ) ;
#2961 = EDGE_LOOP ( 'NONE', ( #2248, #1198, #2324, #1309 ) ) ;
#2962 = CARTESIAN_POINT ( 'NONE',  ( -0.2087110664860349907, 2.033828669710847460E-17, 0.2000000000000000111 ) ) ;
#2963 = CARTESIAN_POINT ( 'NONE',  ( -0.2870816397156372157, 0.1099983997812992442, 0.02399999999999998662 ) ) ;
#2964 = VERTEX_POINT ( 'NONE', #395 ) ;
#2965 = CARTESIAN_POINT ( 'NONE',  ( -0.2150000000000000244, 0.1200000000000000511, -0.07600000000000002587 ) ) ;
#2966 = EDGE_CURVE ( 'NONE', #2329, #1215, #1738, .T. ) ;
#2967 = ORIENTED_EDGE ( 'NONE', *, *, #1016, .F. ) ;
#2968 = CARTESIAN_POINT ( 'NONE',  ( -0.2500000000000000555, 0.1200000000000000511, -0.07600000000000002587 ) ) ;
#2969 = CARTESIAN_POINT ( 'NONE',  ( -0.3423613954031050621, 0.01499999999999995955, -0.01599999999999999686 ) ) ;
#2970 = ORIENTED_EDGE ( 'NONE', *, *, #1177, .T. ) ;
#2971 = EDGE_CURVE ( 'NONE', #463, #2492, #2240, .T. ) ;
#2972 = ADVANCED_FACE ( 'NONE', ( #854 ), #843, .F. ) ;
#2973 = CARTESIAN_POINT ( 'NONE',  ( -0.3750000000000001110, 0.01499999999999998036, 0.1160000000000000059 ) ) ;
#2974 = PRODUCT_DEFINITION_SHAPE ( 'NONE', 'NONE',  #975 ) ;
#2975 = DIRECTION ( 'NONE',  ( -0.000000000000000000, -0.000000000000000000, -1.000000000000000000 ) ) ;
#2976 = EDGE_CURVE ( 'NONE', #626, #646, #664, .T. ) ;
#2977 = ORIENTED_EDGE ( 'NONE', *, *, #2873, .T. ) ;
#2978 = CARTESIAN_POINT ( 'NONE',  ( 0.08300000000000015699, 0.05000000000000000971, 0.1639999999999999791 ) ) ;
#2979 = AXIS2_PLACEMENT_3D ( 'NONE', #2837, #2143, #2800 ) ;
#2980 = VECTOR ( 'NONE', #1670, 39.37007874015748854 ) ;
#2981 = DIRECTION ( 'NONE',  ( 1.000000000000000000, -3.595569028556173674E-19, -8.537024980200826748E-16 ) ) ;
#2982 = ORIENTED_EDGE ( 'NONE', *, *, #1515, .T. ) ;
#2983 = FACE_OUTER_BOUND ( 'NONE', #2196, .T. ) ;
#2984 = EDGE_CURVE ( 'NONE', #2420, #1025, #592, .T. ) ;
#2985 = AXIS2_PLACEMENT_3D ( 'NONE', #2751, #1805, #421 ) ;
#2986 = DIMENSIONAL_EXPONENTS ( 1.000000000000000000, 0.000000000000000000, 0.000000000000000000, 0.000000000000000000, 0.000000000000000000, 0.000000000000000000, 0.000000000000000000 ) ;
#2987 = VERTEX_POINT ( 'NONE', #352 ) ;
#2988 = ORIENTED_EDGE ( 'NONE', *, *, #832, .F. ) ;
#2989 = CARTESIAN_POINT ( 'NONE',  ( -0.2892278902548706121, 0.06468780004100638248, -0.07600000000000002587 ) ) ;
#2990 = LINE ( 'NONE', #2969, #525 ) ;
#2991 = AXIS2_PLACEMENT_3D ( 'NONE', #1073, #168, #2717 ) ;
#2992 =( CONVERSION_BASED_UNIT ( 'INCH', #1636 ) LENGTH_UNIT ( ) NAMED_UNIT ( #2986 ) );
#2993 = VERTEX_POINT ( 'NONE', #2461 ) ;
#2994 = CARTESIAN_POINT ( 'NONE',  ( 0.1249999999999999861, 0.05000000000000000971, -0.1440000000000000169 ) ) ;
#2995 =( LENGTH_UNIT ( ) NAMED_UNIT ( * ) SI_UNIT ( $, .METRE. ) );
#2996 = VERTEX_POINT ( 'NONE', #381 ) ;
#2997 = CLOSED_SHELL ( 'NONE', ( #1270, #2337, #1326, #736, #908, #1033, #1771, #2054, #1230, #1546, #2705, #2479, #2584, #2367, #839, #2924, #242, #505 ) ) ;
ENDSEC;
END-ISO-10303-21;
