ISO-10303-21;
HEADER;
FILE_DESCRIPTION(('FreeCAD Model'),'2;1');
FILE_NAME('Open CASCADE Shape Model','2025-09-13T01:46:28',(''),(''),
  'Open CASCADE STEP processor 7.8','FreeCAD','Unknown');
FILE_SCHEMA(('AUTOMOTIVE_DESIGN { 1 0 10303 214 1 1 1 1 }'));
ENDSEC;
DATA;
#1 = APPLICATION_PROTOCOL_DEFINITION('international standard',
  'automotive_design',2000,#2);
#2 = APPLICATION_CONTEXT(
  'core data for automotive mechanical design processes');
#3 = SHAPE_DEFINITION_REPRESENTATION(#4,#10);
#4 = PRODUCT_DEFINITION_SHAPE('','',#5);
#5 = PRODUCT_DEFINITION('design','',#6,#9);
#6 = PRODUCT_DEFINITION_FORMATION('','',#7);
#7 = PRODUCT('BGA_Test','BGA_Test','',(#8));
#8 = PRODUCT_CONTEXT('',#2,'mechanical');
#9 = PRODUCT_DEFINITION_CONTEXT('part definition',#2,'design');
#10 = SHAPE_REPRESENTATION('',(#11,#15,#19,#23,#27,#31,#35,#39,#43,#47,
    #51,#55,#59,#63,#67,#71,#75,#79,#83,#87,#91,#95,#99,#103,#107,#111,
    #115,#119,#123,#127,#131,#135,#139,#143,#147,#151,#155,#159,#163,
    #167,#171,#175,#179,#183,#187,#191,#195,#199,#203,#207),#211);
#11 = AXIS2_PLACEMENT_3D('',#12,#13,#14);
#12 = CARTESIAN_POINT('',(0.,0.,0.));
#13 = DIRECTION('',(0.,0.,1.));
#14 = DIRECTION('',(1.,0.,-0.));
#15 = AXIS2_PLACEMENT_3D('',#16,#17,#18);
#16 = CARTESIAN_POINT('',(0.,0.,0.));
#17 = DIRECTION('',(0.,0.,1.));
#18 = DIRECTION('',(1.,0.,0.));
#19 = AXIS2_PLACEMENT_3D('',#20,#21,#22);
#20 = CARTESIAN_POINT('',(0.,0.,0.));
#21 = DIRECTION('',(0.,0.,1.));
#22 = DIRECTION('',(1.,0.,0.));
#23 = AXIS2_PLACEMENT_3D('',#24,#25,#26);
#24 = CARTESIAN_POINT('',(7.2E-02,0.,-1.300000000001E-02));
#25 = DIRECTION('',(0.,0.,1.));
#26 = DIRECTION('',(1.,0.,0.));
#27 = AXIS2_PLACEMENT_3D('',#28,#29,#30);
#28 = CARTESIAN_POINT('',(0.372,0.,-1.300000000001E-02));
#29 = DIRECTION('',(0.,0.,1.));
#30 = DIRECTION('',(1.,0.,0.));
#31 = AXIS2_PLACEMENT_3D('',#32,#33,#34);
#32 = CARTESIAN_POINT('',(0.672,0.,-1.300000000001E-02));
#33 = DIRECTION('',(0.,0.,1.));
#34 = DIRECTION('',(1.,0.,0.));
#35 = AXIS2_PLACEMENT_3D('',#36,#37,#38);
#36 = CARTESIAN_POINT('',(0.972,0.,-1.300000000001E-02));
#37 = DIRECTION('',(0.,0.,1.));
#38 = DIRECTION('',(1.,0.,0.));
#39 = AXIS2_PLACEMENT_3D('',#40,#41,#42);
#40 = CARTESIAN_POINT('',(1.272,0.,-1.300000000001E-02));
#41 = DIRECTION('',(0.,0.,1.));
#42 = DIRECTION('',(1.,0.,0.));
#43 = AXIS2_PLACEMENT_3D('',#44,#45,#46);
#44 = CARTESIAN_POINT('',(1.572,0.,-1.300000000001E-02));
#45 = DIRECTION('',(0.,0.,1.));
#46 = DIRECTION('',(1.,0.,0.));
#47 = AXIS2_PLACEMENT_3D('',#48,#49,#50);
#48 = CARTESIAN_POINT('',(1.872,0.,-1.300000000001E-02));
#49 = DIRECTION('',(0.,0.,1.));
#50 = DIRECTION('',(1.,0.,0.));
#51 = AXIS2_PLACEMENT_3D('',#52,#53,#54);
#52 = CARTESIAN_POINT('',(7.2E-02,0.,0.287));
#53 = DIRECTION('',(0.,0.,1.));
#54 = DIRECTION('',(1.,0.,0.));
#55 = AXIS2_PLACEMENT_3D('',#56,#57,#58);
#56 = CARTESIAN_POINT('',(0.672,0.,0.287));
#57 = DIRECTION('',(0.,0.,1.));
#58 = DIRECTION('',(1.,0.,0.));
#59 = AXIS2_PLACEMENT_3D('',#60,#61,#62);
#60 = CARTESIAN_POINT('',(0.972,0.,0.287));
#61 = DIRECTION('',(0.,0.,1.));
#62 = DIRECTION('',(1.,0.,0.));
#63 = AXIS2_PLACEMENT_3D('',#64,#65,#66);
#64 = CARTESIAN_POINT('',(1.272,0.,0.287));
#65 = DIRECTION('',(0.,0.,1.));
#66 = DIRECTION('',(1.,0.,0.));
#67 = AXIS2_PLACEMENT_3D('',#68,#69,#70);
#68 = CARTESIAN_POINT('',(1.572,0.,0.287));
#69 = DIRECTION('',(0.,0.,1.));
#70 = DIRECTION('',(1.,0.,0.));
#71 = AXIS2_PLACEMENT_3D('',#72,#73,#74);
#72 = CARTESIAN_POINT('',(1.872,0.,0.287));
#73 = DIRECTION('',(0.,0.,1.));
#74 = DIRECTION('',(1.,0.,0.));
#75 = AXIS2_PLACEMENT_3D('',#76,#77,#78);
#76 = CARTESIAN_POINT('',(0.372,0.,0.587));
#77 = DIRECTION('',(0.,0.,1.));
#78 = DIRECTION('',(1.,0.,0.));
#79 = AXIS2_PLACEMENT_3D('',#80,#81,#82);
#80 = CARTESIAN_POINT('',(0.672,0.,0.587));
#81 = DIRECTION('',(0.,0.,1.));
#82 = DIRECTION('',(1.,0.,0.));
#83 = AXIS2_PLACEMENT_3D('',#84,#85,#86);
#84 = CARTESIAN_POINT('',(0.972,0.,0.587));
#85 = DIRECTION('',(0.,0.,1.));
#86 = DIRECTION('',(1.,0.,0.));
#87 = AXIS2_PLACEMENT_3D('',#88,#89,#90);
#88 = CARTESIAN_POINT('',(1.272,0.,0.587));
#89 = DIRECTION('',(0.,0.,1.));
#90 = DIRECTION('',(1.,0.,0.));
#91 = AXIS2_PLACEMENT_3D('',#92,#93,#94);
#92 = CARTESIAN_POINT('',(1.572,0.,0.587));
#93 = DIRECTION('',(0.,0.,1.));
#94 = DIRECTION('',(1.,0.,0.));
#95 = AXIS2_PLACEMENT_3D('',#96,#97,#98);
#96 = CARTESIAN_POINT('',(1.872,0.,0.587));
#97 = DIRECTION('',(0.,0.,1.));
#98 = DIRECTION('',(1.,0.,0.));
#99 = AXIS2_PLACEMENT_3D('',#100,#101,#102);
#100 = CARTESIAN_POINT('',(7.2E-02,0.,0.887));
#101 = DIRECTION('',(0.,0.,1.));
#102 = DIRECTION('',(1.,0.,0.));
#103 = AXIS2_PLACEMENT_3D('',#104,#105,#106);
#104 = CARTESIAN_POINT('',(0.372,0.,0.887));
#105 = DIRECTION('',(0.,0.,1.));
#106 = DIRECTION('',(1.,0.,0.));
#107 = AXIS2_PLACEMENT_3D('',#108,#109,#110);
#108 = CARTESIAN_POINT('',(0.672,0.,0.887));
#109 = DIRECTION('',(0.,0.,1.));
#110 = DIRECTION('',(1.,0.,0.));
#111 = AXIS2_PLACEMENT_3D('',#112,#113,#114);
#112 = CARTESIAN_POINT('',(0.972,0.,0.887));
#113 = DIRECTION('',(0.,0.,1.));
#114 = DIRECTION('',(1.,0.,0.));
#115 = AXIS2_PLACEMENT_3D('',#116,#117,#118);
#116 = CARTESIAN_POINT('',(1.272,0.,0.887));
#117 = DIRECTION('',(0.,0.,1.));
#118 = DIRECTION('',(1.,0.,0.));
#119 = AXIS2_PLACEMENT_3D('',#120,#121,#122);
#120 = CARTESIAN_POINT('',(1.572,0.,0.887));
#121 = DIRECTION('',(0.,0.,1.));
#122 = DIRECTION('',(1.,0.,0.));
#123 = AXIS2_PLACEMENT_3D('',#124,#125,#126);
#124 = CARTESIAN_POINT('',(1.872,0.,0.887));
#125 = DIRECTION('',(0.,0.,1.));
#126 = DIRECTION('',(1.,0.,0.));
#127 = AXIS2_PLACEMENT_3D('',#128,#129,#130);
#128 = CARTESIAN_POINT('',(7.2E-02,0.,1.187));
#129 = DIRECTION('',(0.,0.,1.));
#130 = DIRECTION('',(1.,0.,0.));
#131 = AXIS2_PLACEMENT_3D('',#132,#133,#134);
#132 = CARTESIAN_POINT('',(0.372,0.,1.187));
#133 = DIRECTION('',(0.,0.,1.));
#134 = DIRECTION('',(1.,0.,0.));
#135 = AXIS2_PLACEMENT_3D('',#136,#137,#138);
#136 = CARTESIAN_POINT('',(0.672,0.,1.187));
#137 = DIRECTION('',(0.,0.,1.));
#138 = DIRECTION('',(1.,0.,0.));
#139 = AXIS2_PLACEMENT_3D('',#140,#141,#142);
#140 = CARTESIAN_POINT('',(0.972,0.,1.187));
#141 = DIRECTION('',(0.,0.,1.));
#142 = DIRECTION('',(1.,0.,0.));
#143 = AXIS2_PLACEMENT_3D('',#144,#145,#146);
#144 = CARTESIAN_POINT('',(1.272,0.,1.187));
#145 = DIRECTION('',(0.,0.,1.));
#146 = DIRECTION('',(1.,0.,0.));
#147 = AXIS2_PLACEMENT_3D('',#148,#149,#150);
#148 = CARTESIAN_POINT('',(1.572,0.,1.187));
#149 = DIRECTION('',(0.,0.,1.));
#150 = DIRECTION('',(1.,0.,0.));
#151 = AXIS2_PLACEMENT_3D('',#152,#153,#154);
#152 = CARTESIAN_POINT('',(1.872,0.,1.187));
#153 = DIRECTION('',(0.,0.,1.));
#154 = DIRECTION('',(1.,0.,0.));
#155 = AXIS2_PLACEMENT_3D('',#156,#157,#158);
#156 = CARTESIAN_POINT('',(7.2E-02,0.,1.487));
#157 = DIRECTION('',(0.,0.,1.));
#158 = DIRECTION('',(1.,0.,0.));
#159 = AXIS2_PLACEMENT_3D('',#160,#161,#162);
#160 = CARTESIAN_POINT('',(0.372,0.,1.487));
#161 = DIRECTION('',(0.,0.,1.));
#162 = DIRECTION('',(1.,0.,0.));
#163 = AXIS2_PLACEMENT_3D('',#164,#165,#166);
#164 = CARTESIAN_POINT('',(0.672,0.,1.487));
#165 = DIRECTION('',(0.,0.,1.));
#166 = DIRECTION('',(1.,0.,0.));
#167 = AXIS2_PLACEMENT_3D('',#168,#169,#170);
#168 = CARTESIAN_POINT('',(0.972,0.,1.487));
#169 = DIRECTION('',(0.,0.,1.));
#170 = DIRECTION('',(1.,0.,0.));
#171 = AXIS2_PLACEMENT_3D('',#172,#173,#174);
#172 = CARTESIAN_POINT('',(1.272,0.,1.487));
#173 = DIRECTION('',(0.,0.,1.));
#174 = DIRECTION('',(1.,0.,0.));
#175 = AXIS2_PLACEMENT_3D('',#176,#177,#178);
#176 = CARTESIAN_POINT('',(1.572,0.,1.487));
#177 = DIRECTION('',(0.,0.,1.));
#178 = DIRECTION('',(1.,0.,0.));
#179 = AXIS2_PLACEMENT_3D('',#180,#181,#182);
#180 = CARTESIAN_POINT('',(1.872,0.,1.487));
#181 = DIRECTION('',(0.,0.,1.));
#182 = DIRECTION('',(1.,0.,0.));
#183 = AXIS2_PLACEMENT_3D('',#184,#185,#186);
#184 = CARTESIAN_POINT('',(7.2E-02,0.,1.787));
#185 = DIRECTION('',(0.,0.,1.));
#186 = DIRECTION('',(1.,0.,0.));
#187 = AXIS2_PLACEMENT_3D('',#188,#189,#190);
#188 = CARTESIAN_POINT('',(0.372,0.,1.787));
#189 = DIRECTION('',(0.,0.,1.));
#190 = DIRECTION('',(1.,0.,0.));
#191 = AXIS2_PLACEMENT_3D('',#192,#193,#194);
#192 = CARTESIAN_POINT('',(0.672,0.,1.787));
#193 = DIRECTION('',(0.,0.,1.));
#194 = DIRECTION('',(1.,0.,0.));
#195 = AXIS2_PLACEMENT_3D('',#196,#197,#198);
#196 = CARTESIAN_POINT('',(0.972,0.,1.787));
#197 = DIRECTION('',(0.,0.,1.));
#198 = DIRECTION('',(1.,0.,0.));
#199 = AXIS2_PLACEMENT_3D('',#200,#201,#202);
#200 = CARTESIAN_POINT('',(1.272,0.,1.787));
#201 = DIRECTION('',(0.,0.,1.));
#202 = DIRECTION('',(1.,0.,0.));
#203 = AXIS2_PLACEMENT_3D('',#204,#205,#206);
#204 = CARTESIAN_POINT('',(1.572,0.,1.787));
#205 = DIRECTION('',(0.,0.,1.));
#206 = DIRECTION('',(1.,0.,0.));
#207 = AXIS2_PLACEMENT_3D('',#208,#209,#210);
#208 = CARTESIAN_POINT('',(1.872,0.,1.787));
#209 = DIRECTION('',(0.,0.,1.));
#210 = DIRECTION('',(1.,0.,0.));
#211 = ( GEOMETRIC_REPRESENTATION_CONTEXT(3) 
GLOBAL_UNCERTAINTY_ASSIGNED_CONTEXT((#215)) GLOBAL_UNIT_ASSIGNED_CONTEXT
((#212,#213,#214)) REPRESENTATION_CONTEXT('Context #1',
  '3D Context with UNIT and UNCERTAINTY') );
#212 = ( LENGTH_UNIT() NAMED_UNIT(*) SI_UNIT(.MILLI.,.METRE.) );
#213 = ( NAMED_UNIT(*) PLANE_ANGLE_UNIT() SI_UNIT($,.RADIAN.) );
#214 = ( NAMED_UNIT(*) SI_UNIT($,.STERADIAN.) SOLID_ANGLE_UNIT() );
#215 = UNCERTAINTY_MEASURE_WITH_UNIT(LENGTH_MEASURE(1.E-07),#212,
  'distance_accuracy_value','confusion accuracy');
#216 = PRODUCT_RELATED_PRODUCT_CATEGORY('part',$,(#7));
#217 = SHAPE_DEFINITION_REPRESENTATION(#218,#224);
#218 = PRODUCT_DEFINITION_SHAPE('','',#219);
#219 = PRODUCT_DEFINITION('design','',#220,#223);
#220 = PRODUCT_DEFINITION_FORMATION('','',#221);
#221 = PRODUCT('Body_Solid1','Body_Solid1','',(#222));
#222 = PRODUCT_CONTEXT('',#2,'mechanical');
#223 = PRODUCT_DEFINITION_CONTEXT('part definition',#2,'design');
#224 = ADVANCED_BREP_SHAPE_REPRESENTATION('',(#11,#225),#420);
#225 = MANIFOLD_SOLID_BREP('',#226);
#226 = CLOSED_SHELL('',(#227,#267,#298,#322,#357,#374,#386,#411));
#227 = ADVANCED_FACE('',(#228),#262,.T.);
#228 = FACE_BOUND('',#229,.T.);
#229 = EDGE_LOOP('',(#230,#240,#248,#256));
#230 = ORIENTED_EDGE('',*,*,#231,.F.);
#231 = EDGE_CURVE('',#232,#234,#236,.T.);
#232 = VERTEX_POINT('',#233);
#233 = CARTESIAN_POINT('',(-1.2255,9.6E-02,1.1225));
#234 = VERTEX_POINT('',#235);
#235 = CARTESIAN_POINT('',(-1.2255,9.6E-02,-1.1225));
#236 = LINE('',#237,#238);
#237 = CARTESIAN_POINT('',(-1.2255,9.6E-02,1.1225));
#238 = VECTOR('',#239,1.);
#239 = DIRECTION('',(0.,-2.22044604925E-16,-1.));
#240 = ORIENTED_EDGE('',*,*,#241,.T.);
#241 = EDGE_CURVE('',#232,#242,#244,.T.);
#242 = VERTEX_POINT('',#243);
#243 = CARTESIAN_POINT('',(-1.2255,0.46,1.1225));
#244 = LINE('',#245,#246);
#245 = CARTESIAN_POINT('',(-1.2255,2.492450690283E-16,1.1225));
#246 = VECTOR('',#247,1.);
#247 = DIRECTION('',(0.,1.,-2.22044604925E-16));
#248 = ORIENTED_EDGE('',*,*,#249,.T.);
#249 = EDGE_CURVE('',#242,#250,#252,.T.);
#250 = VERTEX_POINT('',#251);
#251 = CARTESIAN_POINT('',(-1.2255,0.46,-1.1225));
#252 = LINE('',#253,#254);
#253 = CARTESIAN_POINT('',(-1.2255,0.46,1.1225));
#254 = VECTOR('',#255,1.);
#255 = DIRECTION('',(0.,-2.22044604925E-16,-1.));
#256 = ORIENTED_EDGE('',*,*,#257,.F.);
#257 = EDGE_CURVE('',#234,#250,#258,.T.);
#258 = LINE('',#259,#260);
#259 = CARTESIAN_POINT('',(-1.2255,-2.492450690283E-16,-1.1225));
#260 = VECTOR('',#261,1.);
#261 = DIRECTION('',(0.,1.,-2.22044604925E-16));
#262 = PLANE('',#263);
#263 = AXIS2_PLACEMENT_3D('',#264,#265,#266);
#264 = CARTESIAN_POINT('',(-1.2255,2.492450690283E-16,1.1225));
#265 = DIRECTION('',(-1.,0.,0.));
#266 = DIRECTION('',(0.,-2.22044604925E-16,-1.));
#267 = ADVANCED_FACE('',(#268),#293,.F.);
#268 = FACE_BOUND('',#269,.T.);
#269 = EDGE_LOOP('',(#270,#271,#279,#287));
#270 = ORIENTED_EDGE('',*,*,#231,.T.);
#271 = ORIENTED_EDGE('',*,*,#272,.T.);
#272 = EDGE_CURVE('',#234,#273,#275,.T.);
#273 = VERTEX_POINT('',#274);
#274 = CARTESIAN_POINT('',(1.2255,9.6E-02,-1.1225));
#275 = LINE('',#276,#277);
#276 = CARTESIAN_POINT('',(-1.2255,9.6E-02,-1.1225));
#277 = VECTOR('',#278,1.);
#278 = DIRECTION('',(1.,0.,0.));
#279 = ORIENTED_EDGE('',*,*,#280,.T.);
#280 = EDGE_CURVE('',#273,#281,#283,.T.);
#281 = VERTEX_POINT('',#282);
#282 = CARTESIAN_POINT('',(1.2255,9.6E-02,1.1225));
#283 = LINE('',#284,#285);
#284 = CARTESIAN_POINT('',(1.2255,9.6E-02,-1.1225));
#285 = VECTOR('',#286,1.);
#286 = DIRECTION('',(0.,2.22044604925E-16,1.));
#287 = ORIENTED_EDGE('',*,*,#288,.T.);
#288 = EDGE_CURVE('',#281,#232,#289,.T.);
#289 = LINE('',#290,#291);
#290 = CARTESIAN_POINT('',(1.2255,9.6E-02,1.1225));
#291 = VECTOR('',#292,1.);
#292 = DIRECTION('',(-1.,0.,0.));
#293 = PLANE('',#294);
#294 = AXIS2_PLACEMENT_3D('',#295,#296,#297);
#295 = CARTESIAN_POINT('',(4.728377447296E-17,9.6E-02,
    -6.938893903907E-17));
#296 = DIRECTION('',(0.,1.,0.));
#297 = DIRECTION('',(0.,0.,1.));
#298 = ADVANCED_FACE('',(#299),#317,.T.);
#299 = FACE_BOUND('',#300,.T.);
#300 = EDGE_LOOP('',(#301,#302,#303,#311));
#301 = ORIENTED_EDGE('',*,*,#272,.F.);
#302 = ORIENTED_EDGE('',*,*,#257,.T.);
#303 = ORIENTED_EDGE('',*,*,#304,.T.);
#304 = EDGE_CURVE('',#250,#305,#307,.T.);
#305 = VERTEX_POINT('',#306);
#306 = CARTESIAN_POINT('',(1.2255,0.46,-1.1225));
#307 = LINE('',#308,#309);
#308 = CARTESIAN_POINT('',(-1.2255,0.46,-1.1225));
#309 = VECTOR('',#310,1.);
#310 = DIRECTION('',(1.,0.,0.));
#311 = ORIENTED_EDGE('',*,*,#312,.F.);
#312 = EDGE_CURVE('',#273,#305,#313,.T.);
#313 = LINE('',#314,#315);
#314 = CARTESIAN_POINT('',(1.2255,-2.492450690283E-16,-1.1225));
#315 = VECTOR('',#316,1.);
#316 = DIRECTION('',(0.,1.,-2.22044604925E-16));
#317 = PLANE('',#318);
#318 = AXIS2_PLACEMENT_3D('',#319,#320,#321);
#319 = CARTESIAN_POINT('',(-1.2255,-2.492450690283E-16,-1.1225));
#320 = DIRECTION('',(0.,-2.22044604925E-16,-1.));
#321 = DIRECTION('',(1.,0.,0.));
#322 = ADVANCED_FACE('',(#323,#341),#352,.T.);
#323 = FACE_BOUND('',#324,.T.);
#324 = EDGE_LOOP('',(#325,#326,#334,#340));
#325 = ORIENTED_EDGE('',*,*,#249,.F.);
#326 = ORIENTED_EDGE('',*,*,#327,.F.);
#327 = EDGE_CURVE('',#328,#242,#330,.T.);
#328 = VERTEX_POINT('',#329);
#329 = CARTESIAN_POINT('',(1.2255,0.46,1.1225));
#330 = LINE('',#331,#332);
#331 = CARTESIAN_POINT('',(1.2255,0.46,1.1225));
#332 = VECTOR('',#333,1.);
#333 = DIRECTION('',(-1.,0.,0.));
#334 = ORIENTED_EDGE('',*,*,#335,.F.);
#335 = EDGE_CURVE('',#305,#328,#336,.T.);
#336 = LINE('',#337,#338);
#337 = CARTESIAN_POINT('',(1.2255,0.46,-1.1225));
#338 = VECTOR('',#339,1.);
#339 = DIRECTION('',(0.,2.22044604925E-16,1.));
#340 = ORIENTED_EDGE('',*,*,#304,.F.);
#341 = FACE_BOUND('',#342,.T.);
#342 = EDGE_LOOP('',(#343));
#343 = ORIENTED_EDGE('',*,*,#344,.F.);
#344 = EDGE_CURVE('',#345,#345,#347,.T.);
#345 = VERTEX_POINT('',#346);
#346 = CARTESIAN_POINT('',(-0.731180672269,0.46,-0.772357142857));
#347 = CIRCLE('',#348,0.144176470588);
#348 = AXIS2_PLACEMENT_3D('',#349,#350,#351);
#349 = CARTESIAN_POINT('',(-0.875357142857,0.46,-0.772357142857));
#350 = DIRECTION('',(-0.,1.,2.22044604925E-16));
#351 = DIRECTION('',(1.,0.,0.));
#352 = PLANE('',#353);
#353 = AXIS2_PLACEMENT_3D('',#354,#355,#356);
#354 = CARTESIAN_POINT('',(4.728377447296E-17,0.46,-1.665334536938E-16)
  );
#355 = DIRECTION('',(0.,1.,0.));
#356 = DIRECTION('',(0.,0.,1.));
#357 = ADVANCED_FACE('',(#358),#369,.T.);
#358 = FACE_BOUND('',#359,.T.);
#359 = EDGE_LOOP('',(#360,#361,#367,#368));
#360 = ORIENTED_EDGE('',*,*,#288,.F.);
#361 = ORIENTED_EDGE('',*,*,#362,.T.);
#362 = EDGE_CURVE('',#281,#328,#363,.T.);
#363 = LINE('',#364,#365);
#364 = CARTESIAN_POINT('',(1.2255,2.492450690283E-16,1.1225));
#365 = VECTOR('',#366,1.);
#366 = DIRECTION('',(0.,1.,-2.22044604925E-16));
#367 = ORIENTED_EDGE('',*,*,#327,.T.);
#368 = ORIENTED_EDGE('',*,*,#241,.F.);
#369 = PLANE('',#370);
#370 = AXIS2_PLACEMENT_3D('',#371,#372,#373);
#371 = CARTESIAN_POINT('',(1.2255,2.492450690283E-16,1.1225));
#372 = DIRECTION('',(0.,2.22044604925E-16,1.));
#373 = DIRECTION('',(-1.,0.,0.));
#374 = ADVANCED_FACE('',(#375),#381,.T.);
#375 = FACE_BOUND('',#376,.T.);
#376 = EDGE_LOOP('',(#377,#378,#379,#380));
#377 = ORIENTED_EDGE('',*,*,#280,.F.);
#378 = ORIENTED_EDGE('',*,*,#312,.T.);
#379 = ORIENTED_EDGE('',*,*,#335,.T.);
#380 = ORIENTED_EDGE('',*,*,#362,.F.);
#381 = PLANE('',#382);
#382 = AXIS2_PLACEMENT_3D('',#383,#384,#385);
#383 = CARTESIAN_POINT('',(1.2255,-2.492450690283E-16,-1.1225));
#384 = DIRECTION('',(1.,0.,0.));
#385 = DIRECTION('',(0.,2.22044604925E-16,1.));
#386 = ADVANCED_FACE('',(#387),#406,.F.);
#387 = FACE_BOUND('',#388,.F.);
#388 = EDGE_LOOP('',(#389,#397,#404,#405));
#389 = ORIENTED_EDGE('',*,*,#390,.T.);
#390 = EDGE_CURVE('',#345,#391,#393,.T.);
#391 = VERTEX_POINT('',#392);
#392 = CARTESIAN_POINT('',(-0.731180672269,0.4236,-0.772357142857));
#393 = LINE('',#394,#395);
#394 = CARTESIAN_POINT('',(-0.731180672269,0.46,-0.772357142857));
#395 = VECTOR('',#396,1.);
#396 = DIRECTION('',(0.,-1.,-2.22044604925E-16));
#397 = ORIENTED_EDGE('',*,*,#398,.T.);
#398 = EDGE_CURVE('',#391,#391,#399,.T.);
#399 = CIRCLE('',#400,0.144176470588);
#400 = AXIS2_PLACEMENT_3D('',#401,#402,#403);
#401 = CARTESIAN_POINT('',(-0.875357142857,0.4236,-0.772357142857));
#402 = DIRECTION('',(-0.,1.,2.22044604925E-16));
#403 = DIRECTION('',(1.,0.,0.));
#404 = ORIENTED_EDGE('',*,*,#390,.F.);
#405 = ORIENTED_EDGE('',*,*,#344,.F.);
#406 = CYLINDRICAL_SURFACE('',#407,0.144176470588);
#407 = AXIS2_PLACEMENT_3D('',#408,#409,#410);
#408 = CARTESIAN_POINT('',(-0.875357142857,0.46,-0.772357142857));
#409 = DIRECTION('',(0.,1.,2.22044604925E-16));
#410 = DIRECTION('',(1.,0.,0.));
#411 = ADVANCED_FACE('',(#412),#415,.T.);
#412 = FACE_BOUND('',#413,.T.);
#413 = EDGE_LOOP('',(#414));
#414 = ORIENTED_EDGE('',*,*,#398,.T.);
#415 = PLANE('',#416);
#416 = AXIS2_PLACEMENT_3D('',#417,#418,#419);
#417 = CARTESIAN_POINT('',(-0.875357142857,0.4236,-0.772357142857));
#418 = DIRECTION('',(0.,1.,2.222927082043E-16));
#419 = DIRECTION('',(0.,-2.222927082043E-16,1.));
#420 = ( GEOMETRIC_REPRESENTATION_CONTEXT(3) 
GLOBAL_UNCERTAINTY_ASSIGNED_CONTEXT((#424)) GLOBAL_UNIT_ASSIGNED_CONTEXT
((#421,#422,#423)) REPRESENTATION_CONTEXT('Context #1',
  '3D Context with UNIT and UNCERTAINTY') );
#421 = ( LENGTH_UNIT() NAMED_UNIT(*) SI_UNIT(.MILLI.,.METRE.) );
#422 = ( NAMED_UNIT(*) PLANE_ANGLE_UNIT() SI_UNIT($,.RADIAN.) );
#423 = ( NAMED_UNIT(*) SI_UNIT($,.STERADIAN.) SOLID_ANGLE_UNIT() );
#424 = UNCERTAINTY_MEASURE_WITH_UNIT(LENGTH_MEASURE(1.E-07),#421,
  'distance_accuracy_value','confusion accuracy');
#425 = CONTEXT_DEPENDENT_SHAPE_REPRESENTATION(#426,#428);
#426 = ( REPRESENTATION_RELATIONSHIP('','',#224,#10) 
REPRESENTATION_RELATIONSHIP_WITH_TRANSFORMATION(#427) 
SHAPE_REPRESENTATION_RELATIONSHIP() );
#427 = ITEM_DEFINED_TRANSFORMATION('','',#11,#15);
#428 = PRODUCT_DEFINITION_SHAPE('Placement','Placement of an item',#429
  );
#429 = NEXT_ASSEMBLY_USAGE_OCCURRENCE('63850','Body_Solid1','',#5,#219,$
  );
#430 = PRODUCT_RELATED_PRODUCT_CATEGORY('part',$,(#221));
#431 = SHAPE_DEFINITION_REPRESENTATION(#432,#438);
#432 = PRODUCT_DEFINITION_SHAPE('','',#433);
#433 = PRODUCT_DEFINITION('design','',#434,#437);
#434 = PRODUCT_DEFINITION_FORMATION('','',#435);
#435 = PRODUCT('Body002_Solid1','Body002_Solid1','',(#436));
#436 = PRODUCT_CONTEXT('',#2,'mechanical');
#437 = PRODUCT_DEFINITION_CONTEXT('part definition',#2,'design');
#438 = ADVANCED_BREP_SHAPE_REPRESENTATION('',(#11,#439),#492);
#439 = MANIFOLD_SOLID_BREP('',#440);
#440 = CLOSED_SHELL('',(#441,#474,#483));
#441 = ADVANCED_FACE('',(#442),#469,.T.);
#442 = FACE_BOUND('',#443,.F.);
#443 = EDGE_LOOP('',(#444,#454,#461,#462));
#444 = ORIENTED_EDGE('',*,*,#445,.T.);
#445 = EDGE_CURVE('',#446,#448,#450,.T.);
#446 = VERTEX_POINT('',#447);
#447 = CARTESIAN_POINT('',(-1.019533613445,0.4236,-0.772357142857));
#448 = VERTEX_POINT('',#449);
#449 = CARTESIAN_POINT('',(-1.019533613445,0.46,-0.772357142857));
#450 = LINE('',#451,#452);
#451 = CARTESIAN_POINT('',(-1.019533613445,0.4236,-0.772357142857));
#452 = VECTOR('',#453,1.);
#453 = DIRECTION('',(0.,1.,-2.22044604925E-16));
#454 = ORIENTED_EDGE('',*,*,#455,.T.);
#455 = EDGE_CURVE('',#448,#448,#456,.T.);
#456 = CIRCLE('',#457,0.144176470588);
#457 = AXIS2_PLACEMENT_3D('',#458,#459,#460);
#458 = CARTESIAN_POINT('',(-0.875357142857,0.46,-0.772357142857));
#459 = DIRECTION('',(0.,1.,-2.22044604925E-16));
#460 = DIRECTION('',(-1.,0.,0.));
#461 = ORIENTED_EDGE('',*,*,#445,.F.);
#462 = ORIENTED_EDGE('',*,*,#463,.F.);
#463 = EDGE_CURVE('',#446,#446,#464,.T.);
#464 = CIRCLE('',#465,0.144176470588);
#465 = AXIS2_PLACEMENT_3D('',#466,#467,#468);
#466 = CARTESIAN_POINT('',(-0.875357142857,0.4236,-0.772357142857));
#467 = DIRECTION('',(0.,1.,-2.22044604925E-16));
#468 = DIRECTION('',(-1.,0.,0.));
#469 = CYLINDRICAL_SURFACE('',#470,0.144176470588);
#470 = AXIS2_PLACEMENT_3D('',#471,#472,#473);
#471 = CARTESIAN_POINT('',(-0.875357142857,0.4236,-0.772357142857));
#472 = DIRECTION('',(0.,-1.,2.22044604925E-16));
#473 = DIRECTION('',(-1.,0.,0.));
#474 = ADVANCED_FACE('',(#475),#478,.F.);
#475 = FACE_BOUND('',#476,.F.);
#476 = EDGE_LOOP('',(#477));
#477 = ORIENTED_EDGE('',*,*,#463,.T.);
#478 = PLANE('',#479);
#479 = AXIS2_PLACEMENT_3D('',#480,#481,#482);
#480 = CARTESIAN_POINT('',(-0.875357142857,0.4236,-0.772357142857));
#481 = DIRECTION('',(0.,1.,-2.222927082043E-16));
#482 = DIRECTION('',(0.,2.222927082043E-16,1.));
#483 = ADVANCED_FACE('',(#484),#487,.T.);
#484 = FACE_BOUND('',#485,.T.);
#485 = EDGE_LOOP('',(#486));
#486 = ORIENTED_EDGE('',*,*,#455,.T.);
#487 = PLANE('',#488);
#488 = AXIS2_PLACEMENT_3D('',#489,#490,#491);
#489 = CARTESIAN_POINT('',(-0.875357142857,0.46,-0.772357142857));
#490 = DIRECTION('',(0.,1.,-2.222927082043E-16));
#491 = DIRECTION('',(0.,2.222927082043E-16,1.));
#492 = ( GEOMETRIC_REPRESENTATION_CONTEXT(3) 
GLOBAL_UNCERTAINTY_ASSIGNED_CONTEXT((#496)) GLOBAL_UNIT_ASSIGNED_CONTEXT
((#493,#494,#495)) REPRESENTATION_CONTEXT('Context #1',
  '3D Context with UNIT and UNCERTAINTY') );
#493 = ( LENGTH_UNIT() NAMED_UNIT(*) SI_UNIT(.MILLI.,.METRE.) );
#494 = ( NAMED_UNIT(*) PLANE_ANGLE_UNIT() SI_UNIT($,.RADIAN.) );
#495 = ( NAMED_UNIT(*) SI_UNIT($,.STERADIAN.) SOLID_ANGLE_UNIT() );
#496 = UNCERTAINTY_MEASURE_WITH_UNIT(LENGTH_MEASURE(1.E-07),#493,
  'distance_accuracy_value','confusion accuracy');
#497 = CONTEXT_DEPENDENT_SHAPE_REPRESENTATION(#498,#500);
#498 = ( REPRESENTATION_RELATIONSHIP('','',#438,#10) 
REPRESENTATION_RELATIONSHIP_WITH_TRANSFORMATION(#499) 
SHAPE_REPRESENTATION_RELATIONSHIP() );
#499 = ITEM_DEFINED_TRANSFORMATION('','',#11,#19);
#500 = PRODUCT_DEFINITION_SHAPE('Placement','Placement of an item',#501
  );
#501 = NEXT_ASSEMBLY_USAGE_OCCURRENCE('63851','Body002_Solid1','',#5,
  #433,$);
#502 = PRODUCT_RELATED_PRODUCT_CATEGORY('part',$,(#435));
#503 = SHAPE_DEFINITION_REPRESENTATION(#504,#510);
#504 = PRODUCT_DEFINITION_SHAPE('','',#505);
#505 = PRODUCT_DEFINITION('design','',#506,#509);
#506 = PRODUCT_DEFINITION_FORMATION('','',#507);
#507 = PRODUCT('BALL_0001','BALL_0001','',(#508));
#508 = PRODUCT_CONTEXT('',#2,'mechanical');
#509 = PRODUCT_DEFINITION_CONTEXT('part definition',#2,'design');
#510 = ADVANCED_BREP_SHAPE_REPRESENTATION('',(#11,#511),#549);
#511 = MANIFOLD_SOLID_BREP('',#512);
#512 = CLOSED_SHELL('',(#513,#540));
#513 = ADVANCED_FACE('',(#514),#535,.T.);
#514 = FACE_BOUND('',#515,.T.);
#515 = EDGE_LOOP('',(#516,#525,#534));
#516 = ORIENTED_EDGE('',*,*,#517,.T.);
#517 = EDGE_CURVE('',#518,#518,#520,.T.);
#518 = VERTEX_POINT('',#519);
#519 = CARTESIAN_POINT('',(-0.9,9.599999999978E-02,-0.852));
#520 = CIRCLE('',#521,4.80000000003E-02);
#521 = AXIS2_PLACEMENT_3D('',#522,#523,#524);
#522 = CARTESIAN_POINT('',(-0.9,9.599999999978E-02,-0.9));
#523 = DIRECTION('',(-5.551115123126E-17,-1.,0.));
#524 = DIRECTION('',(-3.916057553563E-30,2.173848630861E-46,1.));
#525 = ORIENTED_EDGE('',*,*,#526,.T.);
#526 = EDGE_CURVE('',#518,#527,#529,.T.);
#527 = VERTEX_POINT('',#528);
#528 = CARTESIAN_POINT('',(-0.9,-3.435099972407E-15,-0.9));
#529 = CIRCLE('',#530,6.E-02);
#530 = AXIS2_PLACEMENT_3D('',#531,#532,#533);
#531 = CARTESIAN_POINT('',(-0.9,6.E-02,-0.9));
#532 = DIRECTION('',(1.,-1.110223024625E-16,-5.551115123126E-17));
#533 = DIRECTION('',(1.110223024625E-16,1.,5.551115123126E-17));
#534 = ORIENTED_EDGE('',*,*,#526,.F.);
#535 = SPHERICAL_SURFACE('',#536,6.E-02);
#536 = AXIS2_PLACEMENT_3D('',#537,#538,#539);
#537 = CARTESIAN_POINT('',(-0.9,6.E-02,-0.9));
#538 = DIRECTION('',(-5.551115123126E-17,-1.,-0.));
#539 = DIRECTION('',(-3.500331551977E-30,1.943074341413E-46,1.));
#540 = ADVANCED_FACE('',(#541),#544,.F.);
#541 = FACE_BOUND('',#542,.F.);
#542 = EDGE_LOOP('',(#543));
#543 = ORIENTED_EDGE('',*,*,#517,.T.);
#544 = PLANE('',#545);
#545 = AXIS2_PLACEMENT_3D('',#546,#547,#548);
#546 = CARTESIAN_POINT('',(-0.9,9.6E-02,-0.9));
#547 = DIRECTION('',(-5.551115123126E-17,-1.,-0.));
#548 = DIRECTION('',(-3.916057553565E-30,2.173848630863E-46,1.));
#549 = ( GEOMETRIC_REPRESENTATION_CONTEXT(3) 
GLOBAL_UNCERTAINTY_ASSIGNED_CONTEXT((#553)) GLOBAL_UNIT_ASSIGNED_CONTEXT
((#550,#551,#552)) REPRESENTATION_CONTEXT('Context #1',
  '3D Context with UNIT and UNCERTAINTY') );
#550 = ( LENGTH_UNIT() NAMED_UNIT(*) SI_UNIT(.MILLI.,.METRE.) );
#551 = ( NAMED_UNIT(*) PLANE_ANGLE_UNIT() SI_UNIT($,.RADIAN.) );
#552 = ( NAMED_UNIT(*) SI_UNIT($,.STERADIAN.) SOLID_ANGLE_UNIT() );
#553 = UNCERTAINTY_MEASURE_WITH_UNIT(LENGTH_MEASURE(1.E-07),#550,
  'distance_accuracy_value','confusion accuracy');
#554 = CONTEXT_DEPENDENT_SHAPE_REPRESENTATION(#555,#557);
#555 = ( REPRESENTATION_RELATIONSHIP('','',#510,#10) 
REPRESENTATION_RELATIONSHIP_WITH_TRANSFORMATION(#556) 
SHAPE_REPRESENTATION_RELATIONSHIP() );
#556 = ITEM_DEFINED_TRANSFORMATION('','',#11,#23);
#557 = PRODUCT_DEFINITION_SHAPE('Placement','Placement of an item',#558
  );
#558 = NEXT_ASSEMBLY_USAGE_OCCURRENCE('63852','BALL_0001','',#5,#505,$);
#559 = PRODUCT_RELATED_PRODUCT_CATEGORY('part',$,(#507));
#560 = SHAPE_DEFINITION_REPRESENTATION(#561,#567);
#561 = PRODUCT_DEFINITION_SHAPE('','',#562);
#562 = PRODUCT_DEFINITION('design','',#563,#566);
#563 = PRODUCT_DEFINITION_FORMATION('','',#564);
#564 = PRODUCT('BALL_0002','BALL_0002','',(#565));
#565 = PRODUCT_CONTEXT('',#2,'mechanical');
#566 = PRODUCT_DEFINITION_CONTEXT('part definition',#2,'design');
#567 = ADVANCED_BREP_SHAPE_REPRESENTATION('',(#11,#568),#606);
#568 = MANIFOLD_SOLID_BREP('',#569);
#569 = CLOSED_SHELL('',(#570,#597));
#570 = ADVANCED_FACE('',(#571),#592,.T.);
#571 = FACE_BOUND('',#572,.T.);
#572 = EDGE_LOOP('',(#573,#582,#591));
#573 = ORIENTED_EDGE('',*,*,#574,.T.);
#574 = EDGE_CURVE('',#575,#575,#577,.T.);
#575 = VERTEX_POINT('',#576);
#576 = CARTESIAN_POINT('',(-0.9,9.599999999978E-02,-0.852));
#577 = CIRCLE('',#578,4.80000000003E-02);
#578 = AXIS2_PLACEMENT_3D('',#579,#580,#581);
#579 = CARTESIAN_POINT('',(-0.9,9.599999999978E-02,-0.9));
#580 = DIRECTION('',(-5.551115123126E-17,-1.,0.));
#581 = DIRECTION('',(-3.916057553563E-30,2.173848630861E-46,1.));
#582 = ORIENTED_EDGE('',*,*,#583,.T.);
#583 = EDGE_CURVE('',#575,#584,#586,.T.);
#584 = VERTEX_POINT('',#585);
#585 = CARTESIAN_POINT('',(-0.9,-3.435099972407E-15,-0.9));
#586 = CIRCLE('',#587,6.E-02);
#587 = AXIS2_PLACEMENT_3D('',#588,#589,#590);
#588 = CARTESIAN_POINT('',(-0.9,6.E-02,-0.9));
#589 = DIRECTION('',(1.,-1.110223024625E-16,-5.551115123126E-17));
#590 = DIRECTION('',(1.110223024625E-16,1.,5.551115123126E-17));
#591 = ORIENTED_EDGE('',*,*,#583,.F.);
#592 = SPHERICAL_SURFACE('',#593,6.E-02);
#593 = AXIS2_PLACEMENT_3D('',#594,#595,#596);
#594 = CARTESIAN_POINT('',(-0.9,6.E-02,-0.9));
#595 = DIRECTION('',(-5.551115123126E-17,-1.,-0.));
#596 = DIRECTION('',(-3.500331551977E-30,1.943074341413E-46,1.));
#597 = ADVANCED_FACE('',(#598),#601,.F.);
#598 = FACE_BOUND('',#599,.F.);
#599 = EDGE_LOOP('',(#600));
#600 = ORIENTED_EDGE('',*,*,#574,.T.);
#601 = PLANE('',#602);
#602 = AXIS2_PLACEMENT_3D('',#603,#604,#605);
#603 = CARTESIAN_POINT('',(-0.9,9.6E-02,-0.9));
#604 = DIRECTION('',(-5.551115123126E-17,-1.,-0.));
#605 = DIRECTION('',(-3.916057553565E-30,2.173848630863E-46,1.));
#606 = ( GEOMETRIC_REPRESENTATION_CONTEXT(3) 
GLOBAL_UNCERTAINTY_ASSIGNED_CONTEXT((#610)) GLOBAL_UNIT_ASSIGNED_CONTEXT
((#607,#608,#609)) REPRESENTATION_CONTEXT('Context #1',
  '3D Context with UNIT and UNCERTAINTY') );
#607 = ( LENGTH_UNIT() NAMED_UNIT(*) SI_UNIT(.MILLI.,.METRE.) );
#608 = ( NAMED_UNIT(*) PLANE_ANGLE_UNIT() SI_UNIT($,.RADIAN.) );
#609 = ( NAMED_UNIT(*) SI_UNIT($,.STERADIAN.) SOLID_ANGLE_UNIT() );
#610 = UNCERTAINTY_MEASURE_WITH_UNIT(LENGTH_MEASURE(1.E-07),#607,
  'distance_accuracy_value','confusion accuracy');
#611 = CONTEXT_DEPENDENT_SHAPE_REPRESENTATION(#612,#614);
#612 = ( REPRESENTATION_RELATIONSHIP('','',#567,#10) 
REPRESENTATION_RELATIONSHIP_WITH_TRANSFORMATION(#613) 
SHAPE_REPRESENTATION_RELATIONSHIP() );
#613 = ITEM_DEFINED_TRANSFORMATION('','',#11,#27);
#614 = PRODUCT_DEFINITION_SHAPE('Placement','Placement of an item',#615
  );
#615 = NEXT_ASSEMBLY_USAGE_OCCURRENCE('63853','BALL_0002','',#5,#562,$);
#616 = PRODUCT_RELATED_PRODUCT_CATEGORY('part',$,(#564));
#617 = SHAPE_DEFINITION_REPRESENTATION(#618,#624);
#618 = PRODUCT_DEFINITION_SHAPE('','',#619);
#619 = PRODUCT_DEFINITION('design','',#620,#623);
#620 = PRODUCT_DEFINITION_FORMATION('','',#621);
#621 = PRODUCT('BALL_0003','BALL_0003','',(#622));
#622 = PRODUCT_CONTEXT('',#2,'mechanical');
#623 = PRODUCT_DEFINITION_CONTEXT('part definition',#2,'design');
#624 = ADVANCED_BREP_SHAPE_REPRESENTATION('',(#11,#625),#663);
#625 = MANIFOLD_SOLID_BREP('',#626);
#626 = CLOSED_SHELL('',(#627,#654));
#627 = ADVANCED_FACE('',(#628),#649,.T.);
#628 = FACE_BOUND('',#629,.T.);
#629 = EDGE_LOOP('',(#630,#639,#648));
#630 = ORIENTED_EDGE('',*,*,#631,.T.);
#631 = EDGE_CURVE('',#632,#632,#634,.T.);
#632 = VERTEX_POINT('',#633);
#633 = CARTESIAN_POINT('',(-0.9,9.599999999978E-02,-0.852));
#634 = CIRCLE('',#635,4.80000000003E-02);
#635 = AXIS2_PLACEMENT_3D('',#636,#637,#638);
#636 = CARTESIAN_POINT('',(-0.9,9.599999999978E-02,-0.9));
#637 = DIRECTION('',(-5.551115123126E-17,-1.,0.));
#638 = DIRECTION('',(-3.916057553563E-30,2.173848630861E-46,1.));
#639 = ORIENTED_EDGE('',*,*,#640,.T.);
#640 = EDGE_CURVE('',#632,#641,#643,.T.);
#641 = VERTEX_POINT('',#642);
#642 = CARTESIAN_POINT('',(-0.9,-3.435099972407E-15,-0.9));
#643 = CIRCLE('',#644,6.E-02);
#644 = AXIS2_PLACEMENT_3D('',#645,#646,#647);
#645 = CARTESIAN_POINT('',(-0.9,6.E-02,-0.9));
#646 = DIRECTION('',(1.,-1.110223024625E-16,-5.551115123126E-17));
#647 = DIRECTION('',(1.110223024625E-16,1.,5.551115123126E-17));
#648 = ORIENTED_EDGE('',*,*,#640,.F.);
#649 = SPHERICAL_SURFACE('',#650,6.E-02);
#650 = AXIS2_PLACEMENT_3D('',#651,#652,#653);
#651 = CARTESIAN_POINT('',(-0.9,6.E-02,-0.9));
#652 = DIRECTION('',(-5.551115123126E-17,-1.,-0.));
#653 = DIRECTION('',(-3.500331551977E-30,1.943074341413E-46,1.));
#654 = ADVANCED_FACE('',(#655),#658,.F.);
#655 = FACE_BOUND('',#656,.F.);
#656 = EDGE_LOOP('',(#657));
#657 = ORIENTED_EDGE('',*,*,#631,.T.);
#658 = PLANE('',#659);
#659 = AXIS2_PLACEMENT_3D('',#660,#661,#662);
#660 = CARTESIAN_POINT('',(-0.9,9.6E-02,-0.9));
#661 = DIRECTION('',(-5.551115123126E-17,-1.,-0.));
#662 = DIRECTION('',(-3.916057553565E-30,2.173848630863E-46,1.));
#663 = ( GEOMETRIC_REPRESENTATION_CONTEXT(3) 
GLOBAL_UNCERTAINTY_ASSIGNED_CONTEXT((#667)) GLOBAL_UNIT_ASSIGNED_CONTEXT
((#664,#665,#666)) REPRESENTATION_CONTEXT('Context #1',
  '3D Context with UNIT and UNCERTAINTY') );
#664 = ( LENGTH_UNIT() NAMED_UNIT(*) SI_UNIT(.MILLI.,.METRE.) );
#665 = ( NAMED_UNIT(*) PLANE_ANGLE_UNIT() SI_UNIT($,.RADIAN.) );
#666 = ( NAMED_UNIT(*) SI_UNIT($,.STERADIAN.) SOLID_ANGLE_UNIT() );
#667 = UNCERTAINTY_MEASURE_WITH_UNIT(LENGTH_MEASURE(1.E-07),#664,
  'distance_accuracy_value','confusion accuracy');
#668 = CONTEXT_DEPENDENT_SHAPE_REPRESENTATION(#669,#671);
#669 = ( REPRESENTATION_RELATIONSHIP('','',#624,#10) 
REPRESENTATION_RELATIONSHIP_WITH_TRANSFORMATION(#670) 
SHAPE_REPRESENTATION_RELATIONSHIP() );
#670 = ITEM_DEFINED_TRANSFORMATION('','',#11,#31);
#671 = PRODUCT_DEFINITION_SHAPE('Placement','Placement of an item',#672
  );
#672 = NEXT_ASSEMBLY_USAGE_OCCURRENCE('63854','BALL_0003','',#5,#619,$);
#673 = PRODUCT_RELATED_PRODUCT_CATEGORY('part',$,(#621));
#674 = SHAPE_DEFINITION_REPRESENTATION(#675,#681);
#675 = PRODUCT_DEFINITION_SHAPE('','',#676);
#676 = PRODUCT_DEFINITION('design','',#677,#680);
#677 = PRODUCT_DEFINITION_FORMATION('','',#678);
#678 = PRODUCT('BALL_0004','BALL_0004','',(#679));
#679 = PRODUCT_CONTEXT('',#2,'mechanical');
#680 = PRODUCT_DEFINITION_CONTEXT('part definition',#2,'design');
#681 = ADVANCED_BREP_SHAPE_REPRESENTATION('',(#11,#682),#720);
#682 = MANIFOLD_SOLID_BREP('',#683);
#683 = CLOSED_SHELL('',(#684,#711));
#684 = ADVANCED_FACE('',(#685),#706,.T.);
#685 = FACE_BOUND('',#686,.T.);
#686 = EDGE_LOOP('',(#687,#696,#705));
#687 = ORIENTED_EDGE('',*,*,#688,.T.);
#688 = EDGE_CURVE('',#689,#689,#691,.T.);
#689 = VERTEX_POINT('',#690);
#690 = CARTESIAN_POINT('',(-0.9,9.599999999978E-02,-0.852));
#691 = CIRCLE('',#692,4.80000000003E-02);
#692 = AXIS2_PLACEMENT_3D('',#693,#694,#695);
#693 = CARTESIAN_POINT('',(-0.9,9.599999999978E-02,-0.9));
#694 = DIRECTION('',(-5.551115123126E-17,-1.,0.));
#695 = DIRECTION('',(-3.916057553563E-30,2.173848630861E-46,1.));
#696 = ORIENTED_EDGE('',*,*,#697,.T.);
#697 = EDGE_CURVE('',#689,#698,#700,.T.);
#698 = VERTEX_POINT('',#699);
#699 = CARTESIAN_POINT('',(-0.9,-3.435099972407E-15,-0.9));
#700 = CIRCLE('',#701,6.E-02);
#701 = AXIS2_PLACEMENT_3D('',#702,#703,#704);
#702 = CARTESIAN_POINT('',(-0.9,6.E-02,-0.9));
#703 = DIRECTION('',(1.,-1.110223024625E-16,-5.551115123126E-17));
#704 = DIRECTION('',(1.110223024625E-16,1.,5.551115123126E-17));
#705 = ORIENTED_EDGE('',*,*,#697,.F.);
#706 = SPHERICAL_SURFACE('',#707,6.E-02);
#707 = AXIS2_PLACEMENT_3D('',#708,#709,#710);
#708 = CARTESIAN_POINT('',(-0.9,6.E-02,-0.9));
#709 = DIRECTION('',(-5.551115123126E-17,-1.,-0.));
#710 = DIRECTION('',(-3.500331551977E-30,1.943074341413E-46,1.));
#711 = ADVANCED_FACE('',(#712),#715,.F.);
#712 = FACE_BOUND('',#713,.F.);
#713 = EDGE_LOOP('',(#714));
#714 = ORIENTED_EDGE('',*,*,#688,.T.);
#715 = PLANE('',#716);
#716 = AXIS2_PLACEMENT_3D('',#717,#718,#719);
#717 = CARTESIAN_POINT('',(-0.9,9.6E-02,-0.9));
#718 = DIRECTION('',(-5.551115123126E-17,-1.,-0.));
#719 = DIRECTION('',(-3.916057553565E-30,2.173848630863E-46,1.));
#720 = ( GEOMETRIC_REPRESENTATION_CONTEXT(3) 
GLOBAL_UNCERTAINTY_ASSIGNED_CONTEXT((#724)) GLOBAL_UNIT_ASSIGNED_CONTEXT
((#721,#722,#723)) REPRESENTATION_CONTEXT('Context #1',
  '3D Context with UNIT and UNCERTAINTY') );
#721 = ( LENGTH_UNIT() NAMED_UNIT(*) SI_UNIT(.MILLI.,.METRE.) );
#722 = ( NAMED_UNIT(*) PLANE_ANGLE_UNIT() SI_UNIT($,.RADIAN.) );
#723 = ( NAMED_UNIT(*) SI_UNIT($,.STERADIAN.) SOLID_ANGLE_UNIT() );
#724 = UNCERTAINTY_MEASURE_WITH_UNIT(LENGTH_MEASURE(1.E-07),#721,
  'distance_accuracy_value','confusion accuracy');
#725 = CONTEXT_DEPENDENT_SHAPE_REPRESENTATION(#726,#728);
#726 = ( REPRESENTATION_RELATIONSHIP('','',#681,#10) 
REPRESENTATION_RELATIONSHIP_WITH_TRANSFORMATION(#727) 
SHAPE_REPRESENTATION_RELATIONSHIP() );
#727 = ITEM_DEFINED_TRANSFORMATION('','',#11,#35);
#728 = PRODUCT_DEFINITION_SHAPE('Placement','Placement of an item',#729
  );
#729 = NEXT_ASSEMBLY_USAGE_OCCURRENCE('63855','BALL_0004','',#5,#676,$);
#730 = PRODUCT_RELATED_PRODUCT_CATEGORY('part',$,(#678));
#731 = SHAPE_DEFINITION_REPRESENTATION(#732,#738);
#732 = PRODUCT_DEFINITION_SHAPE('','',#733);
#733 = PRODUCT_DEFINITION('design','',#734,#737);
#734 = PRODUCT_DEFINITION_FORMATION('','',#735);
#735 = PRODUCT('BALL_0005','BALL_0005','',(#736));
#736 = PRODUCT_CONTEXT('',#2,'mechanical');
#737 = PRODUCT_DEFINITION_CONTEXT('part definition',#2,'design');
#738 = ADVANCED_BREP_SHAPE_REPRESENTATION('',(#11,#739),#777);
#739 = MANIFOLD_SOLID_BREP('',#740);
#740 = CLOSED_SHELL('',(#741,#768));
#741 = ADVANCED_FACE('',(#742),#763,.T.);
#742 = FACE_BOUND('',#743,.T.);
#743 = EDGE_LOOP('',(#744,#753,#762));
#744 = ORIENTED_EDGE('',*,*,#745,.T.);
#745 = EDGE_CURVE('',#746,#746,#748,.T.);
#746 = VERTEX_POINT('',#747);
#747 = CARTESIAN_POINT('',(-0.9,9.599999999978E-02,-0.852));
#748 = CIRCLE('',#749,4.80000000003E-02);
#749 = AXIS2_PLACEMENT_3D('',#750,#751,#752);
#750 = CARTESIAN_POINT('',(-0.9,9.599999999978E-02,-0.9));
#751 = DIRECTION('',(-5.551115123126E-17,-1.,0.));
#752 = DIRECTION('',(-3.916057553563E-30,2.173848630861E-46,1.));
#753 = ORIENTED_EDGE('',*,*,#754,.T.);
#754 = EDGE_CURVE('',#746,#755,#757,.T.);
#755 = VERTEX_POINT('',#756);
#756 = CARTESIAN_POINT('',(-0.9,-3.435099972407E-15,-0.9));
#757 = CIRCLE('',#758,6.E-02);
#758 = AXIS2_PLACEMENT_3D('',#759,#760,#761);
#759 = CARTESIAN_POINT('',(-0.9,6.E-02,-0.9));
#760 = DIRECTION('',(1.,-1.110223024625E-16,-5.551115123126E-17));
#761 = DIRECTION('',(1.110223024625E-16,1.,5.551115123126E-17));
#762 = ORIENTED_EDGE('',*,*,#754,.F.);
#763 = SPHERICAL_SURFACE('',#764,6.E-02);
#764 = AXIS2_PLACEMENT_3D('',#765,#766,#767);
#765 = CARTESIAN_POINT('',(-0.9,6.E-02,-0.9));
#766 = DIRECTION('',(-5.551115123126E-17,-1.,-0.));
#767 = DIRECTION('',(-3.500331551977E-30,1.943074341413E-46,1.));
#768 = ADVANCED_FACE('',(#769),#772,.F.);
#769 = FACE_BOUND('',#770,.F.);
#770 = EDGE_LOOP('',(#771));
#771 = ORIENTED_EDGE('',*,*,#745,.T.);
#772 = PLANE('',#773);
#773 = AXIS2_PLACEMENT_3D('',#774,#775,#776);
#774 = CARTESIAN_POINT('',(-0.9,9.6E-02,-0.9));
#775 = DIRECTION('',(-5.551115123126E-17,-1.,-0.));
#776 = DIRECTION('',(-3.916057553565E-30,2.173848630863E-46,1.));
#777 = ( GEOMETRIC_REPRESENTATION_CONTEXT(3) 
GLOBAL_UNCERTAINTY_ASSIGNED_CONTEXT((#781)) GLOBAL_UNIT_ASSIGNED_CONTEXT
((#778,#779,#780)) REPRESENTATION_CONTEXT('Context #1',
  '3D Context with UNIT and UNCERTAINTY') );
#778 = ( LENGTH_UNIT() NAMED_UNIT(*) SI_UNIT(.MILLI.,.METRE.) );
#779 = ( NAMED_UNIT(*) PLANE_ANGLE_UNIT() SI_UNIT($,.RADIAN.) );
#780 = ( NAMED_UNIT(*) SI_UNIT($,.STERADIAN.) SOLID_ANGLE_UNIT() );
#781 = UNCERTAINTY_MEASURE_WITH_UNIT(LENGTH_MEASURE(1.E-07),#778,
  'distance_accuracy_value','confusion accuracy');
#782 = CONTEXT_DEPENDENT_SHAPE_REPRESENTATION(#783,#785);
#783 = ( REPRESENTATION_RELATIONSHIP('','',#738,#10) 
REPRESENTATION_RELATIONSHIP_WITH_TRANSFORMATION(#784) 
SHAPE_REPRESENTATION_RELATIONSHIP() );
#784 = ITEM_DEFINED_TRANSFORMATION('','',#11,#39);
#785 = PRODUCT_DEFINITION_SHAPE('Placement','Placement of an item',#786
  );
#786 = NEXT_ASSEMBLY_USAGE_OCCURRENCE('63856','BALL_0005','',#5,#733,$);
#787 = PRODUCT_RELATED_PRODUCT_CATEGORY('part',$,(#735));
#788 = SHAPE_DEFINITION_REPRESENTATION(#789,#795);
#789 = PRODUCT_DEFINITION_SHAPE('','',#790);
#790 = PRODUCT_DEFINITION('design','',#791,#794);
#791 = PRODUCT_DEFINITION_FORMATION('','',#792);
#792 = PRODUCT('BALL_0006','BALL_0006','',(#793));
#793 = PRODUCT_CONTEXT('',#2,'mechanical');
#794 = PRODUCT_DEFINITION_CONTEXT('part definition',#2,'design');
#795 = ADVANCED_BREP_SHAPE_REPRESENTATION('',(#11,#796),#834);
#796 = MANIFOLD_SOLID_BREP('',#797);
#797 = CLOSED_SHELL('',(#798,#825));
#798 = ADVANCED_FACE('',(#799),#820,.T.);
#799 = FACE_BOUND('',#800,.T.);
#800 = EDGE_LOOP('',(#801,#810,#819));
#801 = ORIENTED_EDGE('',*,*,#802,.T.);
#802 = EDGE_CURVE('',#803,#803,#805,.T.);
#803 = VERTEX_POINT('',#804);
#804 = CARTESIAN_POINT('',(-0.9,9.599999999978E-02,-0.852));
#805 = CIRCLE('',#806,4.80000000003E-02);
#806 = AXIS2_PLACEMENT_3D('',#807,#808,#809);
#807 = CARTESIAN_POINT('',(-0.9,9.599999999978E-02,-0.9));
#808 = DIRECTION('',(-5.551115123126E-17,-1.,0.));
#809 = DIRECTION('',(-3.916057553563E-30,2.173848630861E-46,1.));
#810 = ORIENTED_EDGE('',*,*,#811,.T.);
#811 = EDGE_CURVE('',#803,#812,#814,.T.);
#812 = VERTEX_POINT('',#813);
#813 = CARTESIAN_POINT('',(-0.9,-3.435099972407E-15,-0.9));
#814 = CIRCLE('',#815,6.E-02);
#815 = AXIS2_PLACEMENT_3D('',#816,#817,#818);
#816 = CARTESIAN_POINT('',(-0.9,6.E-02,-0.9));
#817 = DIRECTION('',(1.,-1.110223024625E-16,-5.551115123126E-17));
#818 = DIRECTION('',(1.110223024625E-16,1.,5.551115123126E-17));
#819 = ORIENTED_EDGE('',*,*,#811,.F.);
#820 = SPHERICAL_SURFACE('',#821,6.E-02);
#821 = AXIS2_PLACEMENT_3D('',#822,#823,#824);
#822 = CARTESIAN_POINT('',(-0.9,6.E-02,-0.9));
#823 = DIRECTION('',(-5.551115123126E-17,-1.,-0.));
#824 = DIRECTION('',(-3.500331551977E-30,1.943074341413E-46,1.));
#825 = ADVANCED_FACE('',(#826),#829,.F.);
#826 = FACE_BOUND('',#827,.F.);
#827 = EDGE_LOOP('',(#828));
#828 = ORIENTED_EDGE('',*,*,#802,.T.);
#829 = PLANE('',#830);
#830 = AXIS2_PLACEMENT_3D('',#831,#832,#833);
#831 = CARTESIAN_POINT('',(-0.9,9.6E-02,-0.9));
#832 = DIRECTION('',(-5.551115123126E-17,-1.,-0.));
#833 = DIRECTION('',(-3.916057553565E-30,2.173848630863E-46,1.));
#834 = ( GEOMETRIC_REPRESENTATION_CONTEXT(3) 
GLOBAL_UNCERTAINTY_ASSIGNED_CONTEXT((#838)) GLOBAL_UNIT_ASSIGNED_CONTEXT
((#835,#836,#837)) REPRESENTATION_CONTEXT('Context #1',
  '3D Context with UNIT and UNCERTAINTY') );
#835 = ( LENGTH_UNIT() NAMED_UNIT(*) SI_UNIT(.MILLI.,.METRE.) );
#836 = ( NAMED_UNIT(*) PLANE_ANGLE_UNIT() SI_UNIT($,.RADIAN.) );
#837 = ( NAMED_UNIT(*) SI_UNIT($,.STERADIAN.) SOLID_ANGLE_UNIT() );
#838 = UNCERTAINTY_MEASURE_WITH_UNIT(LENGTH_MEASURE(1.E-07),#835,
  'distance_accuracy_value','confusion accuracy');
#839 = CONTEXT_DEPENDENT_SHAPE_REPRESENTATION(#840,#842);
#840 = ( REPRESENTATION_RELATIONSHIP('','',#795,#10) 
REPRESENTATION_RELATIONSHIP_WITH_TRANSFORMATION(#841) 
SHAPE_REPRESENTATION_RELATIONSHIP() );
#841 = ITEM_DEFINED_TRANSFORMATION('','',#11,#43);
#842 = PRODUCT_DEFINITION_SHAPE('Placement','Placement of an item',#843
  );
#843 = NEXT_ASSEMBLY_USAGE_OCCURRENCE('63857','BALL_0006','',#5,#790,$);
#844 = PRODUCT_RELATED_PRODUCT_CATEGORY('part',$,(#792));
#845 = SHAPE_DEFINITION_REPRESENTATION(#846,#852);
#846 = PRODUCT_DEFINITION_SHAPE('','',#847);
#847 = PRODUCT_DEFINITION('design','',#848,#851);
#848 = PRODUCT_DEFINITION_FORMATION('','',#849);
#849 = PRODUCT('BALL_0007','BALL_0007','',(#850));
#850 = PRODUCT_CONTEXT('',#2,'mechanical');
#851 = PRODUCT_DEFINITION_CONTEXT('part definition',#2,'design');
#852 = ADVANCED_BREP_SHAPE_REPRESENTATION('',(#11,#853),#891);
#853 = MANIFOLD_SOLID_BREP('',#854);
#854 = CLOSED_SHELL('',(#855,#882));
#855 = ADVANCED_FACE('',(#856),#877,.T.);
#856 = FACE_BOUND('',#857,.T.);
#857 = EDGE_LOOP('',(#858,#867,#876));
#858 = ORIENTED_EDGE('',*,*,#859,.T.);
#859 = EDGE_CURVE('',#860,#860,#862,.T.);
#860 = VERTEX_POINT('',#861);
#861 = CARTESIAN_POINT('',(-0.9,9.599999999978E-02,-0.852));
#862 = CIRCLE('',#863,4.80000000003E-02);
#863 = AXIS2_PLACEMENT_3D('',#864,#865,#866);
#864 = CARTESIAN_POINT('',(-0.9,9.599999999978E-02,-0.9));
#865 = DIRECTION('',(-5.551115123126E-17,-1.,0.));
#866 = DIRECTION('',(-3.916057553563E-30,2.173848630861E-46,1.));
#867 = ORIENTED_EDGE('',*,*,#868,.T.);
#868 = EDGE_CURVE('',#860,#869,#871,.T.);
#869 = VERTEX_POINT('',#870);
#870 = CARTESIAN_POINT('',(-0.9,-3.435099972407E-15,-0.9));
#871 = CIRCLE('',#872,6.E-02);
#872 = AXIS2_PLACEMENT_3D('',#873,#874,#875);
#873 = CARTESIAN_POINT('',(-0.9,6.E-02,-0.9));
#874 = DIRECTION('',(1.,-1.110223024625E-16,-5.551115123126E-17));
#875 = DIRECTION('',(1.110223024625E-16,1.,5.551115123126E-17));
#876 = ORIENTED_EDGE('',*,*,#868,.F.);
#877 = SPHERICAL_SURFACE('',#878,6.E-02);
#878 = AXIS2_PLACEMENT_3D('',#879,#880,#881);
#879 = CARTESIAN_POINT('',(-0.9,6.E-02,-0.9));
#880 = DIRECTION('',(-5.551115123126E-17,-1.,-0.));
#881 = DIRECTION('',(-3.500331551977E-30,1.943074341413E-46,1.));
#882 = ADVANCED_FACE('',(#883),#886,.F.);
#883 = FACE_BOUND('',#884,.F.);
#884 = EDGE_LOOP('',(#885));
#885 = ORIENTED_EDGE('',*,*,#859,.T.);
#886 = PLANE('',#887);
#887 = AXIS2_PLACEMENT_3D('',#888,#889,#890);
#888 = CARTESIAN_POINT('',(-0.9,9.6E-02,-0.9));
#889 = DIRECTION('',(-5.551115123126E-17,-1.,-0.));
#890 = DIRECTION('',(-3.916057553565E-30,2.173848630863E-46,1.));
#891 = ( GEOMETRIC_REPRESENTATION_CONTEXT(3) 
GLOBAL_UNCERTAINTY_ASSIGNED_CONTEXT((#895)) GLOBAL_UNIT_ASSIGNED_CONTEXT
((#892,#893,#894)) REPRESENTATION_CONTEXT('Context #1',
  '3D Context with UNIT and UNCERTAINTY') );
#892 = ( LENGTH_UNIT() NAMED_UNIT(*) SI_UNIT(.MILLI.,.METRE.) );
#893 = ( NAMED_UNIT(*) PLANE_ANGLE_UNIT() SI_UNIT($,.RADIAN.) );
#894 = ( NAMED_UNIT(*) SI_UNIT($,.STERADIAN.) SOLID_ANGLE_UNIT() );
#895 = UNCERTAINTY_MEASURE_WITH_UNIT(LENGTH_MEASURE(1.E-07),#892,
  'distance_accuracy_value','confusion accuracy');
#896 = CONTEXT_DEPENDENT_SHAPE_REPRESENTATION(#897,#899);
#897 = ( REPRESENTATION_RELATIONSHIP('','',#852,#10) 
REPRESENTATION_RELATIONSHIP_WITH_TRANSFORMATION(#898) 
SHAPE_REPRESENTATION_RELATIONSHIP() );
#898 = ITEM_DEFINED_TRANSFORMATION('','',#11,#47);
#899 = PRODUCT_DEFINITION_SHAPE('Placement','Placement of an item',#900
  );
#900 = NEXT_ASSEMBLY_USAGE_OCCURRENCE('63858','BALL_0007','',#5,#847,$);
#901 = PRODUCT_RELATED_PRODUCT_CATEGORY('part',$,(#849));
#902 = SHAPE_DEFINITION_REPRESENTATION(#903,#909);
#903 = PRODUCT_DEFINITION_SHAPE('','',#904);
#904 = PRODUCT_DEFINITION('design','',#905,#908);
#905 = PRODUCT_DEFINITION_FORMATION('','',#906);
#906 = PRODUCT('BALL_0008','BALL_0008','',(#907));
#907 = PRODUCT_CONTEXT('',#2,'mechanical');
#908 = PRODUCT_DEFINITION_CONTEXT('part definition',#2,'design');
#909 = ADVANCED_BREP_SHAPE_REPRESENTATION('',(#11,#910),#948);
#910 = MANIFOLD_SOLID_BREP('',#911);
#911 = CLOSED_SHELL('',(#912,#939));
#912 = ADVANCED_FACE('',(#913),#934,.T.);
#913 = FACE_BOUND('',#914,.T.);
#914 = EDGE_LOOP('',(#915,#924,#933));
#915 = ORIENTED_EDGE('',*,*,#916,.T.);
#916 = EDGE_CURVE('',#917,#917,#919,.T.);
#917 = VERTEX_POINT('',#918);
#918 = CARTESIAN_POINT('',(-0.9,9.599999999978E-02,-0.852));
#919 = CIRCLE('',#920,4.80000000003E-02);
#920 = AXIS2_PLACEMENT_3D('',#921,#922,#923);
#921 = CARTESIAN_POINT('',(-0.9,9.599999999978E-02,-0.9));
#922 = DIRECTION('',(-5.551115123126E-17,-1.,0.));
#923 = DIRECTION('',(-3.916057553563E-30,2.173848630861E-46,1.));
#924 = ORIENTED_EDGE('',*,*,#925,.T.);
#925 = EDGE_CURVE('',#917,#926,#928,.T.);
#926 = VERTEX_POINT('',#927);
#927 = CARTESIAN_POINT('',(-0.9,-3.435099972407E-15,-0.9));
#928 = CIRCLE('',#929,6.E-02);
#929 = AXIS2_PLACEMENT_3D('',#930,#931,#932);
#930 = CARTESIAN_POINT('',(-0.9,6.E-02,-0.9));
#931 = DIRECTION('',(1.,-1.110223024625E-16,-5.551115123126E-17));
#932 = DIRECTION('',(1.110223024625E-16,1.,5.551115123126E-17));
#933 = ORIENTED_EDGE('',*,*,#925,.F.);
#934 = SPHERICAL_SURFACE('',#935,6.E-02);
#935 = AXIS2_PLACEMENT_3D('',#936,#937,#938);
#936 = CARTESIAN_POINT('',(-0.9,6.E-02,-0.9));
#937 = DIRECTION('',(-5.551115123126E-17,-1.,-0.));
#938 = DIRECTION('',(-3.500331551977E-30,1.943074341413E-46,1.));
#939 = ADVANCED_FACE('',(#940),#943,.F.);
#940 = FACE_BOUND('',#941,.F.);
#941 = EDGE_LOOP('',(#942));
#942 = ORIENTED_EDGE('',*,*,#916,.T.);
#943 = PLANE('',#944);
#944 = AXIS2_PLACEMENT_3D('',#945,#946,#947);
#945 = CARTESIAN_POINT('',(-0.9,9.6E-02,-0.9));
#946 = DIRECTION('',(-5.551115123126E-17,-1.,-0.));
#947 = DIRECTION('',(-3.916057553565E-30,2.173848630863E-46,1.));
#948 = ( GEOMETRIC_REPRESENTATION_CONTEXT(3) 
GLOBAL_UNCERTAINTY_ASSIGNED_CONTEXT((#952)) GLOBAL_UNIT_ASSIGNED_CONTEXT
((#949,#950,#951)) REPRESENTATION_CONTEXT('Context #1',
  '3D Context with UNIT and UNCERTAINTY') );
#949 = ( LENGTH_UNIT() NAMED_UNIT(*) SI_UNIT(.MILLI.,.METRE.) );
#950 = ( NAMED_UNIT(*) PLANE_ANGLE_UNIT() SI_UNIT($,.RADIAN.) );
#951 = ( NAMED_UNIT(*) SI_UNIT($,.STERADIAN.) SOLID_ANGLE_UNIT() );
#952 = UNCERTAINTY_MEASURE_WITH_UNIT(LENGTH_MEASURE(1.E-07),#949,
  'distance_accuracy_value','confusion accuracy');
#953 = CONTEXT_DEPENDENT_SHAPE_REPRESENTATION(#954,#956);
#954 = ( REPRESENTATION_RELATIONSHIP('','',#909,#10) 
REPRESENTATION_RELATIONSHIP_WITH_TRANSFORMATION(#955) 
SHAPE_REPRESENTATION_RELATIONSHIP() );
#955 = ITEM_DEFINED_TRANSFORMATION('','',#11,#51);
#956 = PRODUCT_DEFINITION_SHAPE('Placement','Placement of an item',#957
  );
#957 = NEXT_ASSEMBLY_USAGE_OCCURRENCE('63859','BALL_0008','',#5,#904,$);
#958 = PRODUCT_RELATED_PRODUCT_CATEGORY('part',$,(#906));
#959 = SHAPE_DEFINITION_REPRESENTATION(#960,#966);
#960 = PRODUCT_DEFINITION_SHAPE('','',#961);
#961 = PRODUCT_DEFINITION('design','',#962,#965);
#962 = PRODUCT_DEFINITION_FORMATION('','',#963);
#963 = PRODUCT('BALL_0009','BALL_0009','',(#964));
#964 = PRODUCT_CONTEXT('',#2,'mechanical');
#965 = PRODUCT_DEFINITION_CONTEXT('part definition',#2,'design');
#966 = ADVANCED_BREP_SHAPE_REPRESENTATION('',(#11,#967),#1005);
#967 = MANIFOLD_SOLID_BREP('',#968);
#968 = CLOSED_SHELL('',(#969,#996));
#969 = ADVANCED_FACE('',(#970),#991,.T.);
#970 = FACE_BOUND('',#971,.T.);
#971 = EDGE_LOOP('',(#972,#981,#990));
#972 = ORIENTED_EDGE('',*,*,#973,.T.);
#973 = EDGE_CURVE('',#974,#974,#976,.T.);
#974 = VERTEX_POINT('',#975);
#975 = CARTESIAN_POINT('',(-0.9,9.599999999978E-02,-0.852));
#976 = CIRCLE('',#977,4.80000000003E-02);
#977 = AXIS2_PLACEMENT_3D('',#978,#979,#980);
#978 = CARTESIAN_POINT('',(-0.9,9.599999999978E-02,-0.9));
#979 = DIRECTION('',(-5.551115123126E-17,-1.,0.));
#980 = DIRECTION('',(-3.916057553563E-30,2.173848630861E-46,1.));
#981 = ORIENTED_EDGE('',*,*,#982,.T.);
#982 = EDGE_CURVE('',#974,#983,#985,.T.);
#983 = VERTEX_POINT('',#984);
#984 = CARTESIAN_POINT('',(-0.9,-3.435099972407E-15,-0.9));
#985 = CIRCLE('',#986,6.E-02);
#986 = AXIS2_PLACEMENT_3D('',#987,#988,#989);
#987 = CARTESIAN_POINT('',(-0.9,6.E-02,-0.9));
#988 = DIRECTION('',(1.,-1.110223024625E-16,-5.551115123126E-17));
#989 = DIRECTION('',(1.110223024625E-16,1.,5.551115123126E-17));
#990 = ORIENTED_EDGE('',*,*,#982,.F.);
#991 = SPHERICAL_SURFACE('',#992,6.E-02);
#992 = AXIS2_PLACEMENT_3D('',#993,#994,#995);
#993 = CARTESIAN_POINT('',(-0.9,6.E-02,-0.9));
#994 = DIRECTION('',(-5.551115123126E-17,-1.,-0.));
#995 = DIRECTION('',(-3.500331551977E-30,1.943074341413E-46,1.));
#996 = ADVANCED_FACE('',(#997),#1000,.F.);
#997 = FACE_BOUND('',#998,.F.);
#998 = EDGE_LOOP('',(#999));
#999 = ORIENTED_EDGE('',*,*,#973,.T.);
#1000 = PLANE('',#1001);
#1001 = AXIS2_PLACEMENT_3D('',#1002,#1003,#1004);
#1002 = CARTESIAN_POINT('',(-0.9,9.6E-02,-0.9));
#1003 = DIRECTION('',(-5.551115123126E-17,-1.,-0.));
#1004 = DIRECTION('',(-3.916057553565E-30,2.173848630863E-46,1.));
#1005 = ( GEOMETRIC_REPRESENTATION_CONTEXT(3) 
GLOBAL_UNCERTAINTY_ASSIGNED_CONTEXT((#1009)) 
GLOBAL_UNIT_ASSIGNED_CONTEXT((#1006,#1007,#1008)) REPRESENTATION_CONTEXT
('Context #1','3D Context with UNIT and UNCERTAINTY') );
#1006 = ( LENGTH_UNIT() NAMED_UNIT(*) SI_UNIT(.MILLI.,.METRE.) );
#1007 = ( NAMED_UNIT(*) PLANE_ANGLE_UNIT() SI_UNIT($,.RADIAN.) );
#1008 = ( NAMED_UNIT(*) SI_UNIT($,.STERADIAN.) SOLID_ANGLE_UNIT() );
#1009 = UNCERTAINTY_MEASURE_WITH_UNIT(LENGTH_MEASURE(1.E-07),#1006,
  'distance_accuracy_value','confusion accuracy');
#1010 = CONTEXT_DEPENDENT_SHAPE_REPRESENTATION(#1011,#1013);
#1011 = ( REPRESENTATION_RELATIONSHIP('','',#966,#10) 
REPRESENTATION_RELATIONSHIP_WITH_TRANSFORMATION(#1012) 
SHAPE_REPRESENTATION_RELATIONSHIP() );
#1012 = ITEM_DEFINED_TRANSFORMATION('','',#11,#55);
#1013 = PRODUCT_DEFINITION_SHAPE('Placement','Placement of an item',
  #1014);
#1014 = NEXT_ASSEMBLY_USAGE_OCCURRENCE('63860','BALL_0009','',#5,#961,$
  );
#1015 = PRODUCT_RELATED_PRODUCT_CATEGORY('part',$,(#963));
#1016 = SHAPE_DEFINITION_REPRESENTATION(#1017,#1023);
#1017 = PRODUCT_DEFINITION_SHAPE('','',#1018);
#1018 = PRODUCT_DEFINITION('design','',#1019,#1022);
#1019 = PRODUCT_DEFINITION_FORMATION('','',#1020);
#1020 = PRODUCT('BALL_0010','BALL_0010','',(#1021));
#1021 = PRODUCT_CONTEXT('',#2,'mechanical');
#1022 = PRODUCT_DEFINITION_CONTEXT('part definition',#2,'design');
#1023 = ADVANCED_BREP_SHAPE_REPRESENTATION('',(#11,#1024),#1062);
#1024 = MANIFOLD_SOLID_BREP('',#1025);
#1025 = CLOSED_SHELL('',(#1026,#1053));
#1026 = ADVANCED_FACE('',(#1027),#1048,.T.);
#1027 = FACE_BOUND('',#1028,.T.);
#1028 = EDGE_LOOP('',(#1029,#1038,#1047));
#1029 = ORIENTED_EDGE('',*,*,#1030,.T.);
#1030 = EDGE_CURVE('',#1031,#1031,#1033,.T.);
#1031 = VERTEX_POINT('',#1032);
#1032 = CARTESIAN_POINT('',(-0.9,9.599999999978E-02,-0.852));
#1033 = CIRCLE('',#1034,4.80000000003E-02);
#1034 = AXIS2_PLACEMENT_3D('',#1035,#1036,#1037);
#1035 = CARTESIAN_POINT('',(-0.9,9.599999999978E-02,-0.9));
#1036 = DIRECTION('',(-5.551115123126E-17,-1.,0.));
#1037 = DIRECTION('',(-3.916057553563E-30,2.173848630861E-46,1.));
#1038 = ORIENTED_EDGE('',*,*,#1039,.T.);
#1039 = EDGE_CURVE('',#1031,#1040,#1042,.T.);
#1040 = VERTEX_POINT('',#1041);
#1041 = CARTESIAN_POINT('',(-0.9,-3.435099972407E-15,-0.9));
#1042 = CIRCLE('',#1043,6.E-02);
#1043 = AXIS2_PLACEMENT_3D('',#1044,#1045,#1046);
#1044 = CARTESIAN_POINT('',(-0.9,6.E-02,-0.9));
#1045 = DIRECTION('',(1.,-1.110223024625E-16,-5.551115123126E-17));
#1046 = DIRECTION('',(1.110223024625E-16,1.,5.551115123126E-17));
#1047 = ORIENTED_EDGE('',*,*,#1039,.F.);
#1048 = SPHERICAL_SURFACE('',#1049,6.E-02);
#1049 = AXIS2_PLACEMENT_3D('',#1050,#1051,#1052);
#1050 = CARTESIAN_POINT('',(-0.9,6.E-02,-0.9));
#1051 = DIRECTION('',(-5.551115123126E-17,-1.,-0.));
#1052 = DIRECTION('',(-3.500331551977E-30,1.943074341413E-46,1.));
#1053 = ADVANCED_FACE('',(#1054),#1057,.F.);
#1054 = FACE_BOUND('',#1055,.F.);
#1055 = EDGE_LOOP('',(#1056));
#1056 = ORIENTED_EDGE('',*,*,#1030,.T.);
#1057 = PLANE('',#1058);
#1058 = AXIS2_PLACEMENT_3D('',#1059,#1060,#1061);
#1059 = CARTESIAN_POINT('',(-0.9,9.6E-02,-0.9));
#1060 = DIRECTION('',(-5.551115123126E-17,-1.,-0.));
#1061 = DIRECTION('',(-3.916057553565E-30,2.173848630863E-46,1.));
#1062 = ( GEOMETRIC_REPRESENTATION_CONTEXT(3) 
GLOBAL_UNCERTAINTY_ASSIGNED_CONTEXT((#1066)) 
GLOBAL_UNIT_ASSIGNED_CONTEXT((#1063,#1064,#1065)) REPRESENTATION_CONTEXT
('Context #1','3D Context with UNIT and UNCERTAINTY') );
#1063 = ( LENGTH_UNIT() NAMED_UNIT(*) SI_UNIT(.MILLI.,.METRE.) );
#1064 = ( NAMED_UNIT(*) PLANE_ANGLE_UNIT() SI_UNIT($,.RADIAN.) );
#1065 = ( NAMED_UNIT(*) SI_UNIT($,.STERADIAN.) SOLID_ANGLE_UNIT() );
#1066 = UNCERTAINTY_MEASURE_WITH_UNIT(LENGTH_MEASURE(1.E-07),#1063,
  'distance_accuracy_value','confusion accuracy');
#1067 = CONTEXT_DEPENDENT_SHAPE_REPRESENTATION(#1068,#1070);
#1068 = ( REPRESENTATION_RELATIONSHIP('','',#1023,#10) 
REPRESENTATION_RELATIONSHIP_WITH_TRANSFORMATION(#1069) 
SHAPE_REPRESENTATION_RELATIONSHIP() );
#1069 = ITEM_DEFINED_TRANSFORMATION('','',#11,#59);
#1070 = PRODUCT_DEFINITION_SHAPE('Placement','Placement of an item',
  #1071);
#1071 = NEXT_ASSEMBLY_USAGE_OCCURRENCE('63861','BALL_0010','',#5,#1018,$
  );
#1072 = PRODUCT_RELATED_PRODUCT_CATEGORY('part',$,(#1020));
#1073 = SHAPE_DEFINITION_REPRESENTATION(#1074,#1080);
#1074 = PRODUCT_DEFINITION_SHAPE('','',#1075);
#1075 = PRODUCT_DEFINITION('design','',#1076,#1079);
#1076 = PRODUCT_DEFINITION_FORMATION('','',#1077);
#1077 = PRODUCT('BALL_0011','BALL_0011','',(#1078));
#1078 = PRODUCT_CONTEXT('',#2,'mechanical');
#1079 = PRODUCT_DEFINITION_CONTEXT('part definition',#2,'design');
#1080 = ADVANCED_BREP_SHAPE_REPRESENTATION('',(#11,#1081),#1119);
#1081 = MANIFOLD_SOLID_BREP('',#1082);
#1082 = CLOSED_SHELL('',(#1083,#1110));
#1083 = ADVANCED_FACE('',(#1084),#1105,.T.);
#1084 = FACE_BOUND('',#1085,.T.);
#1085 = EDGE_LOOP('',(#1086,#1095,#1104));
#1086 = ORIENTED_EDGE('',*,*,#1087,.T.);
#1087 = EDGE_CURVE('',#1088,#1088,#1090,.T.);
#1088 = VERTEX_POINT('',#1089);
#1089 = CARTESIAN_POINT('',(-0.9,9.599999999978E-02,-0.852));
#1090 = CIRCLE('',#1091,4.80000000003E-02);
#1091 = AXIS2_PLACEMENT_3D('',#1092,#1093,#1094);
#1092 = CARTESIAN_POINT('',(-0.9,9.599999999978E-02,-0.9));
#1093 = DIRECTION('',(-5.551115123126E-17,-1.,0.));
#1094 = DIRECTION('',(-3.916057553563E-30,2.173848630861E-46,1.));
#1095 = ORIENTED_EDGE('',*,*,#1096,.T.);
#1096 = EDGE_CURVE('',#1088,#1097,#1099,.T.);
#1097 = VERTEX_POINT('',#1098);
#1098 = CARTESIAN_POINT('',(-0.9,-3.435099972407E-15,-0.9));
#1099 = CIRCLE('',#1100,6.E-02);
#1100 = AXIS2_PLACEMENT_3D('',#1101,#1102,#1103);
#1101 = CARTESIAN_POINT('',(-0.9,6.E-02,-0.9));
#1102 = DIRECTION('',(1.,-1.110223024625E-16,-5.551115123126E-17));
#1103 = DIRECTION('',(1.110223024625E-16,1.,5.551115123126E-17));
#1104 = ORIENTED_EDGE('',*,*,#1096,.F.);
#1105 = SPHERICAL_SURFACE('',#1106,6.E-02);
#1106 = AXIS2_PLACEMENT_3D('',#1107,#1108,#1109);
#1107 = CARTESIAN_POINT('',(-0.9,6.E-02,-0.9));
#1108 = DIRECTION('',(-5.551115123126E-17,-1.,-0.));
#1109 = DIRECTION('',(-3.500331551977E-30,1.943074341413E-46,1.));
#1110 = ADVANCED_FACE('',(#1111),#1114,.F.);
#1111 = FACE_BOUND('',#1112,.F.);
#1112 = EDGE_LOOP('',(#1113));
#1113 = ORIENTED_EDGE('',*,*,#1087,.T.);
#1114 = PLANE('',#1115);
#1115 = AXIS2_PLACEMENT_3D('',#1116,#1117,#1118);
#1116 = CARTESIAN_POINT('',(-0.9,9.6E-02,-0.9));
#1117 = DIRECTION('',(-5.551115123126E-17,-1.,-0.));
#1118 = DIRECTION('',(-3.916057553565E-30,2.173848630863E-46,1.));
#1119 = ( GEOMETRIC_REPRESENTATION_CONTEXT(3) 
GLOBAL_UNCERTAINTY_ASSIGNED_CONTEXT((#1123)) 
GLOBAL_UNIT_ASSIGNED_CONTEXT((#1120,#1121,#1122)) REPRESENTATION_CONTEXT
('Context #1','3D Context with UNIT and UNCERTAINTY') );
#1120 = ( LENGTH_UNIT() NAMED_UNIT(*) SI_UNIT(.MILLI.,.METRE.) );
#1121 = ( NAMED_UNIT(*) PLANE_ANGLE_UNIT() SI_UNIT($,.RADIAN.) );
#1122 = ( NAMED_UNIT(*) SI_UNIT($,.STERADIAN.) SOLID_ANGLE_UNIT() );
#1123 = UNCERTAINTY_MEASURE_WITH_UNIT(LENGTH_MEASURE(1.E-07),#1120,
  'distance_accuracy_value','confusion accuracy');
#1124 = CONTEXT_DEPENDENT_SHAPE_REPRESENTATION(#1125,#1127);
#1125 = ( REPRESENTATION_RELATIONSHIP('','',#1080,#10) 
REPRESENTATION_RELATIONSHIP_WITH_TRANSFORMATION(#1126) 
SHAPE_REPRESENTATION_RELATIONSHIP() );
#1126 = ITEM_DEFINED_TRANSFORMATION('','',#11,#63);
#1127 = PRODUCT_DEFINITION_SHAPE('Placement','Placement of an item',
  #1128);
#1128 = NEXT_ASSEMBLY_USAGE_OCCURRENCE('63862','BALL_0011','',#5,#1075,$
  );
#1129 = PRODUCT_RELATED_PRODUCT_CATEGORY('part',$,(#1077));
#1130 = SHAPE_DEFINITION_REPRESENTATION(#1131,#1137);
#1131 = PRODUCT_DEFINITION_SHAPE('','',#1132);
#1132 = PRODUCT_DEFINITION('design','',#1133,#1136);
#1133 = PRODUCT_DEFINITION_FORMATION('','',#1134);
#1134 = PRODUCT('BALL_0012','BALL_0012','',(#1135));
#1135 = PRODUCT_CONTEXT('',#2,'mechanical');
#1136 = PRODUCT_DEFINITION_CONTEXT('part definition',#2,'design');
#1137 = ADVANCED_BREP_SHAPE_REPRESENTATION('',(#11,#1138),#1176);
#1138 = MANIFOLD_SOLID_BREP('',#1139);
#1139 = CLOSED_SHELL('',(#1140,#1167));
#1140 = ADVANCED_FACE('',(#1141),#1162,.T.);
#1141 = FACE_BOUND('',#1142,.T.);
#1142 = EDGE_LOOP('',(#1143,#1152,#1161));
#1143 = ORIENTED_EDGE('',*,*,#1144,.T.);
#1144 = EDGE_CURVE('',#1145,#1145,#1147,.T.);
#1145 = VERTEX_POINT('',#1146);
#1146 = CARTESIAN_POINT('',(-0.9,9.599999999978E-02,-0.852));
#1147 = CIRCLE('',#1148,4.80000000003E-02);
#1148 = AXIS2_PLACEMENT_3D('',#1149,#1150,#1151);
#1149 = CARTESIAN_POINT('',(-0.9,9.599999999978E-02,-0.9));
#1150 = DIRECTION('',(-5.551115123126E-17,-1.,0.));
#1151 = DIRECTION('',(-3.916057553563E-30,2.173848630861E-46,1.));
#1152 = ORIENTED_EDGE('',*,*,#1153,.T.);
#1153 = EDGE_CURVE('',#1145,#1154,#1156,.T.);
#1154 = VERTEX_POINT('',#1155);
#1155 = CARTESIAN_POINT('',(-0.9,-3.435099972407E-15,-0.9));
#1156 = CIRCLE('',#1157,6.E-02);
#1157 = AXIS2_PLACEMENT_3D('',#1158,#1159,#1160);
#1158 = CARTESIAN_POINT('',(-0.9,6.E-02,-0.9));
#1159 = DIRECTION('',(1.,-1.110223024625E-16,-5.551115123126E-17));
#1160 = DIRECTION('',(1.110223024625E-16,1.,5.551115123126E-17));
#1161 = ORIENTED_EDGE('',*,*,#1153,.F.);
#1162 = SPHERICAL_SURFACE('',#1163,6.E-02);
#1163 = AXIS2_PLACEMENT_3D('',#1164,#1165,#1166);
#1164 = CARTESIAN_POINT('',(-0.9,6.E-02,-0.9));
#1165 = DIRECTION('',(-5.551115123126E-17,-1.,-0.));
#1166 = DIRECTION('',(-3.500331551977E-30,1.943074341413E-46,1.));
#1167 = ADVANCED_FACE('',(#1168),#1171,.F.);
#1168 = FACE_BOUND('',#1169,.F.);
#1169 = EDGE_LOOP('',(#1170));
#1170 = ORIENTED_EDGE('',*,*,#1144,.T.);
#1171 = PLANE('',#1172);
#1172 = AXIS2_PLACEMENT_3D('',#1173,#1174,#1175);
#1173 = CARTESIAN_POINT('',(-0.9,9.6E-02,-0.9));
#1174 = DIRECTION('',(-5.551115123126E-17,-1.,-0.));
#1175 = DIRECTION('',(-3.916057553565E-30,2.173848630863E-46,1.));
#1176 = ( GEOMETRIC_REPRESENTATION_CONTEXT(3) 
GLOBAL_UNCERTAINTY_ASSIGNED_CONTEXT((#1180)) 
GLOBAL_UNIT_ASSIGNED_CONTEXT((#1177,#1178,#1179)) REPRESENTATION_CONTEXT
('Context #1','3D Context with UNIT and UNCERTAINTY') );
#1177 = ( LENGTH_UNIT() NAMED_UNIT(*) SI_UNIT(.MILLI.,.METRE.) );
#1178 = ( NAMED_UNIT(*) PLANE_ANGLE_UNIT() SI_UNIT($,.RADIAN.) );
#1179 = ( NAMED_UNIT(*) SI_UNIT($,.STERADIAN.) SOLID_ANGLE_UNIT() );
#1180 = UNCERTAINTY_MEASURE_WITH_UNIT(LENGTH_MEASURE(1.E-07),#1177,
  'distance_accuracy_value','confusion accuracy');
#1181 = CONTEXT_DEPENDENT_SHAPE_REPRESENTATION(#1182,#1184);
#1182 = ( REPRESENTATION_RELATIONSHIP('','',#1137,#10) 
REPRESENTATION_RELATIONSHIP_WITH_TRANSFORMATION(#1183) 
SHAPE_REPRESENTATION_RELATIONSHIP() );
#1183 = ITEM_DEFINED_TRANSFORMATION('','',#11,#67);
#1184 = PRODUCT_DEFINITION_SHAPE('Placement','Placement of an item',
  #1185);
#1185 = NEXT_ASSEMBLY_USAGE_OCCURRENCE('63863','BALL_0012','',#5,#1132,$
  );
#1186 = PRODUCT_RELATED_PRODUCT_CATEGORY('part',$,(#1134));
#1187 = SHAPE_DEFINITION_REPRESENTATION(#1188,#1194);
#1188 = PRODUCT_DEFINITION_SHAPE('','',#1189);
#1189 = PRODUCT_DEFINITION('design','',#1190,#1193);
#1190 = PRODUCT_DEFINITION_FORMATION('','',#1191);
#1191 = PRODUCT('BALL_0013','BALL_0013','',(#1192));
#1192 = PRODUCT_CONTEXT('',#2,'mechanical');
#1193 = PRODUCT_DEFINITION_CONTEXT('part definition',#2,'design');
#1194 = ADVANCED_BREP_SHAPE_REPRESENTATION('',(#11,#1195),#1233);
#1195 = MANIFOLD_SOLID_BREP('',#1196);
#1196 = CLOSED_SHELL('',(#1197,#1224));
#1197 = ADVANCED_FACE('',(#1198),#1219,.T.);
#1198 = FACE_BOUND('',#1199,.T.);
#1199 = EDGE_LOOP('',(#1200,#1209,#1218));
#1200 = ORIENTED_EDGE('',*,*,#1201,.T.);
#1201 = EDGE_CURVE('',#1202,#1202,#1204,.T.);
#1202 = VERTEX_POINT('',#1203);
#1203 = CARTESIAN_POINT('',(-0.9,9.599999999978E-02,-0.852));
#1204 = CIRCLE('',#1205,4.80000000003E-02);
#1205 = AXIS2_PLACEMENT_3D('',#1206,#1207,#1208);
#1206 = CARTESIAN_POINT('',(-0.9,9.599999999978E-02,-0.9));
#1207 = DIRECTION('',(-5.551115123126E-17,-1.,0.));
#1208 = DIRECTION('',(-3.916057553563E-30,2.173848630861E-46,1.));
#1209 = ORIENTED_EDGE('',*,*,#1210,.T.);
#1210 = EDGE_CURVE('',#1202,#1211,#1213,.T.);
#1211 = VERTEX_POINT('',#1212);
#1212 = CARTESIAN_POINT('',(-0.9,-3.435099972407E-15,-0.9));
#1213 = CIRCLE('',#1214,6.E-02);
#1214 = AXIS2_PLACEMENT_3D('',#1215,#1216,#1217);
#1215 = CARTESIAN_POINT('',(-0.9,6.E-02,-0.9));
#1216 = DIRECTION('',(1.,-1.110223024625E-16,-5.551115123126E-17));
#1217 = DIRECTION('',(1.110223024625E-16,1.,5.551115123126E-17));
#1218 = ORIENTED_EDGE('',*,*,#1210,.F.);
#1219 = SPHERICAL_SURFACE('',#1220,6.E-02);
#1220 = AXIS2_PLACEMENT_3D('',#1221,#1222,#1223);
#1221 = CARTESIAN_POINT('',(-0.9,6.E-02,-0.9));
#1222 = DIRECTION('',(-5.551115123126E-17,-1.,-0.));
#1223 = DIRECTION('',(-3.500331551977E-30,1.943074341413E-46,1.));
#1224 = ADVANCED_FACE('',(#1225),#1228,.F.);
#1225 = FACE_BOUND('',#1226,.F.);
#1226 = EDGE_LOOP('',(#1227));
#1227 = ORIENTED_EDGE('',*,*,#1201,.T.);
#1228 = PLANE('',#1229);
#1229 = AXIS2_PLACEMENT_3D('',#1230,#1231,#1232);
#1230 = CARTESIAN_POINT('',(-0.9,9.6E-02,-0.9));
#1231 = DIRECTION('',(-5.551115123126E-17,-1.,-0.));
#1232 = DIRECTION('',(-3.916057553565E-30,2.173848630863E-46,1.));
#1233 = ( GEOMETRIC_REPRESENTATION_CONTEXT(3) 
GLOBAL_UNCERTAINTY_ASSIGNED_CONTEXT((#1237)) 
GLOBAL_UNIT_ASSIGNED_CONTEXT((#1234,#1235,#1236)) REPRESENTATION_CONTEXT
('Context #1','3D Context with UNIT and UNCERTAINTY') );
#1234 = ( LENGTH_UNIT() NAMED_UNIT(*) SI_UNIT(.MILLI.,.METRE.) );
#1235 = ( NAMED_UNIT(*) PLANE_ANGLE_UNIT() SI_UNIT($,.RADIAN.) );
#1236 = ( NAMED_UNIT(*) SI_UNIT($,.STERADIAN.) SOLID_ANGLE_UNIT() );
#1237 = UNCERTAINTY_MEASURE_WITH_UNIT(LENGTH_MEASURE(1.E-07),#1234,
  'distance_accuracy_value','confusion accuracy');
#1238 = CONTEXT_DEPENDENT_SHAPE_REPRESENTATION(#1239,#1241);
#1239 = ( REPRESENTATION_RELATIONSHIP('','',#1194,#10) 
REPRESENTATION_RELATIONSHIP_WITH_TRANSFORMATION(#1240) 
SHAPE_REPRESENTATION_RELATIONSHIP() );
#1240 = ITEM_DEFINED_TRANSFORMATION('','',#11,#71);
#1241 = PRODUCT_DEFINITION_SHAPE('Placement','Placement of an item',
  #1242);
#1242 = NEXT_ASSEMBLY_USAGE_OCCURRENCE('63864','BALL_0013','',#5,#1189,$
  );
#1243 = PRODUCT_RELATED_PRODUCT_CATEGORY('part',$,(#1191));
#1244 = SHAPE_DEFINITION_REPRESENTATION(#1245,#1251);
#1245 = PRODUCT_DEFINITION_SHAPE('','',#1246);
#1246 = PRODUCT_DEFINITION('design','',#1247,#1250);
#1247 = PRODUCT_DEFINITION_FORMATION('','',#1248);
#1248 = PRODUCT('BALL_0014','BALL_0014','',(#1249));
#1249 = PRODUCT_CONTEXT('',#2,'mechanical');
#1250 = PRODUCT_DEFINITION_CONTEXT('part definition',#2,'design');
#1251 = ADVANCED_BREP_SHAPE_REPRESENTATION('',(#11,#1252),#1290);
#1252 = MANIFOLD_SOLID_BREP('',#1253);
#1253 = CLOSED_SHELL('',(#1254,#1281));
#1254 = ADVANCED_FACE('',(#1255),#1276,.T.);
#1255 = FACE_BOUND('',#1256,.T.);
#1256 = EDGE_LOOP('',(#1257,#1266,#1275));
#1257 = ORIENTED_EDGE('',*,*,#1258,.T.);
#1258 = EDGE_CURVE('',#1259,#1259,#1261,.T.);
#1259 = VERTEX_POINT('',#1260);
#1260 = CARTESIAN_POINT('',(-0.9,9.599999999978E-02,-0.852));
#1261 = CIRCLE('',#1262,4.80000000003E-02);
#1262 = AXIS2_PLACEMENT_3D('',#1263,#1264,#1265);
#1263 = CARTESIAN_POINT('',(-0.9,9.599999999978E-02,-0.9));
#1264 = DIRECTION('',(-5.551115123126E-17,-1.,0.));
#1265 = DIRECTION('',(-3.916057553563E-30,2.173848630861E-46,1.));
#1266 = ORIENTED_EDGE('',*,*,#1267,.T.);
#1267 = EDGE_CURVE('',#1259,#1268,#1270,.T.);
#1268 = VERTEX_POINT('',#1269);
#1269 = CARTESIAN_POINT('',(-0.9,-3.435099972407E-15,-0.9));
#1270 = CIRCLE('',#1271,6.E-02);
#1271 = AXIS2_PLACEMENT_3D('',#1272,#1273,#1274);
#1272 = CARTESIAN_POINT('',(-0.9,6.E-02,-0.9));
#1273 = DIRECTION('',(1.,-1.110223024625E-16,-5.551115123126E-17));
#1274 = DIRECTION('',(1.110223024625E-16,1.,5.551115123126E-17));
#1275 = ORIENTED_EDGE('',*,*,#1267,.F.);
#1276 = SPHERICAL_SURFACE('',#1277,6.E-02);
#1277 = AXIS2_PLACEMENT_3D('',#1278,#1279,#1280);
#1278 = CARTESIAN_POINT('',(-0.9,6.E-02,-0.9));
#1279 = DIRECTION('',(-5.551115123126E-17,-1.,-0.));
#1280 = DIRECTION('',(-3.500331551977E-30,1.943074341413E-46,1.));
#1281 = ADVANCED_FACE('',(#1282),#1285,.F.);
#1282 = FACE_BOUND('',#1283,.F.);
#1283 = EDGE_LOOP('',(#1284));
#1284 = ORIENTED_EDGE('',*,*,#1258,.T.);
#1285 = PLANE('',#1286);
#1286 = AXIS2_PLACEMENT_3D('',#1287,#1288,#1289);
#1287 = CARTESIAN_POINT('',(-0.9,9.6E-02,-0.9));
#1288 = DIRECTION('',(-5.551115123126E-17,-1.,-0.));
#1289 = DIRECTION('',(-3.916057553565E-30,2.173848630863E-46,1.));
#1290 = ( GEOMETRIC_REPRESENTATION_CONTEXT(3) 
GLOBAL_UNCERTAINTY_ASSIGNED_CONTEXT((#1294)) 
GLOBAL_UNIT_ASSIGNED_CONTEXT((#1291,#1292,#1293)) REPRESENTATION_CONTEXT
('Context #1','3D Context with UNIT and UNCERTAINTY') );
#1291 = ( LENGTH_UNIT() NAMED_UNIT(*) SI_UNIT(.MILLI.,.METRE.) );
#1292 = ( NAMED_UNIT(*) PLANE_ANGLE_UNIT() SI_UNIT($,.RADIAN.) );
#1293 = ( NAMED_UNIT(*) SI_UNIT($,.STERADIAN.) SOLID_ANGLE_UNIT() );
#1294 = UNCERTAINTY_MEASURE_WITH_UNIT(LENGTH_MEASURE(1.E-07),#1291,
  'distance_accuracy_value','confusion accuracy');
#1295 = CONTEXT_DEPENDENT_SHAPE_REPRESENTATION(#1296,#1298);
#1296 = ( REPRESENTATION_RELATIONSHIP('','',#1251,#10) 
REPRESENTATION_RELATIONSHIP_WITH_TRANSFORMATION(#1297) 
SHAPE_REPRESENTATION_RELATIONSHIP() );
#1297 = ITEM_DEFINED_TRANSFORMATION('','',#11,#75);
#1298 = PRODUCT_DEFINITION_SHAPE('Placement','Placement of an item',
  #1299);
#1299 = NEXT_ASSEMBLY_USAGE_OCCURRENCE('63865','BALL_0014','',#5,#1246,$
  );
#1300 = PRODUCT_RELATED_PRODUCT_CATEGORY('part',$,(#1248));
#1301 = SHAPE_DEFINITION_REPRESENTATION(#1302,#1308);
#1302 = PRODUCT_DEFINITION_SHAPE('','',#1303);
#1303 = PRODUCT_DEFINITION('design','',#1304,#1307);
#1304 = PRODUCT_DEFINITION_FORMATION('','',#1305);
#1305 = PRODUCT('BALL_0015','BALL_0015','',(#1306));
#1306 = PRODUCT_CONTEXT('',#2,'mechanical');
#1307 = PRODUCT_DEFINITION_CONTEXT('part definition',#2,'design');
#1308 = ADVANCED_BREP_SHAPE_REPRESENTATION('',(#11,#1309),#1347);
#1309 = MANIFOLD_SOLID_BREP('',#1310);
#1310 = CLOSED_SHELL('',(#1311,#1338));
#1311 = ADVANCED_FACE('',(#1312),#1333,.T.);
#1312 = FACE_BOUND('',#1313,.T.);
#1313 = EDGE_LOOP('',(#1314,#1323,#1332));
#1314 = ORIENTED_EDGE('',*,*,#1315,.T.);
#1315 = EDGE_CURVE('',#1316,#1316,#1318,.T.);
#1316 = VERTEX_POINT('',#1317);
#1317 = CARTESIAN_POINT('',(-0.9,9.599999999978E-02,-0.852));
#1318 = CIRCLE('',#1319,4.80000000003E-02);
#1319 = AXIS2_PLACEMENT_3D('',#1320,#1321,#1322);
#1320 = CARTESIAN_POINT('',(-0.9,9.599999999978E-02,-0.9));
#1321 = DIRECTION('',(-5.551115123126E-17,-1.,0.));
#1322 = DIRECTION('',(-3.916057553563E-30,2.173848630861E-46,1.));
#1323 = ORIENTED_EDGE('',*,*,#1324,.T.);
#1324 = EDGE_CURVE('',#1316,#1325,#1327,.T.);
#1325 = VERTEX_POINT('',#1326);
#1326 = CARTESIAN_POINT('',(-0.9,-3.435099972407E-15,-0.9));
#1327 = CIRCLE('',#1328,6.E-02);
#1328 = AXIS2_PLACEMENT_3D('',#1329,#1330,#1331);
#1329 = CARTESIAN_POINT('',(-0.9,6.E-02,-0.9));
#1330 = DIRECTION('',(1.,-1.110223024625E-16,-5.551115123126E-17));
#1331 = DIRECTION('',(1.110223024625E-16,1.,5.551115123126E-17));
#1332 = ORIENTED_EDGE('',*,*,#1324,.F.);
#1333 = SPHERICAL_SURFACE('',#1334,6.E-02);
#1334 = AXIS2_PLACEMENT_3D('',#1335,#1336,#1337);
#1335 = CARTESIAN_POINT('',(-0.9,6.E-02,-0.9));
#1336 = DIRECTION('',(-5.551115123126E-17,-1.,-0.));
#1337 = DIRECTION('',(-3.500331551977E-30,1.943074341413E-46,1.));
#1338 = ADVANCED_FACE('',(#1339),#1342,.F.);
#1339 = FACE_BOUND('',#1340,.F.);
#1340 = EDGE_LOOP('',(#1341));
#1341 = ORIENTED_EDGE('',*,*,#1315,.T.);
#1342 = PLANE('',#1343);
#1343 = AXIS2_PLACEMENT_3D('',#1344,#1345,#1346);
#1344 = CARTESIAN_POINT('',(-0.9,9.6E-02,-0.9));
#1345 = DIRECTION('',(-5.551115123126E-17,-1.,-0.));
#1346 = DIRECTION('',(-3.916057553565E-30,2.173848630863E-46,1.));
#1347 = ( GEOMETRIC_REPRESENTATION_CONTEXT(3) 
GLOBAL_UNCERTAINTY_ASSIGNED_CONTEXT((#1351)) 
GLOBAL_UNIT_ASSIGNED_CONTEXT((#1348,#1349,#1350)) REPRESENTATION_CONTEXT
('Context #1','3D Context with UNIT and UNCERTAINTY') );
#1348 = ( LENGTH_UNIT() NAMED_UNIT(*) SI_UNIT(.MILLI.,.METRE.) );
#1349 = ( NAMED_UNIT(*) PLANE_ANGLE_UNIT() SI_UNIT($,.RADIAN.) );
#1350 = ( NAMED_UNIT(*) SI_UNIT($,.STERADIAN.) SOLID_ANGLE_UNIT() );
#1351 = UNCERTAINTY_MEASURE_WITH_UNIT(LENGTH_MEASURE(1.E-07),#1348,
  'distance_accuracy_value','confusion accuracy');
#1352 = CONTEXT_DEPENDENT_SHAPE_REPRESENTATION(#1353,#1355);
#1353 = ( REPRESENTATION_RELATIONSHIP('','',#1308,#10) 
REPRESENTATION_RELATIONSHIP_WITH_TRANSFORMATION(#1354) 
SHAPE_REPRESENTATION_RELATIONSHIP() );
#1354 = ITEM_DEFINED_TRANSFORMATION('','',#11,#79);
#1355 = PRODUCT_DEFINITION_SHAPE('Placement','Placement of an item',
  #1356);
#1356 = NEXT_ASSEMBLY_USAGE_OCCURRENCE('63866','BALL_0015','',#5,#1303,$
  );
#1357 = PRODUCT_RELATED_PRODUCT_CATEGORY('part',$,(#1305));
#1358 = SHAPE_DEFINITION_REPRESENTATION(#1359,#1365);
#1359 = PRODUCT_DEFINITION_SHAPE('','',#1360);
#1360 = PRODUCT_DEFINITION('design','',#1361,#1364);
#1361 = PRODUCT_DEFINITION_FORMATION('','',#1362);
#1362 = PRODUCT('BALL_0016','BALL_0016','',(#1363));
#1363 = PRODUCT_CONTEXT('',#2,'mechanical');
#1364 = PRODUCT_DEFINITION_CONTEXT('part definition',#2,'design');
#1365 = ADVANCED_BREP_SHAPE_REPRESENTATION('',(#11,#1366),#1404);
#1366 = MANIFOLD_SOLID_BREP('',#1367);
#1367 = CLOSED_SHELL('',(#1368,#1395));
#1368 = ADVANCED_FACE('',(#1369),#1390,.T.);
#1369 = FACE_BOUND('',#1370,.T.);
#1370 = EDGE_LOOP('',(#1371,#1380,#1389));
#1371 = ORIENTED_EDGE('',*,*,#1372,.T.);
#1372 = EDGE_CURVE('',#1373,#1373,#1375,.T.);
#1373 = VERTEX_POINT('',#1374);
#1374 = CARTESIAN_POINT('',(-0.9,9.599999999978E-02,-0.852));
#1375 = CIRCLE('',#1376,4.80000000003E-02);
#1376 = AXIS2_PLACEMENT_3D('',#1377,#1378,#1379);
#1377 = CARTESIAN_POINT('',(-0.9,9.599999999978E-02,-0.9));
#1378 = DIRECTION('',(-5.551115123126E-17,-1.,0.));
#1379 = DIRECTION('',(-3.916057553563E-30,2.173848630861E-46,1.));
#1380 = ORIENTED_EDGE('',*,*,#1381,.T.);
#1381 = EDGE_CURVE('',#1373,#1382,#1384,.T.);
#1382 = VERTEX_POINT('',#1383);
#1383 = CARTESIAN_POINT('',(-0.9,-3.435099972407E-15,-0.9));
#1384 = CIRCLE('',#1385,6.E-02);
#1385 = AXIS2_PLACEMENT_3D('',#1386,#1387,#1388);
#1386 = CARTESIAN_POINT('',(-0.9,6.E-02,-0.9));
#1387 = DIRECTION('',(1.,-1.110223024625E-16,-5.551115123126E-17));
#1388 = DIRECTION('',(1.110223024625E-16,1.,5.551115123126E-17));
#1389 = ORIENTED_EDGE('',*,*,#1381,.F.);
#1390 = SPHERICAL_SURFACE('',#1391,6.E-02);
#1391 = AXIS2_PLACEMENT_3D('',#1392,#1393,#1394);
#1392 = CARTESIAN_POINT('',(-0.9,6.E-02,-0.9));
#1393 = DIRECTION('',(-5.551115123126E-17,-1.,-0.));
#1394 = DIRECTION('',(-3.500331551977E-30,1.943074341413E-46,1.));
#1395 = ADVANCED_FACE('',(#1396),#1399,.F.);
#1396 = FACE_BOUND('',#1397,.F.);
#1397 = EDGE_LOOP('',(#1398));
#1398 = ORIENTED_EDGE('',*,*,#1372,.T.);
#1399 = PLANE('',#1400);
#1400 = AXIS2_PLACEMENT_3D('',#1401,#1402,#1403);
#1401 = CARTESIAN_POINT('',(-0.9,9.6E-02,-0.9));
#1402 = DIRECTION('',(-5.551115123126E-17,-1.,-0.));
#1403 = DIRECTION('',(-3.916057553565E-30,2.173848630863E-46,1.));
#1404 = ( GEOMETRIC_REPRESENTATION_CONTEXT(3) 
GLOBAL_UNCERTAINTY_ASSIGNED_CONTEXT((#1408)) 
GLOBAL_UNIT_ASSIGNED_CONTEXT((#1405,#1406,#1407)) REPRESENTATION_CONTEXT
('Context #1','3D Context with UNIT and UNCERTAINTY') );
#1405 = ( LENGTH_UNIT() NAMED_UNIT(*) SI_UNIT(.MILLI.,.METRE.) );
#1406 = ( NAMED_UNIT(*) PLANE_ANGLE_UNIT() SI_UNIT($,.RADIAN.) );
#1407 = ( NAMED_UNIT(*) SI_UNIT($,.STERADIAN.) SOLID_ANGLE_UNIT() );
#1408 = UNCERTAINTY_MEASURE_WITH_UNIT(LENGTH_MEASURE(1.E-07),#1405,
  'distance_accuracy_value','confusion accuracy');
#1409 = CONTEXT_DEPENDENT_SHAPE_REPRESENTATION(#1410,#1412);
#1410 = ( REPRESENTATION_RELATIONSHIP('','',#1365,#10) 
REPRESENTATION_RELATIONSHIP_WITH_TRANSFORMATION(#1411) 
SHAPE_REPRESENTATION_RELATIONSHIP() );
#1411 = ITEM_DEFINED_TRANSFORMATION('','',#11,#83);
#1412 = PRODUCT_DEFINITION_SHAPE('Placement','Placement of an item',
  #1413);
#1413 = NEXT_ASSEMBLY_USAGE_OCCURRENCE('63867','BALL_0016','',#5,#1360,$
  );
#1414 = PRODUCT_RELATED_PRODUCT_CATEGORY('part',$,(#1362));
#1415 = SHAPE_DEFINITION_REPRESENTATION(#1416,#1422);
#1416 = PRODUCT_DEFINITION_SHAPE('','',#1417);
#1417 = PRODUCT_DEFINITION('design','',#1418,#1421);
#1418 = PRODUCT_DEFINITION_FORMATION('','',#1419);
#1419 = PRODUCT('BALL_0017','BALL_0017','',(#1420));
#1420 = PRODUCT_CONTEXT('',#2,'mechanical');
#1421 = PRODUCT_DEFINITION_CONTEXT('part definition',#2,'design');
#1422 = ADVANCED_BREP_SHAPE_REPRESENTATION('',(#11,#1423),#1461);
#1423 = MANIFOLD_SOLID_BREP('',#1424);
#1424 = CLOSED_SHELL('',(#1425,#1452));
#1425 = ADVANCED_FACE('',(#1426),#1447,.T.);
#1426 = FACE_BOUND('',#1427,.T.);
#1427 = EDGE_LOOP('',(#1428,#1437,#1446));
#1428 = ORIENTED_EDGE('',*,*,#1429,.T.);
#1429 = EDGE_CURVE('',#1430,#1430,#1432,.T.);
#1430 = VERTEX_POINT('',#1431);
#1431 = CARTESIAN_POINT('',(-0.9,9.599999999978E-02,-0.852));
#1432 = CIRCLE('',#1433,4.80000000003E-02);
#1433 = AXIS2_PLACEMENT_3D('',#1434,#1435,#1436);
#1434 = CARTESIAN_POINT('',(-0.9,9.599999999978E-02,-0.9));
#1435 = DIRECTION('',(-5.551115123126E-17,-1.,0.));
#1436 = DIRECTION('',(-3.916057553563E-30,2.173848630861E-46,1.));
#1437 = ORIENTED_EDGE('',*,*,#1438,.T.);
#1438 = EDGE_CURVE('',#1430,#1439,#1441,.T.);
#1439 = VERTEX_POINT('',#1440);
#1440 = CARTESIAN_POINT('',(-0.9,-3.435099972407E-15,-0.9));
#1441 = CIRCLE('',#1442,6.E-02);
#1442 = AXIS2_PLACEMENT_3D('',#1443,#1444,#1445);
#1443 = CARTESIAN_POINT('',(-0.9,6.E-02,-0.9));
#1444 = DIRECTION('',(1.,-1.110223024625E-16,-5.551115123126E-17));
#1445 = DIRECTION('',(1.110223024625E-16,1.,5.551115123126E-17));
#1446 = ORIENTED_EDGE('',*,*,#1438,.F.);
#1447 = SPHERICAL_SURFACE('',#1448,6.E-02);
#1448 = AXIS2_PLACEMENT_3D('',#1449,#1450,#1451);
#1449 = CARTESIAN_POINT('',(-0.9,6.E-02,-0.9));
#1450 = DIRECTION('',(-5.551115123126E-17,-1.,-0.));
#1451 = DIRECTION('',(-3.500331551977E-30,1.943074341413E-46,1.));
#1452 = ADVANCED_FACE('',(#1453),#1456,.F.);
#1453 = FACE_BOUND('',#1454,.F.);
#1454 = EDGE_LOOP('',(#1455));
#1455 = ORIENTED_EDGE('',*,*,#1429,.T.);
#1456 = PLANE('',#1457);
#1457 = AXIS2_PLACEMENT_3D('',#1458,#1459,#1460);
#1458 = CARTESIAN_POINT('',(-0.9,9.6E-02,-0.9));
#1459 = DIRECTION('',(-5.551115123126E-17,-1.,-0.));
#1460 = DIRECTION('',(-3.916057553565E-30,2.173848630863E-46,1.));
#1461 = ( GEOMETRIC_REPRESENTATION_CONTEXT(3) 
GLOBAL_UNCERTAINTY_ASSIGNED_CONTEXT((#1465)) 
GLOBAL_UNIT_ASSIGNED_CONTEXT((#1462,#1463,#1464)) REPRESENTATION_CONTEXT
('Context #1','3D Context with UNIT and UNCERTAINTY') );
#1462 = ( LENGTH_UNIT() NAMED_UNIT(*) SI_UNIT(.MILLI.,.METRE.) );
#1463 = ( NAMED_UNIT(*) PLANE_ANGLE_UNIT() SI_UNIT($,.RADIAN.) );
#1464 = ( NAMED_UNIT(*) SI_UNIT($,.STERADIAN.) SOLID_ANGLE_UNIT() );
#1465 = UNCERTAINTY_MEASURE_WITH_UNIT(LENGTH_MEASURE(1.E-07),#1462,
  'distance_accuracy_value','confusion accuracy');
#1466 = CONTEXT_DEPENDENT_SHAPE_REPRESENTATION(#1467,#1469);
#1467 = ( REPRESENTATION_RELATIONSHIP('','',#1422,#10) 
REPRESENTATION_RELATIONSHIP_WITH_TRANSFORMATION(#1468) 
SHAPE_REPRESENTATION_RELATIONSHIP() );
#1468 = ITEM_DEFINED_TRANSFORMATION('','',#11,#87);
#1469 = PRODUCT_DEFINITION_SHAPE('Placement','Placement of an item',
  #1470);
#1470 = NEXT_ASSEMBLY_USAGE_OCCURRENCE('63868','BALL_0017','',#5,#1417,$
  );
#1471 = PRODUCT_RELATED_PRODUCT_CATEGORY('part',$,(#1419));
#1472 = SHAPE_DEFINITION_REPRESENTATION(#1473,#1479);
#1473 = PRODUCT_DEFINITION_SHAPE('','',#1474);
#1474 = PRODUCT_DEFINITION('design','',#1475,#1478);
#1475 = PRODUCT_DEFINITION_FORMATION('','',#1476);
#1476 = PRODUCT('BALL_0018','BALL_0018','',(#1477));
#1477 = PRODUCT_CONTEXT('',#2,'mechanical');
#1478 = PRODUCT_DEFINITION_CONTEXT('part definition',#2,'design');
#1479 = ADVANCED_BREP_SHAPE_REPRESENTATION('',(#11,#1480),#1518);
#1480 = MANIFOLD_SOLID_BREP('',#1481);
#1481 = CLOSED_SHELL('',(#1482,#1509));
#1482 = ADVANCED_FACE('',(#1483),#1504,.T.);
#1483 = FACE_BOUND('',#1484,.T.);
#1484 = EDGE_LOOP('',(#1485,#1494,#1503));
#1485 = ORIENTED_EDGE('',*,*,#1486,.T.);
#1486 = EDGE_CURVE('',#1487,#1487,#1489,.T.);
#1487 = VERTEX_POINT('',#1488);
#1488 = CARTESIAN_POINT('',(-0.9,9.599999999978E-02,-0.852));
#1489 = CIRCLE('',#1490,4.80000000003E-02);
#1490 = AXIS2_PLACEMENT_3D('',#1491,#1492,#1493);
#1491 = CARTESIAN_POINT('',(-0.9,9.599999999978E-02,-0.9));
#1492 = DIRECTION('',(-5.551115123126E-17,-1.,0.));
#1493 = DIRECTION('',(-3.916057553563E-30,2.173848630861E-46,1.));
#1494 = ORIENTED_EDGE('',*,*,#1495,.T.);
#1495 = EDGE_CURVE('',#1487,#1496,#1498,.T.);
#1496 = VERTEX_POINT('',#1497);
#1497 = CARTESIAN_POINT('',(-0.9,-3.435099972407E-15,-0.9));
#1498 = CIRCLE('',#1499,6.E-02);
#1499 = AXIS2_PLACEMENT_3D('',#1500,#1501,#1502);
#1500 = CARTESIAN_POINT('',(-0.9,6.E-02,-0.9));
#1501 = DIRECTION('',(1.,-1.110223024625E-16,-5.551115123126E-17));
#1502 = DIRECTION('',(1.110223024625E-16,1.,5.551115123126E-17));
#1503 = ORIENTED_EDGE('',*,*,#1495,.F.);
#1504 = SPHERICAL_SURFACE('',#1505,6.E-02);
#1505 = AXIS2_PLACEMENT_3D('',#1506,#1507,#1508);
#1506 = CARTESIAN_POINT('',(-0.9,6.E-02,-0.9));
#1507 = DIRECTION('',(-5.551115123126E-17,-1.,-0.));
#1508 = DIRECTION('',(-3.500331551977E-30,1.943074341413E-46,1.));
#1509 = ADVANCED_FACE('',(#1510),#1513,.F.);
#1510 = FACE_BOUND('',#1511,.F.);
#1511 = EDGE_LOOP('',(#1512));
#1512 = ORIENTED_EDGE('',*,*,#1486,.T.);
#1513 = PLANE('',#1514);
#1514 = AXIS2_PLACEMENT_3D('',#1515,#1516,#1517);
#1515 = CARTESIAN_POINT('',(-0.9,9.6E-02,-0.9));
#1516 = DIRECTION('',(-5.551115123126E-17,-1.,-0.));
#1517 = DIRECTION('',(-3.916057553565E-30,2.173848630863E-46,1.));
#1518 = ( GEOMETRIC_REPRESENTATION_CONTEXT(3) 
GLOBAL_UNCERTAINTY_ASSIGNED_CONTEXT((#1522)) 
GLOBAL_UNIT_ASSIGNED_CONTEXT((#1519,#1520,#1521)) REPRESENTATION_CONTEXT
('Context #1','3D Context with UNIT and UNCERTAINTY') );
#1519 = ( LENGTH_UNIT() NAMED_UNIT(*) SI_UNIT(.MILLI.,.METRE.) );
#1520 = ( NAMED_UNIT(*) PLANE_ANGLE_UNIT() SI_UNIT($,.RADIAN.) );
#1521 = ( NAMED_UNIT(*) SI_UNIT($,.STERADIAN.) SOLID_ANGLE_UNIT() );
#1522 = UNCERTAINTY_MEASURE_WITH_UNIT(LENGTH_MEASURE(1.E-07),#1519,
  'distance_accuracy_value','confusion accuracy');
#1523 = CONTEXT_DEPENDENT_SHAPE_REPRESENTATION(#1524,#1526);
#1524 = ( REPRESENTATION_RELATIONSHIP('','',#1479,#10) 
REPRESENTATION_RELATIONSHIP_WITH_TRANSFORMATION(#1525) 
SHAPE_REPRESENTATION_RELATIONSHIP() );
#1525 = ITEM_DEFINED_TRANSFORMATION('','',#11,#91);
#1526 = PRODUCT_DEFINITION_SHAPE('Placement','Placement of an item',
  #1527);
#1527 = NEXT_ASSEMBLY_USAGE_OCCURRENCE('63869','BALL_0018','',#5,#1474,$
  );
#1528 = PRODUCT_RELATED_PRODUCT_CATEGORY('part',$,(#1476));
#1529 = SHAPE_DEFINITION_REPRESENTATION(#1530,#1536);
#1530 = PRODUCT_DEFINITION_SHAPE('','',#1531);
#1531 = PRODUCT_DEFINITION('design','',#1532,#1535);
#1532 = PRODUCT_DEFINITION_FORMATION('','',#1533);
#1533 = PRODUCT('BALL_0019','BALL_0019','',(#1534));
#1534 = PRODUCT_CONTEXT('',#2,'mechanical');
#1535 = PRODUCT_DEFINITION_CONTEXT('part definition',#2,'design');
#1536 = ADVANCED_BREP_SHAPE_REPRESENTATION('',(#11,#1537),#1575);
#1537 = MANIFOLD_SOLID_BREP('',#1538);
#1538 = CLOSED_SHELL('',(#1539,#1566));
#1539 = ADVANCED_FACE('',(#1540),#1561,.T.);
#1540 = FACE_BOUND('',#1541,.T.);
#1541 = EDGE_LOOP('',(#1542,#1551,#1560));
#1542 = ORIENTED_EDGE('',*,*,#1543,.T.);
#1543 = EDGE_CURVE('',#1544,#1544,#1546,.T.);
#1544 = VERTEX_POINT('',#1545);
#1545 = CARTESIAN_POINT('',(-0.9,9.599999999978E-02,-0.852));
#1546 = CIRCLE('',#1547,4.80000000003E-02);
#1547 = AXIS2_PLACEMENT_3D('',#1548,#1549,#1550);
#1548 = CARTESIAN_POINT('',(-0.9,9.599999999978E-02,-0.9));
#1549 = DIRECTION('',(-5.551115123126E-17,-1.,0.));
#1550 = DIRECTION('',(-3.916057553563E-30,2.173848630861E-46,1.));
#1551 = ORIENTED_EDGE('',*,*,#1552,.T.);
#1552 = EDGE_CURVE('',#1544,#1553,#1555,.T.);
#1553 = VERTEX_POINT('',#1554);
#1554 = CARTESIAN_POINT('',(-0.9,-3.435099972407E-15,-0.9));
#1555 = CIRCLE('',#1556,6.E-02);
#1556 = AXIS2_PLACEMENT_3D('',#1557,#1558,#1559);
#1557 = CARTESIAN_POINT('',(-0.9,6.E-02,-0.9));
#1558 = DIRECTION('',(1.,-1.110223024625E-16,-5.551115123126E-17));
#1559 = DIRECTION('',(1.110223024625E-16,1.,5.551115123126E-17));
#1560 = ORIENTED_EDGE('',*,*,#1552,.F.);
#1561 = SPHERICAL_SURFACE('',#1562,6.E-02);
#1562 = AXIS2_PLACEMENT_3D('',#1563,#1564,#1565);
#1563 = CARTESIAN_POINT('',(-0.9,6.E-02,-0.9));
#1564 = DIRECTION('',(-5.551115123126E-17,-1.,-0.));
#1565 = DIRECTION('',(-3.500331551977E-30,1.943074341413E-46,1.));
#1566 = ADVANCED_FACE('',(#1567),#1570,.F.);
#1567 = FACE_BOUND('',#1568,.F.);
#1568 = EDGE_LOOP('',(#1569));
#1569 = ORIENTED_EDGE('',*,*,#1543,.T.);
#1570 = PLANE('',#1571);
#1571 = AXIS2_PLACEMENT_3D('',#1572,#1573,#1574);
#1572 = CARTESIAN_POINT('',(-0.9,9.6E-02,-0.9));
#1573 = DIRECTION('',(-5.551115123126E-17,-1.,-0.));
#1574 = DIRECTION('',(-3.916057553565E-30,2.173848630863E-46,1.));
#1575 = ( GEOMETRIC_REPRESENTATION_CONTEXT(3) 
GLOBAL_UNCERTAINTY_ASSIGNED_CONTEXT((#1579)) 
GLOBAL_UNIT_ASSIGNED_CONTEXT((#1576,#1577,#1578)) REPRESENTATION_CONTEXT
('Context #1','3D Context with UNIT and UNCERTAINTY') );
#1576 = ( LENGTH_UNIT() NAMED_UNIT(*) SI_UNIT(.MILLI.,.METRE.) );
#1577 = ( NAMED_UNIT(*) PLANE_ANGLE_UNIT() SI_UNIT($,.RADIAN.) );
#1578 = ( NAMED_UNIT(*) SI_UNIT($,.STERADIAN.) SOLID_ANGLE_UNIT() );
#1579 = UNCERTAINTY_MEASURE_WITH_UNIT(LENGTH_MEASURE(1.E-07),#1576,
  'distance_accuracy_value','confusion accuracy');
#1580 = CONTEXT_DEPENDENT_SHAPE_REPRESENTATION(#1581,#1583);
#1581 = ( REPRESENTATION_RELATIONSHIP('','',#1536,#10) 
REPRESENTATION_RELATIONSHIP_WITH_TRANSFORMATION(#1582) 
SHAPE_REPRESENTATION_RELATIONSHIP() );
#1582 = ITEM_DEFINED_TRANSFORMATION('','',#11,#95);
#1583 = PRODUCT_DEFINITION_SHAPE('Placement','Placement of an item',
  #1584);
#1584 = NEXT_ASSEMBLY_USAGE_OCCURRENCE('63870','BALL_0019','',#5,#1531,$
  );
#1585 = PRODUCT_RELATED_PRODUCT_CATEGORY('part',$,(#1533));
#1586 = SHAPE_DEFINITION_REPRESENTATION(#1587,#1593);
#1587 = PRODUCT_DEFINITION_SHAPE('','',#1588);
#1588 = PRODUCT_DEFINITION('design','',#1589,#1592);
#1589 = PRODUCT_DEFINITION_FORMATION('','',#1590);
#1590 = PRODUCT('BALL_0020','BALL_0020','',(#1591));
#1591 = PRODUCT_CONTEXT('',#2,'mechanical');
#1592 = PRODUCT_DEFINITION_CONTEXT('part definition',#2,'design');
#1593 = ADVANCED_BREP_SHAPE_REPRESENTATION('',(#11,#1594),#1632);
#1594 = MANIFOLD_SOLID_BREP('',#1595);
#1595 = CLOSED_SHELL('',(#1596,#1623));
#1596 = ADVANCED_FACE('',(#1597),#1618,.T.);
#1597 = FACE_BOUND('',#1598,.T.);
#1598 = EDGE_LOOP('',(#1599,#1608,#1617));
#1599 = ORIENTED_EDGE('',*,*,#1600,.T.);
#1600 = EDGE_CURVE('',#1601,#1601,#1603,.T.);
#1601 = VERTEX_POINT('',#1602);
#1602 = CARTESIAN_POINT('',(-0.9,9.599999999978E-02,-0.852));
#1603 = CIRCLE('',#1604,4.80000000003E-02);
#1604 = AXIS2_PLACEMENT_3D('',#1605,#1606,#1607);
#1605 = CARTESIAN_POINT('',(-0.9,9.599999999978E-02,-0.9));
#1606 = DIRECTION('',(-5.551115123126E-17,-1.,0.));
#1607 = DIRECTION('',(-3.916057553563E-30,2.173848630861E-46,1.));
#1608 = ORIENTED_EDGE('',*,*,#1609,.T.);
#1609 = EDGE_CURVE('',#1601,#1610,#1612,.T.);
#1610 = VERTEX_POINT('',#1611);
#1611 = CARTESIAN_POINT('',(-0.9,-3.435099972407E-15,-0.9));
#1612 = CIRCLE('',#1613,6.E-02);
#1613 = AXIS2_PLACEMENT_3D('',#1614,#1615,#1616);
#1614 = CARTESIAN_POINT('',(-0.9,6.E-02,-0.9));
#1615 = DIRECTION('',(1.,-1.110223024625E-16,-5.551115123126E-17));
#1616 = DIRECTION('',(1.110223024625E-16,1.,5.551115123126E-17));
#1617 = ORIENTED_EDGE('',*,*,#1609,.F.);
#1618 = SPHERICAL_SURFACE('',#1619,6.E-02);
#1619 = AXIS2_PLACEMENT_3D('',#1620,#1621,#1622);
#1620 = CARTESIAN_POINT('',(-0.9,6.E-02,-0.9));
#1621 = DIRECTION('',(-5.551115123126E-17,-1.,-0.));
#1622 = DIRECTION('',(-3.500331551977E-30,1.943074341413E-46,1.));
#1623 = ADVANCED_FACE('',(#1624),#1627,.F.);
#1624 = FACE_BOUND('',#1625,.F.);
#1625 = EDGE_LOOP('',(#1626));
#1626 = ORIENTED_EDGE('',*,*,#1600,.T.);
#1627 = PLANE('',#1628);
#1628 = AXIS2_PLACEMENT_3D('',#1629,#1630,#1631);
#1629 = CARTESIAN_POINT('',(-0.9,9.6E-02,-0.9));
#1630 = DIRECTION('',(-5.551115123126E-17,-1.,-0.));
#1631 = DIRECTION('',(-3.916057553565E-30,2.173848630863E-46,1.));
#1632 = ( GEOMETRIC_REPRESENTATION_CONTEXT(3) 
GLOBAL_UNCERTAINTY_ASSIGNED_CONTEXT((#1636)) 
GLOBAL_UNIT_ASSIGNED_CONTEXT((#1633,#1634,#1635)) REPRESENTATION_CONTEXT
('Context #1','3D Context with UNIT and UNCERTAINTY') );
#1633 = ( LENGTH_UNIT() NAMED_UNIT(*) SI_UNIT(.MILLI.,.METRE.) );
#1634 = ( NAMED_UNIT(*) PLANE_ANGLE_UNIT() SI_UNIT($,.RADIAN.) );
#1635 = ( NAMED_UNIT(*) SI_UNIT($,.STERADIAN.) SOLID_ANGLE_UNIT() );
#1636 = UNCERTAINTY_MEASURE_WITH_UNIT(LENGTH_MEASURE(1.E-07),#1633,
  'distance_accuracy_value','confusion accuracy');
#1637 = CONTEXT_DEPENDENT_SHAPE_REPRESENTATION(#1638,#1640);
#1638 = ( REPRESENTATION_RELATIONSHIP('','',#1593,#10) 
REPRESENTATION_RELATIONSHIP_WITH_TRANSFORMATION(#1639) 
SHAPE_REPRESENTATION_RELATIONSHIP() );
#1639 = ITEM_DEFINED_TRANSFORMATION('','',#11,#99);
#1640 = PRODUCT_DEFINITION_SHAPE('Placement','Placement of an item',
  #1641);
#1641 = NEXT_ASSEMBLY_USAGE_OCCURRENCE('63871','BALL_0020','',#5,#1588,$
  );
#1642 = PRODUCT_RELATED_PRODUCT_CATEGORY('part',$,(#1590));
#1643 = SHAPE_DEFINITION_REPRESENTATION(#1644,#1650);
#1644 = PRODUCT_DEFINITION_SHAPE('','',#1645);
#1645 = PRODUCT_DEFINITION('design','',#1646,#1649);
#1646 = PRODUCT_DEFINITION_FORMATION('','',#1647);
#1647 = PRODUCT('BALL_0021','BALL_0021','',(#1648));
#1648 = PRODUCT_CONTEXT('',#2,'mechanical');
#1649 = PRODUCT_DEFINITION_CONTEXT('part definition',#2,'design');
#1650 = ADVANCED_BREP_SHAPE_REPRESENTATION('',(#11,#1651),#1689);
#1651 = MANIFOLD_SOLID_BREP('',#1652);
#1652 = CLOSED_SHELL('',(#1653,#1680));
#1653 = ADVANCED_FACE('',(#1654),#1675,.T.);
#1654 = FACE_BOUND('',#1655,.T.);
#1655 = EDGE_LOOP('',(#1656,#1665,#1674));
#1656 = ORIENTED_EDGE('',*,*,#1657,.T.);
#1657 = EDGE_CURVE('',#1658,#1658,#1660,.T.);
#1658 = VERTEX_POINT('',#1659);
#1659 = CARTESIAN_POINT('',(-0.9,9.599999999978E-02,-0.852));
#1660 = CIRCLE('',#1661,4.80000000003E-02);
#1661 = AXIS2_PLACEMENT_3D('',#1662,#1663,#1664);
#1662 = CARTESIAN_POINT('',(-0.9,9.599999999978E-02,-0.9));
#1663 = DIRECTION('',(-5.551115123126E-17,-1.,0.));
#1664 = DIRECTION('',(-3.916057553563E-30,2.173848630861E-46,1.));
#1665 = ORIENTED_EDGE('',*,*,#1666,.T.);
#1666 = EDGE_CURVE('',#1658,#1667,#1669,.T.);
#1667 = VERTEX_POINT('',#1668);
#1668 = CARTESIAN_POINT('',(-0.9,-3.435099972407E-15,-0.9));
#1669 = CIRCLE('',#1670,6.E-02);
#1670 = AXIS2_PLACEMENT_3D('',#1671,#1672,#1673);
#1671 = CARTESIAN_POINT('',(-0.9,6.E-02,-0.9));
#1672 = DIRECTION('',(1.,-1.110223024625E-16,-5.551115123126E-17));
#1673 = DIRECTION('',(1.110223024625E-16,1.,5.551115123126E-17));
#1674 = ORIENTED_EDGE('',*,*,#1666,.F.);
#1675 = SPHERICAL_SURFACE('',#1676,6.E-02);
#1676 = AXIS2_PLACEMENT_3D('',#1677,#1678,#1679);
#1677 = CARTESIAN_POINT('',(-0.9,6.E-02,-0.9));
#1678 = DIRECTION('',(-5.551115123126E-17,-1.,-0.));
#1679 = DIRECTION('',(-3.500331551977E-30,1.943074341413E-46,1.));
#1680 = ADVANCED_FACE('',(#1681),#1684,.F.);
#1681 = FACE_BOUND('',#1682,.F.);
#1682 = EDGE_LOOP('',(#1683));
#1683 = ORIENTED_EDGE('',*,*,#1657,.T.);
#1684 = PLANE('',#1685);
#1685 = AXIS2_PLACEMENT_3D('',#1686,#1687,#1688);
#1686 = CARTESIAN_POINT('',(-0.9,9.6E-02,-0.9));
#1687 = DIRECTION('',(-5.551115123126E-17,-1.,-0.));
#1688 = DIRECTION('',(-3.916057553565E-30,2.173848630863E-46,1.));
#1689 = ( GEOMETRIC_REPRESENTATION_CONTEXT(3) 
GLOBAL_UNCERTAINTY_ASSIGNED_CONTEXT((#1693)) 
GLOBAL_UNIT_ASSIGNED_CONTEXT((#1690,#1691,#1692)) REPRESENTATION_CONTEXT
('Context #1','3D Context with UNIT and UNCERTAINTY') );
#1690 = ( LENGTH_UNIT() NAMED_UNIT(*) SI_UNIT(.MILLI.,.METRE.) );
#1691 = ( NAMED_UNIT(*) PLANE_ANGLE_UNIT() SI_UNIT($,.RADIAN.) );
#1692 = ( NAMED_UNIT(*) SI_UNIT($,.STERADIAN.) SOLID_ANGLE_UNIT() );
#1693 = UNCERTAINTY_MEASURE_WITH_UNIT(LENGTH_MEASURE(1.E-07),#1690,
  'distance_accuracy_value','confusion accuracy');
#1694 = CONTEXT_DEPENDENT_SHAPE_REPRESENTATION(#1695,#1697);
#1695 = ( REPRESENTATION_RELATIONSHIP('','',#1650,#10) 
REPRESENTATION_RELATIONSHIP_WITH_TRANSFORMATION(#1696) 
SHAPE_REPRESENTATION_RELATIONSHIP() );
#1696 = ITEM_DEFINED_TRANSFORMATION('','',#11,#103);
#1697 = PRODUCT_DEFINITION_SHAPE('Placement','Placement of an item',
  #1698);
#1698 = NEXT_ASSEMBLY_USAGE_OCCURRENCE('63872','BALL_0021','',#5,#1645,$
  );
#1699 = PRODUCT_RELATED_PRODUCT_CATEGORY('part',$,(#1647));
#1700 = SHAPE_DEFINITION_REPRESENTATION(#1701,#1707);
#1701 = PRODUCT_DEFINITION_SHAPE('','',#1702);
#1702 = PRODUCT_DEFINITION('design','',#1703,#1706);
#1703 = PRODUCT_DEFINITION_FORMATION('','',#1704);
#1704 = PRODUCT('BALL_0022','BALL_0022','',(#1705));
#1705 = PRODUCT_CONTEXT('',#2,'mechanical');
#1706 = PRODUCT_DEFINITION_CONTEXT('part definition',#2,'design');
#1707 = ADVANCED_BREP_SHAPE_REPRESENTATION('',(#11,#1708),#1746);
#1708 = MANIFOLD_SOLID_BREP('',#1709);
#1709 = CLOSED_SHELL('',(#1710,#1737));
#1710 = ADVANCED_FACE('',(#1711),#1732,.T.);
#1711 = FACE_BOUND('',#1712,.T.);
#1712 = EDGE_LOOP('',(#1713,#1722,#1731));
#1713 = ORIENTED_EDGE('',*,*,#1714,.T.);
#1714 = EDGE_CURVE('',#1715,#1715,#1717,.T.);
#1715 = VERTEX_POINT('',#1716);
#1716 = CARTESIAN_POINT('',(-0.9,9.599999999978E-02,-0.852));
#1717 = CIRCLE('',#1718,4.80000000003E-02);
#1718 = AXIS2_PLACEMENT_3D('',#1719,#1720,#1721);
#1719 = CARTESIAN_POINT('',(-0.9,9.599999999978E-02,-0.9));
#1720 = DIRECTION('',(-5.551115123126E-17,-1.,0.));
#1721 = DIRECTION('',(-3.916057553563E-30,2.173848630861E-46,1.));
#1722 = ORIENTED_EDGE('',*,*,#1723,.T.);
#1723 = EDGE_CURVE('',#1715,#1724,#1726,.T.);
#1724 = VERTEX_POINT('',#1725);
#1725 = CARTESIAN_POINT('',(-0.9,-3.435099972407E-15,-0.9));
#1726 = CIRCLE('',#1727,6.E-02);
#1727 = AXIS2_PLACEMENT_3D('',#1728,#1729,#1730);
#1728 = CARTESIAN_POINT('',(-0.9,6.E-02,-0.9));
#1729 = DIRECTION('',(1.,-1.110223024625E-16,-5.551115123126E-17));
#1730 = DIRECTION('',(1.110223024625E-16,1.,5.551115123126E-17));
#1731 = ORIENTED_EDGE('',*,*,#1723,.F.);
#1732 = SPHERICAL_SURFACE('',#1733,6.E-02);
#1733 = AXIS2_PLACEMENT_3D('',#1734,#1735,#1736);
#1734 = CARTESIAN_POINT('',(-0.9,6.E-02,-0.9));
#1735 = DIRECTION('',(-5.551115123126E-17,-1.,-0.));
#1736 = DIRECTION('',(-3.500331551977E-30,1.943074341413E-46,1.));
#1737 = ADVANCED_FACE('',(#1738),#1741,.F.);
#1738 = FACE_BOUND('',#1739,.F.);
#1739 = EDGE_LOOP('',(#1740));
#1740 = ORIENTED_EDGE('',*,*,#1714,.T.);
#1741 = PLANE('',#1742);
#1742 = AXIS2_PLACEMENT_3D('',#1743,#1744,#1745);
#1743 = CARTESIAN_POINT('',(-0.9,9.6E-02,-0.9));
#1744 = DIRECTION('',(-5.551115123126E-17,-1.,-0.));
#1745 = DIRECTION('',(-3.916057553565E-30,2.173848630863E-46,1.));
#1746 = ( GEOMETRIC_REPRESENTATION_CONTEXT(3) 
GLOBAL_UNCERTAINTY_ASSIGNED_CONTEXT((#1750)) 
GLOBAL_UNIT_ASSIGNED_CONTEXT((#1747,#1748,#1749)) REPRESENTATION_CONTEXT
('Context #1','3D Context with UNIT and UNCERTAINTY') );
#1747 = ( LENGTH_UNIT() NAMED_UNIT(*) SI_UNIT(.MILLI.,.METRE.) );
#1748 = ( NAMED_UNIT(*) PLANE_ANGLE_UNIT() SI_UNIT($,.RADIAN.) );
#1749 = ( NAMED_UNIT(*) SI_UNIT($,.STERADIAN.) SOLID_ANGLE_UNIT() );
#1750 = UNCERTAINTY_MEASURE_WITH_UNIT(LENGTH_MEASURE(1.E-07),#1747,
  'distance_accuracy_value','confusion accuracy');
#1751 = CONTEXT_DEPENDENT_SHAPE_REPRESENTATION(#1752,#1754);
#1752 = ( REPRESENTATION_RELATIONSHIP('','',#1707,#10) 
REPRESENTATION_RELATIONSHIP_WITH_TRANSFORMATION(#1753) 
SHAPE_REPRESENTATION_RELATIONSHIP() );
#1753 = ITEM_DEFINED_TRANSFORMATION('','',#11,#107);
#1754 = PRODUCT_DEFINITION_SHAPE('Placement','Placement of an item',
  #1755);
#1755 = NEXT_ASSEMBLY_USAGE_OCCURRENCE('63873','BALL_0022','',#5,#1702,$
  );
#1756 = PRODUCT_RELATED_PRODUCT_CATEGORY('part',$,(#1704));
#1757 = SHAPE_DEFINITION_REPRESENTATION(#1758,#1764);
#1758 = PRODUCT_DEFINITION_SHAPE('','',#1759);
#1759 = PRODUCT_DEFINITION('design','',#1760,#1763);
#1760 = PRODUCT_DEFINITION_FORMATION('','',#1761);
#1761 = PRODUCT('BALL_0023','BALL_0023','',(#1762));
#1762 = PRODUCT_CONTEXT('',#2,'mechanical');
#1763 = PRODUCT_DEFINITION_CONTEXT('part definition',#2,'design');
#1764 = ADVANCED_BREP_SHAPE_REPRESENTATION('',(#11,#1765),#1803);
#1765 = MANIFOLD_SOLID_BREP('',#1766);
#1766 = CLOSED_SHELL('',(#1767,#1794));
#1767 = ADVANCED_FACE('',(#1768),#1789,.T.);
#1768 = FACE_BOUND('',#1769,.T.);
#1769 = EDGE_LOOP('',(#1770,#1779,#1788));
#1770 = ORIENTED_EDGE('',*,*,#1771,.T.);
#1771 = EDGE_CURVE('',#1772,#1772,#1774,.T.);
#1772 = VERTEX_POINT('',#1773);
#1773 = CARTESIAN_POINT('',(-0.9,9.599999999978E-02,-0.852));
#1774 = CIRCLE('',#1775,4.80000000003E-02);
#1775 = AXIS2_PLACEMENT_3D('',#1776,#1777,#1778);
#1776 = CARTESIAN_POINT('',(-0.9,9.599999999978E-02,-0.9));
#1777 = DIRECTION('',(-5.551115123126E-17,-1.,0.));
#1778 = DIRECTION('',(-3.916057553563E-30,2.173848630861E-46,1.));
#1779 = ORIENTED_EDGE('',*,*,#1780,.T.);
#1780 = EDGE_CURVE('',#1772,#1781,#1783,.T.);
#1781 = VERTEX_POINT('',#1782);
#1782 = CARTESIAN_POINT('',(-0.9,-3.435099972407E-15,-0.9));
#1783 = CIRCLE('',#1784,6.E-02);
#1784 = AXIS2_PLACEMENT_3D('',#1785,#1786,#1787);
#1785 = CARTESIAN_POINT('',(-0.9,6.E-02,-0.9));
#1786 = DIRECTION('',(1.,-1.110223024625E-16,-5.551115123126E-17));
#1787 = DIRECTION('',(1.110223024625E-16,1.,5.551115123126E-17));
#1788 = ORIENTED_EDGE('',*,*,#1780,.F.);
#1789 = SPHERICAL_SURFACE('',#1790,6.E-02);
#1790 = AXIS2_PLACEMENT_3D('',#1791,#1792,#1793);
#1791 = CARTESIAN_POINT('',(-0.9,6.E-02,-0.9));
#1792 = DIRECTION('',(-5.551115123126E-17,-1.,-0.));
#1793 = DIRECTION('',(-3.500331551977E-30,1.943074341413E-46,1.));
#1794 = ADVANCED_FACE('',(#1795),#1798,.F.);
#1795 = FACE_BOUND('',#1796,.F.);
#1796 = EDGE_LOOP('',(#1797));
#1797 = ORIENTED_EDGE('',*,*,#1771,.T.);
#1798 = PLANE('',#1799);
#1799 = AXIS2_PLACEMENT_3D('',#1800,#1801,#1802);
#1800 = CARTESIAN_POINT('',(-0.9,9.6E-02,-0.9));
#1801 = DIRECTION('',(-5.551115123126E-17,-1.,-0.));
#1802 = DIRECTION('',(-3.916057553565E-30,2.173848630863E-46,1.));
#1803 = ( GEOMETRIC_REPRESENTATION_CONTEXT(3) 
GLOBAL_UNCERTAINTY_ASSIGNED_CONTEXT((#1807)) 
GLOBAL_UNIT_ASSIGNED_CONTEXT((#1804,#1805,#1806)) REPRESENTATION_CONTEXT
('Context #1','3D Context with UNIT and UNCERTAINTY') );
#1804 = ( LENGTH_UNIT() NAMED_UNIT(*) SI_UNIT(.MILLI.,.METRE.) );
#1805 = ( NAMED_UNIT(*) PLANE_ANGLE_UNIT() SI_UNIT($,.RADIAN.) );
#1806 = ( NAMED_UNIT(*) SI_UNIT($,.STERADIAN.) SOLID_ANGLE_UNIT() );
#1807 = UNCERTAINTY_MEASURE_WITH_UNIT(LENGTH_MEASURE(1.E-07),#1804,
  'distance_accuracy_value','confusion accuracy');
#1808 = CONTEXT_DEPENDENT_SHAPE_REPRESENTATION(#1809,#1811);
#1809 = ( REPRESENTATION_RELATIONSHIP('','',#1764,#10) 
REPRESENTATION_RELATIONSHIP_WITH_TRANSFORMATION(#1810) 
SHAPE_REPRESENTATION_RELATIONSHIP() );
#1810 = ITEM_DEFINED_TRANSFORMATION('','',#11,#111);
#1811 = PRODUCT_DEFINITION_SHAPE('Placement','Placement of an item',
  #1812);
#1812 = NEXT_ASSEMBLY_USAGE_OCCURRENCE('63874','BALL_0023','',#5,#1759,$
  );
#1813 = PRODUCT_RELATED_PRODUCT_CATEGORY('part',$,(#1761));
#1814 = SHAPE_DEFINITION_REPRESENTATION(#1815,#1821);
#1815 = PRODUCT_DEFINITION_SHAPE('','',#1816);
#1816 = PRODUCT_DEFINITION('design','',#1817,#1820);
#1817 = PRODUCT_DEFINITION_FORMATION('','',#1818);
#1818 = PRODUCT('BALL_0024','BALL_0024','',(#1819));
#1819 = PRODUCT_CONTEXT('',#2,'mechanical');
#1820 = PRODUCT_DEFINITION_CONTEXT('part definition',#2,'design');
#1821 = ADVANCED_BREP_SHAPE_REPRESENTATION('',(#11,#1822),#1860);
#1822 = MANIFOLD_SOLID_BREP('',#1823);
#1823 = CLOSED_SHELL('',(#1824,#1851));
#1824 = ADVANCED_FACE('',(#1825),#1846,.T.);
#1825 = FACE_BOUND('',#1826,.T.);
#1826 = EDGE_LOOP('',(#1827,#1836,#1845));
#1827 = ORIENTED_EDGE('',*,*,#1828,.T.);
#1828 = EDGE_CURVE('',#1829,#1829,#1831,.T.);
#1829 = VERTEX_POINT('',#1830);
#1830 = CARTESIAN_POINT('',(-0.9,9.599999999978E-02,-0.852));
#1831 = CIRCLE('',#1832,4.80000000003E-02);
#1832 = AXIS2_PLACEMENT_3D('',#1833,#1834,#1835);
#1833 = CARTESIAN_POINT('',(-0.9,9.599999999978E-02,-0.9));
#1834 = DIRECTION('',(-5.551115123126E-17,-1.,0.));
#1835 = DIRECTION('',(-3.916057553563E-30,2.173848630861E-46,1.));
#1836 = ORIENTED_EDGE('',*,*,#1837,.T.);
#1837 = EDGE_CURVE('',#1829,#1838,#1840,.T.);
#1838 = VERTEX_POINT('',#1839);
#1839 = CARTESIAN_POINT('',(-0.9,-3.435099972407E-15,-0.9));
#1840 = CIRCLE('',#1841,6.E-02);
#1841 = AXIS2_PLACEMENT_3D('',#1842,#1843,#1844);
#1842 = CARTESIAN_POINT('',(-0.9,6.E-02,-0.9));
#1843 = DIRECTION('',(1.,-1.110223024625E-16,-5.551115123126E-17));
#1844 = DIRECTION('',(1.110223024625E-16,1.,5.551115123126E-17));
#1845 = ORIENTED_EDGE('',*,*,#1837,.F.);
#1846 = SPHERICAL_SURFACE('',#1847,6.E-02);
#1847 = AXIS2_PLACEMENT_3D('',#1848,#1849,#1850);
#1848 = CARTESIAN_POINT('',(-0.9,6.E-02,-0.9));
#1849 = DIRECTION('',(-5.551115123126E-17,-1.,-0.));
#1850 = DIRECTION('',(-3.500331551977E-30,1.943074341413E-46,1.));
#1851 = ADVANCED_FACE('',(#1852),#1855,.F.);
#1852 = FACE_BOUND('',#1853,.F.);
#1853 = EDGE_LOOP('',(#1854));
#1854 = ORIENTED_EDGE('',*,*,#1828,.T.);
#1855 = PLANE('',#1856);
#1856 = AXIS2_PLACEMENT_3D('',#1857,#1858,#1859);
#1857 = CARTESIAN_POINT('',(-0.9,9.6E-02,-0.9));
#1858 = DIRECTION('',(-5.551115123126E-17,-1.,-0.));
#1859 = DIRECTION('',(-3.916057553565E-30,2.173848630863E-46,1.));
#1860 = ( GEOMETRIC_REPRESENTATION_CONTEXT(3) 
GLOBAL_UNCERTAINTY_ASSIGNED_CONTEXT((#1864)) 
GLOBAL_UNIT_ASSIGNED_CONTEXT((#1861,#1862,#1863)) REPRESENTATION_CONTEXT
('Context #1','3D Context with UNIT and UNCERTAINTY') );
#1861 = ( LENGTH_UNIT() NAMED_UNIT(*) SI_UNIT(.MILLI.,.METRE.) );
#1862 = ( NAMED_UNIT(*) PLANE_ANGLE_UNIT() SI_UNIT($,.RADIAN.) );
#1863 = ( NAMED_UNIT(*) SI_UNIT($,.STERADIAN.) SOLID_ANGLE_UNIT() );
#1864 = UNCERTAINTY_MEASURE_WITH_UNIT(LENGTH_MEASURE(1.E-07),#1861,
  'distance_accuracy_value','confusion accuracy');
#1865 = CONTEXT_DEPENDENT_SHAPE_REPRESENTATION(#1866,#1868);
#1866 = ( REPRESENTATION_RELATIONSHIP('','',#1821,#10) 
REPRESENTATION_RELATIONSHIP_WITH_TRANSFORMATION(#1867) 
SHAPE_REPRESENTATION_RELATIONSHIP() );
#1867 = ITEM_DEFINED_TRANSFORMATION('','',#11,#115);
#1868 = PRODUCT_DEFINITION_SHAPE('Placement','Placement of an item',
  #1869);
#1869 = NEXT_ASSEMBLY_USAGE_OCCURRENCE('63875','BALL_0024','',#5,#1816,$
  );
#1870 = PRODUCT_RELATED_PRODUCT_CATEGORY('part',$,(#1818));
#1871 = SHAPE_DEFINITION_REPRESENTATION(#1872,#1878);
#1872 = PRODUCT_DEFINITION_SHAPE('','',#1873);
#1873 = PRODUCT_DEFINITION('design','',#1874,#1877);
#1874 = PRODUCT_DEFINITION_FORMATION('','',#1875);
#1875 = PRODUCT('BALL_0025','BALL_0025','',(#1876));
#1876 = PRODUCT_CONTEXT('',#2,'mechanical');
#1877 = PRODUCT_DEFINITION_CONTEXT('part definition',#2,'design');
#1878 = ADVANCED_BREP_SHAPE_REPRESENTATION('',(#11,#1879),#1917);
#1879 = MANIFOLD_SOLID_BREP('',#1880);
#1880 = CLOSED_SHELL('',(#1881,#1908));
#1881 = ADVANCED_FACE('',(#1882),#1903,.T.);
#1882 = FACE_BOUND('',#1883,.T.);
#1883 = EDGE_LOOP('',(#1884,#1893,#1902));
#1884 = ORIENTED_EDGE('',*,*,#1885,.T.);
#1885 = EDGE_CURVE('',#1886,#1886,#1888,.T.);
#1886 = VERTEX_POINT('',#1887);
#1887 = CARTESIAN_POINT('',(-0.9,9.599999999978E-02,-0.852));
#1888 = CIRCLE('',#1889,4.80000000003E-02);
#1889 = AXIS2_PLACEMENT_3D('',#1890,#1891,#1892);
#1890 = CARTESIAN_POINT('',(-0.9,9.599999999978E-02,-0.9));
#1891 = DIRECTION('',(-5.551115123126E-17,-1.,0.));
#1892 = DIRECTION('',(-3.916057553563E-30,2.173848630861E-46,1.));
#1893 = ORIENTED_EDGE('',*,*,#1894,.T.);
#1894 = EDGE_CURVE('',#1886,#1895,#1897,.T.);
#1895 = VERTEX_POINT('',#1896);
#1896 = CARTESIAN_POINT('',(-0.9,-3.435099972407E-15,-0.9));
#1897 = CIRCLE('',#1898,6.E-02);
#1898 = AXIS2_PLACEMENT_3D('',#1899,#1900,#1901);
#1899 = CARTESIAN_POINT('',(-0.9,6.E-02,-0.9));
#1900 = DIRECTION('',(1.,-1.110223024625E-16,-5.551115123126E-17));
#1901 = DIRECTION('',(1.110223024625E-16,1.,5.551115123126E-17));
#1902 = ORIENTED_EDGE('',*,*,#1894,.F.);
#1903 = SPHERICAL_SURFACE('',#1904,6.E-02);
#1904 = AXIS2_PLACEMENT_3D('',#1905,#1906,#1907);
#1905 = CARTESIAN_POINT('',(-0.9,6.E-02,-0.9));
#1906 = DIRECTION('',(-5.551115123126E-17,-1.,-0.));
#1907 = DIRECTION('',(-3.500331551977E-30,1.943074341413E-46,1.));
#1908 = ADVANCED_FACE('',(#1909),#1912,.F.);
#1909 = FACE_BOUND('',#1910,.F.);
#1910 = EDGE_LOOP('',(#1911));
#1911 = ORIENTED_EDGE('',*,*,#1885,.T.);
#1912 = PLANE('',#1913);
#1913 = AXIS2_PLACEMENT_3D('',#1914,#1915,#1916);
#1914 = CARTESIAN_POINT('',(-0.9,9.6E-02,-0.9));
#1915 = DIRECTION('',(-5.551115123126E-17,-1.,-0.));
#1916 = DIRECTION('',(-3.916057553565E-30,2.173848630863E-46,1.));
#1917 = ( GEOMETRIC_REPRESENTATION_CONTEXT(3) 
GLOBAL_UNCERTAINTY_ASSIGNED_CONTEXT((#1921)) 
GLOBAL_UNIT_ASSIGNED_CONTEXT((#1918,#1919,#1920)) REPRESENTATION_CONTEXT
('Context #1','3D Context with UNIT and UNCERTAINTY') );
#1918 = ( LENGTH_UNIT() NAMED_UNIT(*) SI_UNIT(.MILLI.,.METRE.) );
#1919 = ( NAMED_UNIT(*) PLANE_ANGLE_UNIT() SI_UNIT($,.RADIAN.) );
#1920 = ( NAMED_UNIT(*) SI_UNIT($,.STERADIAN.) SOLID_ANGLE_UNIT() );
#1921 = UNCERTAINTY_MEASURE_WITH_UNIT(LENGTH_MEASURE(1.E-07),#1918,
  'distance_accuracy_value','confusion accuracy');
#1922 = CONTEXT_DEPENDENT_SHAPE_REPRESENTATION(#1923,#1925);
#1923 = ( REPRESENTATION_RELATIONSHIP('','',#1878,#10) 
REPRESENTATION_RELATIONSHIP_WITH_TRANSFORMATION(#1924) 
SHAPE_REPRESENTATION_RELATIONSHIP() );
#1924 = ITEM_DEFINED_TRANSFORMATION('','',#11,#119);
#1925 = PRODUCT_DEFINITION_SHAPE('Placement','Placement of an item',
  #1926);
#1926 = NEXT_ASSEMBLY_USAGE_OCCURRENCE('63876','BALL_0025','',#5,#1873,$
  );
#1927 = PRODUCT_RELATED_PRODUCT_CATEGORY('part',$,(#1875));
#1928 = SHAPE_DEFINITION_REPRESENTATION(#1929,#1935);
#1929 = PRODUCT_DEFINITION_SHAPE('','',#1930);
#1930 = PRODUCT_DEFINITION('design','',#1931,#1934);
#1931 = PRODUCT_DEFINITION_FORMATION('','',#1932);
#1932 = PRODUCT('BALL_0026','BALL_0026','',(#1933));
#1933 = PRODUCT_CONTEXT('',#2,'mechanical');
#1934 = PRODUCT_DEFINITION_CONTEXT('part definition',#2,'design');
#1935 = ADVANCED_BREP_SHAPE_REPRESENTATION('',(#11,#1936),#1974);
#1936 = MANIFOLD_SOLID_BREP('',#1937);
#1937 = CLOSED_SHELL('',(#1938,#1965));
#1938 = ADVANCED_FACE('',(#1939),#1960,.T.);
#1939 = FACE_BOUND('',#1940,.T.);
#1940 = EDGE_LOOP('',(#1941,#1950,#1959));
#1941 = ORIENTED_EDGE('',*,*,#1942,.T.);
#1942 = EDGE_CURVE('',#1943,#1943,#1945,.T.);
#1943 = VERTEX_POINT('',#1944);
#1944 = CARTESIAN_POINT('',(-0.9,9.599999999978E-02,-0.852));
#1945 = CIRCLE('',#1946,4.80000000003E-02);
#1946 = AXIS2_PLACEMENT_3D('',#1947,#1948,#1949);
#1947 = CARTESIAN_POINT('',(-0.9,9.599999999978E-02,-0.9));
#1948 = DIRECTION('',(-5.551115123126E-17,-1.,0.));
#1949 = DIRECTION('',(-3.916057553563E-30,2.173848630861E-46,1.));
#1950 = ORIENTED_EDGE('',*,*,#1951,.T.);
#1951 = EDGE_CURVE('',#1943,#1952,#1954,.T.);
#1952 = VERTEX_POINT('',#1953);
#1953 = CARTESIAN_POINT('',(-0.9,-3.435099972407E-15,-0.9));
#1954 = CIRCLE('',#1955,6.E-02);
#1955 = AXIS2_PLACEMENT_3D('',#1956,#1957,#1958);
#1956 = CARTESIAN_POINT('',(-0.9,6.E-02,-0.9));
#1957 = DIRECTION('',(1.,-1.110223024625E-16,-5.551115123126E-17));
#1958 = DIRECTION('',(1.110223024625E-16,1.,5.551115123126E-17));
#1959 = ORIENTED_EDGE('',*,*,#1951,.F.);
#1960 = SPHERICAL_SURFACE('',#1961,6.E-02);
#1961 = AXIS2_PLACEMENT_3D('',#1962,#1963,#1964);
#1962 = CARTESIAN_POINT('',(-0.9,6.E-02,-0.9));
#1963 = DIRECTION('',(-5.551115123126E-17,-1.,-0.));
#1964 = DIRECTION('',(-3.500331551977E-30,1.943074341413E-46,1.));
#1965 = ADVANCED_FACE('',(#1966),#1969,.F.);
#1966 = FACE_BOUND('',#1967,.F.);
#1967 = EDGE_LOOP('',(#1968));
#1968 = ORIENTED_EDGE('',*,*,#1942,.T.);
#1969 = PLANE('',#1970);
#1970 = AXIS2_PLACEMENT_3D('',#1971,#1972,#1973);
#1971 = CARTESIAN_POINT('',(-0.9,9.6E-02,-0.9));
#1972 = DIRECTION('',(-5.551115123126E-17,-1.,-0.));
#1973 = DIRECTION('',(-3.916057553565E-30,2.173848630863E-46,1.));
#1974 = ( GEOMETRIC_REPRESENTATION_CONTEXT(3) 
GLOBAL_UNCERTAINTY_ASSIGNED_CONTEXT((#1978)) 
GLOBAL_UNIT_ASSIGNED_CONTEXT((#1975,#1976,#1977)) REPRESENTATION_CONTEXT
('Context #1','3D Context with UNIT and UNCERTAINTY') );
#1975 = ( LENGTH_UNIT() NAMED_UNIT(*) SI_UNIT(.MILLI.,.METRE.) );
#1976 = ( NAMED_UNIT(*) PLANE_ANGLE_UNIT() SI_UNIT($,.RADIAN.) );
#1977 = ( NAMED_UNIT(*) SI_UNIT($,.STERADIAN.) SOLID_ANGLE_UNIT() );
#1978 = UNCERTAINTY_MEASURE_WITH_UNIT(LENGTH_MEASURE(1.E-07),#1975,
  'distance_accuracy_value','confusion accuracy');
#1979 = CONTEXT_DEPENDENT_SHAPE_REPRESENTATION(#1980,#1982);
#1980 = ( REPRESENTATION_RELATIONSHIP('','',#1935,#10) 
REPRESENTATION_RELATIONSHIP_WITH_TRANSFORMATION(#1981) 
SHAPE_REPRESENTATION_RELATIONSHIP() );
#1981 = ITEM_DEFINED_TRANSFORMATION('','',#11,#123);
#1982 = PRODUCT_DEFINITION_SHAPE('Placement','Placement of an item',
  #1983);
#1983 = NEXT_ASSEMBLY_USAGE_OCCURRENCE('63877','BALL_0026','',#5,#1930,$
  );
#1984 = PRODUCT_RELATED_PRODUCT_CATEGORY('part',$,(#1932));
#1985 = SHAPE_DEFINITION_REPRESENTATION(#1986,#1992);
#1986 = PRODUCT_DEFINITION_SHAPE('','',#1987);
#1987 = PRODUCT_DEFINITION('design','',#1988,#1991);
#1988 = PRODUCT_DEFINITION_FORMATION('','',#1989);
#1989 = PRODUCT('BALL_0027','BALL_0027','',(#1990));
#1990 = PRODUCT_CONTEXT('',#2,'mechanical');
#1991 = PRODUCT_DEFINITION_CONTEXT('part definition',#2,'design');
#1992 = ADVANCED_BREP_SHAPE_REPRESENTATION('',(#11,#1993),#2031);
#1993 = MANIFOLD_SOLID_BREP('',#1994);
#1994 = CLOSED_SHELL('',(#1995,#2022));
#1995 = ADVANCED_FACE('',(#1996),#2017,.T.);
#1996 = FACE_BOUND('',#1997,.T.);
#1997 = EDGE_LOOP('',(#1998,#2007,#2016));
#1998 = ORIENTED_EDGE('',*,*,#1999,.T.);
#1999 = EDGE_CURVE('',#2000,#2000,#2002,.T.);
#2000 = VERTEX_POINT('',#2001);
#2001 = CARTESIAN_POINT('',(-0.9,9.599999999978E-02,-0.852));
#2002 = CIRCLE('',#2003,4.80000000003E-02);
#2003 = AXIS2_PLACEMENT_3D('',#2004,#2005,#2006);
#2004 = CARTESIAN_POINT('',(-0.9,9.599999999978E-02,-0.9));
#2005 = DIRECTION('',(-5.551115123126E-17,-1.,0.));
#2006 = DIRECTION('',(-3.916057553563E-30,2.173848630861E-46,1.));
#2007 = ORIENTED_EDGE('',*,*,#2008,.T.);
#2008 = EDGE_CURVE('',#2000,#2009,#2011,.T.);
#2009 = VERTEX_POINT('',#2010);
#2010 = CARTESIAN_POINT('',(-0.9,-3.435099972407E-15,-0.9));
#2011 = CIRCLE('',#2012,6.E-02);
#2012 = AXIS2_PLACEMENT_3D('',#2013,#2014,#2015);
#2013 = CARTESIAN_POINT('',(-0.9,6.E-02,-0.9));
#2014 = DIRECTION('',(1.,-1.110223024625E-16,-5.551115123126E-17));
#2015 = DIRECTION('',(1.110223024625E-16,1.,5.551115123126E-17));
#2016 = ORIENTED_EDGE('',*,*,#2008,.F.);
#2017 = SPHERICAL_SURFACE('',#2018,6.E-02);
#2018 = AXIS2_PLACEMENT_3D('',#2019,#2020,#2021);
#2019 = CARTESIAN_POINT('',(-0.9,6.E-02,-0.9));
#2020 = DIRECTION('',(-5.551115123126E-17,-1.,-0.));
#2021 = DIRECTION('',(-3.500331551977E-30,1.943074341413E-46,1.));
#2022 = ADVANCED_FACE('',(#2023),#2026,.F.);
#2023 = FACE_BOUND('',#2024,.F.);
#2024 = EDGE_LOOP('',(#2025));
#2025 = ORIENTED_EDGE('',*,*,#1999,.T.);
#2026 = PLANE('',#2027);
#2027 = AXIS2_PLACEMENT_3D('',#2028,#2029,#2030);
#2028 = CARTESIAN_POINT('',(-0.9,9.6E-02,-0.9));
#2029 = DIRECTION('',(-5.551115123126E-17,-1.,-0.));
#2030 = DIRECTION('',(-3.916057553565E-30,2.173848630863E-46,1.));
#2031 = ( GEOMETRIC_REPRESENTATION_CONTEXT(3) 
GLOBAL_UNCERTAINTY_ASSIGNED_CONTEXT((#2035)) 
GLOBAL_UNIT_ASSIGNED_CONTEXT((#2032,#2033,#2034)) REPRESENTATION_CONTEXT
('Context #1','3D Context with UNIT and UNCERTAINTY') );
#2032 = ( LENGTH_UNIT() NAMED_UNIT(*) SI_UNIT(.MILLI.,.METRE.) );
#2033 = ( NAMED_UNIT(*) PLANE_ANGLE_UNIT() SI_UNIT($,.RADIAN.) );
#2034 = ( NAMED_UNIT(*) SI_UNIT($,.STERADIAN.) SOLID_ANGLE_UNIT() );
#2035 = UNCERTAINTY_MEASURE_WITH_UNIT(LENGTH_MEASURE(1.E-07),#2032,
  'distance_accuracy_value','confusion accuracy');
#2036 = CONTEXT_DEPENDENT_SHAPE_REPRESENTATION(#2037,#2039);
#2037 = ( REPRESENTATION_RELATIONSHIP('','',#1992,#10) 
REPRESENTATION_RELATIONSHIP_WITH_TRANSFORMATION(#2038) 
SHAPE_REPRESENTATION_RELATIONSHIP() );
#2038 = ITEM_DEFINED_TRANSFORMATION('','',#11,#127);
#2039 = PRODUCT_DEFINITION_SHAPE('Placement','Placement of an item',
  #2040);
#2040 = NEXT_ASSEMBLY_USAGE_OCCURRENCE('63878','BALL_0027','',#5,#1987,$
  );
#2041 = PRODUCT_RELATED_PRODUCT_CATEGORY('part',$,(#1989));
#2042 = SHAPE_DEFINITION_REPRESENTATION(#2043,#2049);
#2043 = PRODUCT_DEFINITION_SHAPE('','',#2044);
#2044 = PRODUCT_DEFINITION('design','',#2045,#2048);
#2045 = PRODUCT_DEFINITION_FORMATION('','',#2046);
#2046 = PRODUCT('BALL_0028','BALL_0028','',(#2047));
#2047 = PRODUCT_CONTEXT('',#2,'mechanical');
#2048 = PRODUCT_DEFINITION_CONTEXT('part definition',#2,'design');
#2049 = ADVANCED_BREP_SHAPE_REPRESENTATION('',(#11,#2050),#2088);
#2050 = MANIFOLD_SOLID_BREP('',#2051);
#2051 = CLOSED_SHELL('',(#2052,#2079));
#2052 = ADVANCED_FACE('',(#2053),#2074,.T.);
#2053 = FACE_BOUND('',#2054,.T.);
#2054 = EDGE_LOOP('',(#2055,#2064,#2073));
#2055 = ORIENTED_EDGE('',*,*,#2056,.T.);
#2056 = EDGE_CURVE('',#2057,#2057,#2059,.T.);
#2057 = VERTEX_POINT('',#2058);
#2058 = CARTESIAN_POINT('',(-0.9,9.599999999978E-02,-0.852));
#2059 = CIRCLE('',#2060,4.80000000003E-02);
#2060 = AXIS2_PLACEMENT_3D('',#2061,#2062,#2063);
#2061 = CARTESIAN_POINT('',(-0.9,9.599999999978E-02,-0.9));
#2062 = DIRECTION('',(-5.551115123126E-17,-1.,0.));
#2063 = DIRECTION('',(-3.916057553563E-30,2.173848630861E-46,1.));
#2064 = ORIENTED_EDGE('',*,*,#2065,.T.);
#2065 = EDGE_CURVE('',#2057,#2066,#2068,.T.);
#2066 = VERTEX_POINT('',#2067);
#2067 = CARTESIAN_POINT('',(-0.9,-3.435099972407E-15,-0.9));
#2068 = CIRCLE('',#2069,6.E-02);
#2069 = AXIS2_PLACEMENT_3D('',#2070,#2071,#2072);
#2070 = CARTESIAN_POINT('',(-0.9,6.E-02,-0.9));
#2071 = DIRECTION('',(1.,-1.110223024625E-16,-5.551115123126E-17));
#2072 = DIRECTION('',(1.110223024625E-16,1.,5.551115123126E-17));
#2073 = ORIENTED_EDGE('',*,*,#2065,.F.);
#2074 = SPHERICAL_SURFACE('',#2075,6.E-02);
#2075 = AXIS2_PLACEMENT_3D('',#2076,#2077,#2078);
#2076 = CARTESIAN_POINT('',(-0.9,6.E-02,-0.9));
#2077 = DIRECTION('',(-5.551115123126E-17,-1.,-0.));
#2078 = DIRECTION('',(-3.500331551977E-30,1.943074341413E-46,1.));
#2079 = ADVANCED_FACE('',(#2080),#2083,.F.);
#2080 = FACE_BOUND('',#2081,.F.);
#2081 = EDGE_LOOP('',(#2082));
#2082 = ORIENTED_EDGE('',*,*,#2056,.T.);
#2083 = PLANE('',#2084);
#2084 = AXIS2_PLACEMENT_3D('',#2085,#2086,#2087);
#2085 = CARTESIAN_POINT('',(-0.9,9.6E-02,-0.9));
#2086 = DIRECTION('',(-5.551115123126E-17,-1.,-0.));
#2087 = DIRECTION('',(-3.916057553565E-30,2.173848630863E-46,1.));
#2088 = ( GEOMETRIC_REPRESENTATION_CONTEXT(3) 
GLOBAL_UNCERTAINTY_ASSIGNED_CONTEXT((#2092)) 
GLOBAL_UNIT_ASSIGNED_CONTEXT((#2089,#2090,#2091)) REPRESENTATION_CONTEXT
('Context #1','3D Context with UNIT and UNCERTAINTY') );
#2089 = ( LENGTH_UNIT() NAMED_UNIT(*) SI_UNIT(.MILLI.,.METRE.) );
#2090 = ( NAMED_UNIT(*) PLANE_ANGLE_UNIT() SI_UNIT($,.RADIAN.) );
#2091 = ( NAMED_UNIT(*) SI_UNIT($,.STERADIAN.) SOLID_ANGLE_UNIT() );
#2092 = UNCERTAINTY_MEASURE_WITH_UNIT(LENGTH_MEASURE(1.E-07),#2089,
  'distance_accuracy_value','confusion accuracy');
#2093 = CONTEXT_DEPENDENT_SHAPE_REPRESENTATION(#2094,#2096);
#2094 = ( REPRESENTATION_RELATIONSHIP('','',#2049,#10) 
REPRESENTATION_RELATIONSHIP_WITH_TRANSFORMATION(#2095) 
SHAPE_REPRESENTATION_RELATIONSHIP() );
#2095 = ITEM_DEFINED_TRANSFORMATION('','',#11,#131);
#2096 = PRODUCT_DEFINITION_SHAPE('Placement','Placement of an item',
  #2097);
#2097 = NEXT_ASSEMBLY_USAGE_OCCURRENCE('63879','BALL_0028','',#5,#2044,$
  );
#2098 = PRODUCT_RELATED_PRODUCT_CATEGORY('part',$,(#2046));
#2099 = SHAPE_DEFINITION_REPRESENTATION(#2100,#2106);
#2100 = PRODUCT_DEFINITION_SHAPE('','',#2101);
#2101 = PRODUCT_DEFINITION('design','',#2102,#2105);
#2102 = PRODUCT_DEFINITION_FORMATION('','',#2103);
#2103 = PRODUCT('BALL_0029','BALL_0029','',(#2104));
#2104 = PRODUCT_CONTEXT('',#2,'mechanical');
#2105 = PRODUCT_DEFINITION_CONTEXT('part definition',#2,'design');
#2106 = ADVANCED_BREP_SHAPE_REPRESENTATION('',(#11,#2107),#2145);
#2107 = MANIFOLD_SOLID_BREP('',#2108);
#2108 = CLOSED_SHELL('',(#2109,#2136));
#2109 = ADVANCED_FACE('',(#2110),#2131,.T.);
#2110 = FACE_BOUND('',#2111,.T.);
#2111 = EDGE_LOOP('',(#2112,#2121,#2130));
#2112 = ORIENTED_EDGE('',*,*,#2113,.T.);
#2113 = EDGE_CURVE('',#2114,#2114,#2116,.T.);
#2114 = VERTEX_POINT('',#2115);
#2115 = CARTESIAN_POINT('',(-0.9,9.599999999978E-02,-0.852));
#2116 = CIRCLE('',#2117,4.80000000003E-02);
#2117 = AXIS2_PLACEMENT_3D('',#2118,#2119,#2120);
#2118 = CARTESIAN_POINT('',(-0.9,9.599999999978E-02,-0.9));
#2119 = DIRECTION('',(-5.551115123126E-17,-1.,0.));
#2120 = DIRECTION('',(-3.916057553563E-30,2.173848630861E-46,1.));
#2121 = ORIENTED_EDGE('',*,*,#2122,.T.);
#2122 = EDGE_CURVE('',#2114,#2123,#2125,.T.);
#2123 = VERTEX_POINT('',#2124);
#2124 = CARTESIAN_POINT('',(-0.9,-3.435099972407E-15,-0.9));
#2125 = CIRCLE('',#2126,6.E-02);
#2126 = AXIS2_PLACEMENT_3D('',#2127,#2128,#2129);
#2127 = CARTESIAN_POINT('',(-0.9,6.E-02,-0.9));
#2128 = DIRECTION('',(1.,-1.110223024625E-16,-5.551115123126E-17));
#2129 = DIRECTION('',(1.110223024625E-16,1.,5.551115123126E-17));
#2130 = ORIENTED_EDGE('',*,*,#2122,.F.);
#2131 = SPHERICAL_SURFACE('',#2132,6.E-02);
#2132 = AXIS2_PLACEMENT_3D('',#2133,#2134,#2135);
#2133 = CARTESIAN_POINT('',(-0.9,6.E-02,-0.9));
#2134 = DIRECTION('',(-5.551115123126E-17,-1.,-0.));
#2135 = DIRECTION('',(-3.500331551977E-30,1.943074341413E-46,1.));
#2136 = ADVANCED_FACE('',(#2137),#2140,.F.);
#2137 = FACE_BOUND('',#2138,.F.);
#2138 = EDGE_LOOP('',(#2139));
#2139 = ORIENTED_EDGE('',*,*,#2113,.T.);
#2140 = PLANE('',#2141);
#2141 = AXIS2_PLACEMENT_3D('',#2142,#2143,#2144);
#2142 = CARTESIAN_POINT('',(-0.9,9.6E-02,-0.9));
#2143 = DIRECTION('',(-5.551115123126E-17,-1.,-0.));
#2144 = DIRECTION('',(-3.916057553565E-30,2.173848630863E-46,1.));
#2145 = ( GEOMETRIC_REPRESENTATION_CONTEXT(3) 
GLOBAL_UNCERTAINTY_ASSIGNED_CONTEXT((#2149)) 
GLOBAL_UNIT_ASSIGNED_CONTEXT((#2146,#2147,#2148)) REPRESENTATION_CONTEXT
('Context #1','3D Context with UNIT and UNCERTAINTY') );
#2146 = ( LENGTH_UNIT() NAMED_UNIT(*) SI_UNIT(.MILLI.,.METRE.) );
#2147 = ( NAMED_UNIT(*) PLANE_ANGLE_UNIT() SI_UNIT($,.RADIAN.) );
#2148 = ( NAMED_UNIT(*) SI_UNIT($,.STERADIAN.) SOLID_ANGLE_UNIT() );
#2149 = UNCERTAINTY_MEASURE_WITH_UNIT(LENGTH_MEASURE(1.E-07),#2146,
  'distance_accuracy_value','confusion accuracy');
#2150 = CONTEXT_DEPENDENT_SHAPE_REPRESENTATION(#2151,#2153);
#2151 = ( REPRESENTATION_RELATIONSHIP('','',#2106,#10) 
REPRESENTATION_RELATIONSHIP_WITH_TRANSFORMATION(#2152) 
SHAPE_REPRESENTATION_RELATIONSHIP() );
#2152 = ITEM_DEFINED_TRANSFORMATION('','',#11,#135);
#2153 = PRODUCT_DEFINITION_SHAPE('Placement','Placement of an item',
  #2154);
#2154 = NEXT_ASSEMBLY_USAGE_OCCURRENCE('63880','BALL_0029','',#5,#2101,$
  );
#2155 = PRODUCT_RELATED_PRODUCT_CATEGORY('part',$,(#2103));
#2156 = SHAPE_DEFINITION_REPRESENTATION(#2157,#2163);
#2157 = PRODUCT_DEFINITION_SHAPE('','',#2158);
#2158 = PRODUCT_DEFINITION('design','',#2159,#2162);
#2159 = PRODUCT_DEFINITION_FORMATION('','',#2160);
#2160 = PRODUCT('BALL_0030','BALL_0030','',(#2161));
#2161 = PRODUCT_CONTEXT('',#2,'mechanical');
#2162 = PRODUCT_DEFINITION_CONTEXT('part definition',#2,'design');
#2163 = ADVANCED_BREP_SHAPE_REPRESENTATION('',(#11,#2164),#2202);
#2164 = MANIFOLD_SOLID_BREP('',#2165);
#2165 = CLOSED_SHELL('',(#2166,#2193));
#2166 = ADVANCED_FACE('',(#2167),#2188,.T.);
#2167 = FACE_BOUND('',#2168,.T.);
#2168 = EDGE_LOOP('',(#2169,#2178,#2187));
#2169 = ORIENTED_EDGE('',*,*,#2170,.T.);
#2170 = EDGE_CURVE('',#2171,#2171,#2173,.T.);
#2171 = VERTEX_POINT('',#2172);
#2172 = CARTESIAN_POINT('',(-0.9,9.599999999978E-02,-0.852));
#2173 = CIRCLE('',#2174,4.80000000003E-02);
#2174 = AXIS2_PLACEMENT_3D('',#2175,#2176,#2177);
#2175 = CARTESIAN_POINT('',(-0.9,9.599999999978E-02,-0.9));
#2176 = DIRECTION('',(-5.551115123126E-17,-1.,0.));
#2177 = DIRECTION('',(-3.916057553563E-30,2.173848630861E-46,1.));
#2178 = ORIENTED_EDGE('',*,*,#2179,.T.);
#2179 = EDGE_CURVE('',#2171,#2180,#2182,.T.);
#2180 = VERTEX_POINT('',#2181);
#2181 = CARTESIAN_POINT('',(-0.9,-3.435099972407E-15,-0.9));
#2182 = CIRCLE('',#2183,6.E-02);
#2183 = AXIS2_PLACEMENT_3D('',#2184,#2185,#2186);
#2184 = CARTESIAN_POINT('',(-0.9,6.E-02,-0.9));
#2185 = DIRECTION('',(1.,-1.110223024625E-16,-5.551115123126E-17));
#2186 = DIRECTION('',(1.110223024625E-16,1.,5.551115123126E-17));
#2187 = ORIENTED_EDGE('',*,*,#2179,.F.);
#2188 = SPHERICAL_SURFACE('',#2189,6.E-02);
#2189 = AXIS2_PLACEMENT_3D('',#2190,#2191,#2192);
#2190 = CARTESIAN_POINT('',(-0.9,6.E-02,-0.9));
#2191 = DIRECTION('',(-5.551115123126E-17,-1.,-0.));
#2192 = DIRECTION('',(-3.500331551977E-30,1.943074341413E-46,1.));
#2193 = ADVANCED_FACE('',(#2194),#2197,.F.);
#2194 = FACE_BOUND('',#2195,.F.);
#2195 = EDGE_LOOP('',(#2196));
#2196 = ORIENTED_EDGE('',*,*,#2170,.T.);
#2197 = PLANE('',#2198);
#2198 = AXIS2_PLACEMENT_3D('',#2199,#2200,#2201);
#2199 = CARTESIAN_POINT('',(-0.9,9.6E-02,-0.9));
#2200 = DIRECTION('',(-5.551115123126E-17,-1.,-0.));
#2201 = DIRECTION('',(-3.916057553565E-30,2.173848630863E-46,1.));
#2202 = ( GEOMETRIC_REPRESENTATION_CONTEXT(3) 
GLOBAL_UNCERTAINTY_ASSIGNED_CONTEXT((#2206)) 
GLOBAL_UNIT_ASSIGNED_CONTEXT((#2203,#2204,#2205)) REPRESENTATION_CONTEXT
('Context #1','3D Context with UNIT and UNCERTAINTY') );
#2203 = ( LENGTH_UNIT() NAMED_UNIT(*) SI_UNIT(.MILLI.,.METRE.) );
#2204 = ( NAMED_UNIT(*) PLANE_ANGLE_UNIT() SI_UNIT($,.RADIAN.) );
#2205 = ( NAMED_UNIT(*) SI_UNIT($,.STERADIAN.) SOLID_ANGLE_UNIT() );
#2206 = UNCERTAINTY_MEASURE_WITH_UNIT(LENGTH_MEASURE(1.E-07),#2203,
  'distance_accuracy_value','confusion accuracy');
#2207 = CONTEXT_DEPENDENT_SHAPE_REPRESENTATION(#2208,#2210);
#2208 = ( REPRESENTATION_RELATIONSHIP('','',#2163,#10) 
REPRESENTATION_RELATIONSHIP_WITH_TRANSFORMATION(#2209) 
SHAPE_REPRESENTATION_RELATIONSHIP() );
#2209 = ITEM_DEFINED_TRANSFORMATION('','',#11,#139);
#2210 = PRODUCT_DEFINITION_SHAPE('Placement','Placement of an item',
  #2211);
#2211 = NEXT_ASSEMBLY_USAGE_OCCURRENCE('63881','BALL_0030','',#5,#2158,$
  );
#2212 = PRODUCT_RELATED_PRODUCT_CATEGORY('part',$,(#2160));
#2213 = SHAPE_DEFINITION_REPRESENTATION(#2214,#2220);
#2214 = PRODUCT_DEFINITION_SHAPE('','',#2215);
#2215 = PRODUCT_DEFINITION('design','',#2216,#2219);
#2216 = PRODUCT_DEFINITION_FORMATION('','',#2217);
#2217 = PRODUCT('BALL_0031','BALL_0031','',(#2218));
#2218 = PRODUCT_CONTEXT('',#2,'mechanical');
#2219 = PRODUCT_DEFINITION_CONTEXT('part definition',#2,'design');
#2220 = ADVANCED_BREP_SHAPE_REPRESENTATION('',(#11,#2221),#2259);
#2221 = MANIFOLD_SOLID_BREP('',#2222);
#2222 = CLOSED_SHELL('',(#2223,#2250));
#2223 = ADVANCED_FACE('',(#2224),#2245,.T.);
#2224 = FACE_BOUND('',#2225,.T.);
#2225 = EDGE_LOOP('',(#2226,#2235,#2244));
#2226 = ORIENTED_EDGE('',*,*,#2227,.T.);
#2227 = EDGE_CURVE('',#2228,#2228,#2230,.T.);
#2228 = VERTEX_POINT('',#2229);
#2229 = CARTESIAN_POINT('',(-0.9,9.599999999978E-02,-0.852));
#2230 = CIRCLE('',#2231,4.80000000003E-02);
#2231 = AXIS2_PLACEMENT_3D('',#2232,#2233,#2234);
#2232 = CARTESIAN_POINT('',(-0.9,9.599999999978E-02,-0.9));
#2233 = DIRECTION('',(-5.551115123126E-17,-1.,0.));
#2234 = DIRECTION('',(-3.916057553563E-30,2.173848630861E-46,1.));
#2235 = ORIENTED_EDGE('',*,*,#2236,.T.);
#2236 = EDGE_CURVE('',#2228,#2237,#2239,.T.);
#2237 = VERTEX_POINT('',#2238);
#2238 = CARTESIAN_POINT('',(-0.9,-3.435099972407E-15,-0.9));
#2239 = CIRCLE('',#2240,6.E-02);
#2240 = AXIS2_PLACEMENT_3D('',#2241,#2242,#2243);
#2241 = CARTESIAN_POINT('',(-0.9,6.E-02,-0.9));
#2242 = DIRECTION('',(1.,-1.110223024625E-16,-5.551115123126E-17));
#2243 = DIRECTION('',(1.110223024625E-16,1.,5.551115123126E-17));
#2244 = ORIENTED_EDGE('',*,*,#2236,.F.);
#2245 = SPHERICAL_SURFACE('',#2246,6.E-02);
#2246 = AXIS2_PLACEMENT_3D('',#2247,#2248,#2249);
#2247 = CARTESIAN_POINT('',(-0.9,6.E-02,-0.9));
#2248 = DIRECTION('',(-5.551115123126E-17,-1.,-0.));
#2249 = DIRECTION('',(-3.500331551977E-30,1.943074341413E-46,1.));
#2250 = ADVANCED_FACE('',(#2251),#2254,.F.);
#2251 = FACE_BOUND('',#2252,.F.);
#2252 = EDGE_LOOP('',(#2253));
#2253 = ORIENTED_EDGE('',*,*,#2227,.T.);
#2254 = PLANE('',#2255);
#2255 = AXIS2_PLACEMENT_3D('',#2256,#2257,#2258);
#2256 = CARTESIAN_POINT('',(-0.9,9.6E-02,-0.9));
#2257 = DIRECTION('',(-5.551115123126E-17,-1.,-0.));
#2258 = DIRECTION('',(-3.916057553565E-30,2.173848630863E-46,1.));
#2259 = ( GEOMETRIC_REPRESENTATION_CONTEXT(3) 
GLOBAL_UNCERTAINTY_ASSIGNED_CONTEXT((#2263)) 
GLOBAL_UNIT_ASSIGNED_CONTEXT((#2260,#2261,#2262)) REPRESENTATION_CONTEXT
('Context #1','3D Context with UNIT and UNCERTAINTY') );
#2260 = ( LENGTH_UNIT() NAMED_UNIT(*) SI_UNIT(.MILLI.,.METRE.) );
#2261 = ( NAMED_UNIT(*) PLANE_ANGLE_UNIT() SI_UNIT($,.RADIAN.) );
#2262 = ( NAMED_UNIT(*) SI_UNIT($,.STERADIAN.) SOLID_ANGLE_UNIT() );
#2263 = UNCERTAINTY_MEASURE_WITH_UNIT(LENGTH_MEASURE(1.E-07),#2260,
  'distance_accuracy_value','confusion accuracy');
#2264 = CONTEXT_DEPENDENT_SHAPE_REPRESENTATION(#2265,#2267);
#2265 = ( REPRESENTATION_RELATIONSHIP('','',#2220,#10) 
REPRESENTATION_RELATIONSHIP_WITH_TRANSFORMATION(#2266) 
SHAPE_REPRESENTATION_RELATIONSHIP() );
#2266 = ITEM_DEFINED_TRANSFORMATION('','',#11,#143);
#2267 = PRODUCT_DEFINITION_SHAPE('Placement','Placement of an item',
  #2268);
#2268 = NEXT_ASSEMBLY_USAGE_OCCURRENCE('63882','BALL_0031','',#5,#2215,$
  );
#2269 = PRODUCT_RELATED_PRODUCT_CATEGORY('part',$,(#2217));
#2270 = SHAPE_DEFINITION_REPRESENTATION(#2271,#2277);
#2271 = PRODUCT_DEFINITION_SHAPE('','',#2272);
#2272 = PRODUCT_DEFINITION('design','',#2273,#2276);
#2273 = PRODUCT_DEFINITION_FORMATION('','',#2274);
#2274 = PRODUCT('BALL_0032','BALL_0032','',(#2275));
#2275 = PRODUCT_CONTEXT('',#2,'mechanical');
#2276 = PRODUCT_DEFINITION_CONTEXT('part definition',#2,'design');
#2277 = ADVANCED_BREP_SHAPE_REPRESENTATION('',(#11,#2278),#2316);
#2278 = MANIFOLD_SOLID_BREP('',#2279);
#2279 = CLOSED_SHELL('',(#2280,#2307));
#2280 = ADVANCED_FACE('',(#2281),#2302,.T.);
#2281 = FACE_BOUND('',#2282,.T.);
#2282 = EDGE_LOOP('',(#2283,#2292,#2301));
#2283 = ORIENTED_EDGE('',*,*,#2284,.T.);
#2284 = EDGE_CURVE('',#2285,#2285,#2287,.T.);
#2285 = VERTEX_POINT('',#2286);
#2286 = CARTESIAN_POINT('',(-0.9,9.599999999978E-02,-0.852));
#2287 = CIRCLE('',#2288,4.80000000003E-02);
#2288 = AXIS2_PLACEMENT_3D('',#2289,#2290,#2291);
#2289 = CARTESIAN_POINT('',(-0.9,9.599999999978E-02,-0.9));
#2290 = DIRECTION('',(-5.551115123126E-17,-1.,0.));
#2291 = DIRECTION('',(-3.916057553563E-30,2.173848630861E-46,1.));
#2292 = ORIENTED_EDGE('',*,*,#2293,.T.);
#2293 = EDGE_CURVE('',#2285,#2294,#2296,.T.);
#2294 = VERTEX_POINT('',#2295);
#2295 = CARTESIAN_POINT('',(-0.9,-3.435099972407E-15,-0.9));
#2296 = CIRCLE('',#2297,6.E-02);
#2297 = AXIS2_PLACEMENT_3D('',#2298,#2299,#2300);
#2298 = CARTESIAN_POINT('',(-0.9,6.E-02,-0.9));
#2299 = DIRECTION('',(1.,-1.110223024625E-16,-5.551115123126E-17));
#2300 = DIRECTION('',(1.110223024625E-16,1.,5.551115123126E-17));
#2301 = ORIENTED_EDGE('',*,*,#2293,.F.);
#2302 = SPHERICAL_SURFACE('',#2303,6.E-02);
#2303 = AXIS2_PLACEMENT_3D('',#2304,#2305,#2306);
#2304 = CARTESIAN_POINT('',(-0.9,6.E-02,-0.9));
#2305 = DIRECTION('',(-5.551115123126E-17,-1.,-0.));
#2306 = DIRECTION('',(-3.500331551977E-30,1.943074341413E-46,1.));
#2307 = ADVANCED_FACE('',(#2308),#2311,.F.);
#2308 = FACE_BOUND('',#2309,.F.);
#2309 = EDGE_LOOP('',(#2310));
#2310 = ORIENTED_EDGE('',*,*,#2284,.T.);
#2311 = PLANE('',#2312);
#2312 = AXIS2_PLACEMENT_3D('',#2313,#2314,#2315);
#2313 = CARTESIAN_POINT('',(-0.9,9.6E-02,-0.9));
#2314 = DIRECTION('',(-5.551115123126E-17,-1.,-0.));
#2315 = DIRECTION('',(-3.916057553565E-30,2.173848630863E-46,1.));
#2316 = ( GEOMETRIC_REPRESENTATION_CONTEXT(3) 
GLOBAL_UNCERTAINTY_ASSIGNED_CONTEXT((#2320)) 
GLOBAL_UNIT_ASSIGNED_CONTEXT((#2317,#2318,#2319)) REPRESENTATION_CONTEXT
('Context #1','3D Context with UNIT and UNCERTAINTY') );
#2317 = ( LENGTH_UNIT() NAMED_UNIT(*) SI_UNIT(.MILLI.,.METRE.) );
#2318 = ( NAMED_UNIT(*) PLANE_ANGLE_UNIT() SI_UNIT($,.RADIAN.) );
#2319 = ( NAMED_UNIT(*) SI_UNIT($,.STERADIAN.) SOLID_ANGLE_UNIT() );
#2320 = UNCERTAINTY_MEASURE_WITH_UNIT(LENGTH_MEASURE(1.E-07),#2317,
  'distance_accuracy_value','confusion accuracy');
#2321 = CONTEXT_DEPENDENT_SHAPE_REPRESENTATION(#2322,#2324);
#2322 = ( REPRESENTATION_RELATIONSHIP('','',#2277,#10) 
REPRESENTATION_RELATIONSHIP_WITH_TRANSFORMATION(#2323) 
SHAPE_REPRESENTATION_RELATIONSHIP() );
#2323 = ITEM_DEFINED_TRANSFORMATION('','',#11,#147);
#2324 = PRODUCT_DEFINITION_SHAPE('Placement','Placement of an item',
  #2325);
#2325 = NEXT_ASSEMBLY_USAGE_OCCURRENCE('63883','BALL_0032','',#5,#2272,$
  );
#2326 = PRODUCT_RELATED_PRODUCT_CATEGORY('part',$,(#2274));
#2327 = SHAPE_DEFINITION_REPRESENTATION(#2328,#2334);
#2328 = PRODUCT_DEFINITION_SHAPE('','',#2329);
#2329 = PRODUCT_DEFINITION('design','',#2330,#2333);
#2330 = PRODUCT_DEFINITION_FORMATION('','',#2331);
#2331 = PRODUCT('BALL_0033','BALL_0033','',(#2332));
#2332 = PRODUCT_CONTEXT('',#2,'mechanical');
#2333 = PRODUCT_DEFINITION_CONTEXT('part definition',#2,'design');
#2334 = ADVANCED_BREP_SHAPE_REPRESENTATION('',(#11,#2335),#2373);
#2335 = MANIFOLD_SOLID_BREP('',#2336);
#2336 = CLOSED_SHELL('',(#2337,#2364));
#2337 = ADVANCED_FACE('',(#2338),#2359,.T.);
#2338 = FACE_BOUND('',#2339,.T.);
#2339 = EDGE_LOOP('',(#2340,#2349,#2358));
#2340 = ORIENTED_EDGE('',*,*,#2341,.T.);
#2341 = EDGE_CURVE('',#2342,#2342,#2344,.T.);
#2342 = VERTEX_POINT('',#2343);
#2343 = CARTESIAN_POINT('',(-0.9,9.599999999978E-02,-0.852));
#2344 = CIRCLE('',#2345,4.80000000003E-02);
#2345 = AXIS2_PLACEMENT_3D('',#2346,#2347,#2348);
#2346 = CARTESIAN_POINT('',(-0.9,9.599999999978E-02,-0.9));
#2347 = DIRECTION('',(-5.551115123126E-17,-1.,0.));
#2348 = DIRECTION('',(-3.916057553563E-30,2.173848630861E-46,1.));
#2349 = ORIENTED_EDGE('',*,*,#2350,.T.);
#2350 = EDGE_CURVE('',#2342,#2351,#2353,.T.);
#2351 = VERTEX_POINT('',#2352);
#2352 = CARTESIAN_POINT('',(-0.9,-3.435099972407E-15,-0.9));
#2353 = CIRCLE('',#2354,6.E-02);
#2354 = AXIS2_PLACEMENT_3D('',#2355,#2356,#2357);
#2355 = CARTESIAN_POINT('',(-0.9,6.E-02,-0.9));
#2356 = DIRECTION('',(1.,-1.110223024625E-16,-5.551115123126E-17));
#2357 = DIRECTION('',(1.110223024625E-16,1.,5.551115123126E-17));
#2358 = ORIENTED_EDGE('',*,*,#2350,.F.);
#2359 = SPHERICAL_SURFACE('',#2360,6.E-02);
#2360 = AXIS2_PLACEMENT_3D('',#2361,#2362,#2363);
#2361 = CARTESIAN_POINT('',(-0.9,6.E-02,-0.9));
#2362 = DIRECTION('',(-5.551115123126E-17,-1.,-0.));
#2363 = DIRECTION('',(-3.500331551977E-30,1.943074341413E-46,1.));
#2364 = ADVANCED_FACE('',(#2365),#2368,.F.);
#2365 = FACE_BOUND('',#2366,.F.);
#2366 = EDGE_LOOP('',(#2367));
#2367 = ORIENTED_EDGE('',*,*,#2341,.T.);
#2368 = PLANE('',#2369);
#2369 = AXIS2_PLACEMENT_3D('',#2370,#2371,#2372);
#2370 = CARTESIAN_POINT('',(-0.9,9.6E-02,-0.9));
#2371 = DIRECTION('',(-5.551115123126E-17,-1.,-0.));
#2372 = DIRECTION('',(-3.916057553565E-30,2.173848630863E-46,1.));
#2373 = ( GEOMETRIC_REPRESENTATION_CONTEXT(3) 
GLOBAL_UNCERTAINTY_ASSIGNED_CONTEXT((#2377)) 
GLOBAL_UNIT_ASSIGNED_CONTEXT((#2374,#2375,#2376)) REPRESENTATION_CONTEXT
('Context #1','3D Context with UNIT and UNCERTAINTY') );
#2374 = ( LENGTH_UNIT() NAMED_UNIT(*) SI_UNIT(.MILLI.,.METRE.) );
#2375 = ( NAMED_UNIT(*) PLANE_ANGLE_UNIT() SI_UNIT($,.RADIAN.) );
#2376 = ( NAMED_UNIT(*) SI_UNIT($,.STERADIAN.) SOLID_ANGLE_UNIT() );
#2377 = UNCERTAINTY_MEASURE_WITH_UNIT(LENGTH_MEASURE(1.E-07),#2374,
  'distance_accuracy_value','confusion accuracy');
#2378 = CONTEXT_DEPENDENT_SHAPE_REPRESENTATION(#2379,#2381);
#2379 = ( REPRESENTATION_RELATIONSHIP('','',#2334,#10) 
REPRESENTATION_RELATIONSHIP_WITH_TRANSFORMATION(#2380) 
SHAPE_REPRESENTATION_RELATIONSHIP() );
#2380 = ITEM_DEFINED_TRANSFORMATION('','',#11,#151);
#2381 = PRODUCT_DEFINITION_SHAPE('Placement','Placement of an item',
  #2382);
#2382 = NEXT_ASSEMBLY_USAGE_OCCURRENCE('63884','BALL_0033','',#5,#2329,$
  );
#2383 = PRODUCT_RELATED_PRODUCT_CATEGORY('part',$,(#2331));
#2384 = SHAPE_DEFINITION_REPRESENTATION(#2385,#2391);
#2385 = PRODUCT_DEFINITION_SHAPE('','',#2386);
#2386 = PRODUCT_DEFINITION('design','',#2387,#2390);
#2387 = PRODUCT_DEFINITION_FORMATION('','',#2388);
#2388 = PRODUCT('BALL_0034','BALL_0034','',(#2389));
#2389 = PRODUCT_CONTEXT('',#2,'mechanical');
#2390 = PRODUCT_DEFINITION_CONTEXT('part definition',#2,'design');
#2391 = ADVANCED_BREP_SHAPE_REPRESENTATION('',(#11,#2392),#2430);
#2392 = MANIFOLD_SOLID_BREP('',#2393);
#2393 = CLOSED_SHELL('',(#2394,#2421));
#2394 = ADVANCED_FACE('',(#2395),#2416,.T.);
#2395 = FACE_BOUND('',#2396,.T.);
#2396 = EDGE_LOOP('',(#2397,#2406,#2415));
#2397 = ORIENTED_EDGE('',*,*,#2398,.T.);
#2398 = EDGE_CURVE('',#2399,#2399,#2401,.T.);
#2399 = VERTEX_POINT('',#2400);
#2400 = CARTESIAN_POINT('',(-0.9,9.599999999978E-02,-0.852));
#2401 = CIRCLE('',#2402,4.80000000003E-02);
#2402 = AXIS2_PLACEMENT_3D('',#2403,#2404,#2405);
#2403 = CARTESIAN_POINT('',(-0.9,9.599999999978E-02,-0.9));
#2404 = DIRECTION('',(-5.551115123126E-17,-1.,0.));
#2405 = DIRECTION('',(-3.916057553563E-30,2.173848630861E-46,1.));
#2406 = ORIENTED_EDGE('',*,*,#2407,.T.);
#2407 = EDGE_CURVE('',#2399,#2408,#2410,.T.);
#2408 = VERTEX_POINT('',#2409);
#2409 = CARTESIAN_POINT('',(-0.9,-3.435099972407E-15,-0.9));
#2410 = CIRCLE('',#2411,6.E-02);
#2411 = AXIS2_PLACEMENT_3D('',#2412,#2413,#2414);
#2412 = CARTESIAN_POINT('',(-0.9,6.E-02,-0.9));
#2413 = DIRECTION('',(1.,-1.110223024625E-16,-5.551115123126E-17));
#2414 = DIRECTION('',(1.110223024625E-16,1.,5.551115123126E-17));
#2415 = ORIENTED_EDGE('',*,*,#2407,.F.);
#2416 = SPHERICAL_SURFACE('',#2417,6.E-02);
#2417 = AXIS2_PLACEMENT_3D('',#2418,#2419,#2420);
#2418 = CARTESIAN_POINT('',(-0.9,6.E-02,-0.9));
#2419 = DIRECTION('',(-5.551115123126E-17,-1.,-0.));
#2420 = DIRECTION('',(-3.500331551977E-30,1.943074341413E-46,1.));
#2421 = ADVANCED_FACE('',(#2422),#2425,.F.);
#2422 = FACE_BOUND('',#2423,.F.);
#2423 = EDGE_LOOP('',(#2424));
#2424 = ORIENTED_EDGE('',*,*,#2398,.T.);
#2425 = PLANE('',#2426);
#2426 = AXIS2_PLACEMENT_3D('',#2427,#2428,#2429);
#2427 = CARTESIAN_POINT('',(-0.9,9.6E-02,-0.9));
#2428 = DIRECTION('',(-5.551115123126E-17,-1.,-0.));
#2429 = DIRECTION('',(-3.916057553565E-30,2.173848630863E-46,1.));
#2430 = ( GEOMETRIC_REPRESENTATION_CONTEXT(3) 
GLOBAL_UNCERTAINTY_ASSIGNED_CONTEXT((#2434)) 
GLOBAL_UNIT_ASSIGNED_CONTEXT((#2431,#2432,#2433)) REPRESENTATION_CONTEXT
('Context #1','3D Context with UNIT and UNCERTAINTY') );
#2431 = ( LENGTH_UNIT() NAMED_UNIT(*) SI_UNIT(.MILLI.,.METRE.) );
#2432 = ( NAMED_UNIT(*) PLANE_ANGLE_UNIT() SI_UNIT($,.RADIAN.) );
#2433 = ( NAMED_UNIT(*) SI_UNIT($,.STERADIAN.) SOLID_ANGLE_UNIT() );
#2434 = UNCERTAINTY_MEASURE_WITH_UNIT(LENGTH_MEASURE(1.E-07),#2431,
  'distance_accuracy_value','confusion accuracy');
#2435 = CONTEXT_DEPENDENT_SHAPE_REPRESENTATION(#2436,#2438);
#2436 = ( REPRESENTATION_RELATIONSHIP('','',#2391,#10) 
REPRESENTATION_RELATIONSHIP_WITH_TRANSFORMATION(#2437) 
SHAPE_REPRESENTATION_RELATIONSHIP() );
#2437 = ITEM_DEFINED_TRANSFORMATION('','',#11,#155);
#2438 = PRODUCT_DEFINITION_SHAPE('Placement','Placement of an item',
  #2439);
#2439 = NEXT_ASSEMBLY_USAGE_OCCURRENCE('63885','BALL_0034','',#5,#2386,$
  );
#2440 = PRODUCT_RELATED_PRODUCT_CATEGORY('part',$,(#2388));
#2441 = SHAPE_DEFINITION_REPRESENTATION(#2442,#2448);
#2442 = PRODUCT_DEFINITION_SHAPE('','',#2443);
#2443 = PRODUCT_DEFINITION('design','',#2444,#2447);
#2444 = PRODUCT_DEFINITION_FORMATION('','',#2445);
#2445 = PRODUCT('BALL_0035','BALL_0035','',(#2446));
#2446 = PRODUCT_CONTEXT('',#2,'mechanical');
#2447 = PRODUCT_DEFINITION_CONTEXT('part definition',#2,'design');
#2448 = ADVANCED_BREP_SHAPE_REPRESENTATION('',(#11,#2449),#2487);
#2449 = MANIFOLD_SOLID_BREP('',#2450);
#2450 = CLOSED_SHELL('',(#2451,#2478));
#2451 = ADVANCED_FACE('',(#2452),#2473,.T.);
#2452 = FACE_BOUND('',#2453,.T.);
#2453 = EDGE_LOOP('',(#2454,#2463,#2472));
#2454 = ORIENTED_EDGE('',*,*,#2455,.T.);
#2455 = EDGE_CURVE('',#2456,#2456,#2458,.T.);
#2456 = VERTEX_POINT('',#2457);
#2457 = CARTESIAN_POINT('',(-0.9,9.599999999978E-02,-0.852));
#2458 = CIRCLE('',#2459,4.80000000003E-02);
#2459 = AXIS2_PLACEMENT_3D('',#2460,#2461,#2462);
#2460 = CARTESIAN_POINT('',(-0.9,9.599999999978E-02,-0.9));
#2461 = DIRECTION('',(-5.551115123126E-17,-1.,0.));
#2462 = DIRECTION('',(-3.916057553563E-30,2.173848630861E-46,1.));
#2463 = ORIENTED_EDGE('',*,*,#2464,.T.);
#2464 = EDGE_CURVE('',#2456,#2465,#2467,.T.);
#2465 = VERTEX_POINT('',#2466);
#2466 = CARTESIAN_POINT('',(-0.9,-3.435099972407E-15,-0.9));
#2467 = CIRCLE('',#2468,6.E-02);
#2468 = AXIS2_PLACEMENT_3D('',#2469,#2470,#2471);
#2469 = CARTESIAN_POINT('',(-0.9,6.E-02,-0.9));
#2470 = DIRECTION('',(1.,-1.110223024625E-16,-5.551115123126E-17));
#2471 = DIRECTION('',(1.110223024625E-16,1.,5.551115123126E-17));
#2472 = ORIENTED_EDGE('',*,*,#2464,.F.);
#2473 = SPHERICAL_SURFACE('',#2474,6.E-02);
#2474 = AXIS2_PLACEMENT_3D('',#2475,#2476,#2477);
#2475 = CARTESIAN_POINT('',(-0.9,6.E-02,-0.9));
#2476 = DIRECTION('',(-5.551115123126E-17,-1.,-0.));
#2477 = DIRECTION('',(-3.500331551977E-30,1.943074341413E-46,1.));
#2478 = ADVANCED_FACE('',(#2479),#2482,.F.);
#2479 = FACE_BOUND('',#2480,.F.);
#2480 = EDGE_LOOP('',(#2481));
#2481 = ORIENTED_EDGE('',*,*,#2455,.T.);
#2482 = PLANE('',#2483);
#2483 = AXIS2_PLACEMENT_3D('',#2484,#2485,#2486);
#2484 = CARTESIAN_POINT('',(-0.9,9.6E-02,-0.9));
#2485 = DIRECTION('',(-5.551115123126E-17,-1.,-0.));
#2486 = DIRECTION('',(-3.916057553565E-30,2.173848630863E-46,1.));
#2487 = ( GEOMETRIC_REPRESENTATION_CONTEXT(3) 
GLOBAL_UNCERTAINTY_ASSIGNED_CONTEXT((#2491)) 
GLOBAL_UNIT_ASSIGNED_CONTEXT((#2488,#2489,#2490)) REPRESENTATION_CONTEXT
('Context #1','3D Context with UNIT and UNCERTAINTY') );
#2488 = ( LENGTH_UNIT() NAMED_UNIT(*) SI_UNIT(.MILLI.,.METRE.) );
#2489 = ( NAMED_UNIT(*) PLANE_ANGLE_UNIT() SI_UNIT($,.RADIAN.) );
#2490 = ( NAMED_UNIT(*) SI_UNIT($,.STERADIAN.) SOLID_ANGLE_UNIT() );
#2491 = UNCERTAINTY_MEASURE_WITH_UNIT(LENGTH_MEASURE(1.E-07),#2488,
  'distance_accuracy_value','confusion accuracy');
#2492 = CONTEXT_DEPENDENT_SHAPE_REPRESENTATION(#2493,#2495);
#2493 = ( REPRESENTATION_RELATIONSHIP('','',#2448,#10) 
REPRESENTATION_RELATIONSHIP_WITH_TRANSFORMATION(#2494) 
SHAPE_REPRESENTATION_RELATIONSHIP() );
#2494 = ITEM_DEFINED_TRANSFORMATION('','',#11,#159);
#2495 = PRODUCT_DEFINITION_SHAPE('Placement','Placement of an item',
  #2496);
#2496 = NEXT_ASSEMBLY_USAGE_OCCURRENCE('63886','BALL_0035','',#5,#2443,$
  );
#2497 = PRODUCT_RELATED_PRODUCT_CATEGORY('part',$,(#2445));
#2498 = SHAPE_DEFINITION_REPRESENTATION(#2499,#2505);
#2499 = PRODUCT_DEFINITION_SHAPE('','',#2500);
#2500 = PRODUCT_DEFINITION('design','',#2501,#2504);
#2501 = PRODUCT_DEFINITION_FORMATION('','',#2502);
#2502 = PRODUCT('BALL_0036','BALL_0036','',(#2503));
#2503 = PRODUCT_CONTEXT('',#2,'mechanical');
#2504 = PRODUCT_DEFINITION_CONTEXT('part definition',#2,'design');
#2505 = ADVANCED_BREP_SHAPE_REPRESENTATION('',(#11,#2506),#2544);
#2506 = MANIFOLD_SOLID_BREP('',#2507);
#2507 = CLOSED_SHELL('',(#2508,#2535));
#2508 = ADVANCED_FACE('',(#2509),#2530,.T.);
#2509 = FACE_BOUND('',#2510,.T.);
#2510 = EDGE_LOOP('',(#2511,#2520,#2529));
#2511 = ORIENTED_EDGE('',*,*,#2512,.T.);
#2512 = EDGE_CURVE('',#2513,#2513,#2515,.T.);
#2513 = VERTEX_POINT('',#2514);
#2514 = CARTESIAN_POINT('',(-0.9,9.599999999978E-02,-0.852));
#2515 = CIRCLE('',#2516,4.80000000003E-02);
#2516 = AXIS2_PLACEMENT_3D('',#2517,#2518,#2519);
#2517 = CARTESIAN_POINT('',(-0.9,9.599999999978E-02,-0.9));
#2518 = DIRECTION('',(-5.551115123126E-17,-1.,0.));
#2519 = DIRECTION('',(-3.916057553563E-30,2.173848630861E-46,1.));
#2520 = ORIENTED_EDGE('',*,*,#2521,.T.);
#2521 = EDGE_CURVE('',#2513,#2522,#2524,.T.);
#2522 = VERTEX_POINT('',#2523);
#2523 = CARTESIAN_POINT('',(-0.9,-3.435099972407E-15,-0.9));
#2524 = CIRCLE('',#2525,6.E-02);
#2525 = AXIS2_PLACEMENT_3D('',#2526,#2527,#2528);
#2526 = CARTESIAN_POINT('',(-0.9,6.E-02,-0.9));
#2527 = DIRECTION('',(1.,-1.110223024625E-16,-5.551115123126E-17));
#2528 = DIRECTION('',(1.110223024625E-16,1.,5.551115123126E-17));
#2529 = ORIENTED_EDGE('',*,*,#2521,.F.);
#2530 = SPHERICAL_SURFACE('',#2531,6.E-02);
#2531 = AXIS2_PLACEMENT_3D('',#2532,#2533,#2534);
#2532 = CARTESIAN_POINT('',(-0.9,6.E-02,-0.9));
#2533 = DIRECTION('',(-5.551115123126E-17,-1.,-0.));
#2534 = DIRECTION('',(-3.500331551977E-30,1.943074341413E-46,1.));
#2535 = ADVANCED_FACE('',(#2536),#2539,.F.);
#2536 = FACE_BOUND('',#2537,.F.);
#2537 = EDGE_LOOP('',(#2538));
#2538 = ORIENTED_EDGE('',*,*,#2512,.T.);
#2539 = PLANE('',#2540);
#2540 = AXIS2_PLACEMENT_3D('',#2541,#2542,#2543);
#2541 = CARTESIAN_POINT('',(-0.9,9.6E-02,-0.9));
#2542 = DIRECTION('',(-5.551115123126E-17,-1.,-0.));
#2543 = DIRECTION('',(-3.916057553565E-30,2.173848630863E-46,1.));
#2544 = ( GEOMETRIC_REPRESENTATION_CONTEXT(3) 
GLOBAL_UNCERTAINTY_ASSIGNED_CONTEXT((#2548)) 
GLOBAL_UNIT_ASSIGNED_CONTEXT((#2545,#2546,#2547)) REPRESENTATION_CONTEXT
('Context #1','3D Context with UNIT and UNCERTAINTY') );
#2545 = ( LENGTH_UNIT() NAMED_UNIT(*) SI_UNIT(.MILLI.,.METRE.) );
#2546 = ( NAMED_UNIT(*) PLANE_ANGLE_UNIT() SI_UNIT($,.RADIAN.) );
#2547 = ( NAMED_UNIT(*) SI_UNIT($,.STERADIAN.) SOLID_ANGLE_UNIT() );
#2548 = UNCERTAINTY_MEASURE_WITH_UNIT(LENGTH_MEASURE(1.E-07),#2545,
  'distance_accuracy_value','confusion accuracy');
#2549 = CONTEXT_DEPENDENT_SHAPE_REPRESENTATION(#2550,#2552);
#2550 = ( REPRESENTATION_RELATIONSHIP('','',#2505,#10) 
REPRESENTATION_RELATIONSHIP_WITH_TRANSFORMATION(#2551) 
SHAPE_REPRESENTATION_RELATIONSHIP() );
#2551 = ITEM_DEFINED_TRANSFORMATION('','',#11,#163);
#2552 = PRODUCT_DEFINITION_SHAPE('Placement','Placement of an item',
  #2553);
#2553 = NEXT_ASSEMBLY_USAGE_OCCURRENCE('63887','BALL_0036','',#5,#2500,$
  );
#2554 = PRODUCT_RELATED_PRODUCT_CATEGORY('part',$,(#2502));
#2555 = SHAPE_DEFINITION_REPRESENTATION(#2556,#2562);
#2556 = PRODUCT_DEFINITION_SHAPE('','',#2557);
#2557 = PRODUCT_DEFINITION('design','',#2558,#2561);
#2558 = PRODUCT_DEFINITION_FORMATION('','',#2559);
#2559 = PRODUCT('BALL_0037','BALL_0037','',(#2560));
#2560 = PRODUCT_CONTEXT('',#2,'mechanical');
#2561 = PRODUCT_DEFINITION_CONTEXT('part definition',#2,'design');
#2562 = ADVANCED_BREP_SHAPE_REPRESENTATION('',(#11,#2563),#2601);
#2563 = MANIFOLD_SOLID_BREP('',#2564);
#2564 = CLOSED_SHELL('',(#2565,#2592));
#2565 = ADVANCED_FACE('',(#2566),#2587,.T.);
#2566 = FACE_BOUND('',#2567,.T.);
#2567 = EDGE_LOOP('',(#2568,#2577,#2586));
#2568 = ORIENTED_EDGE('',*,*,#2569,.T.);
#2569 = EDGE_CURVE('',#2570,#2570,#2572,.T.);
#2570 = VERTEX_POINT('',#2571);
#2571 = CARTESIAN_POINT('',(-0.9,9.599999999978E-02,-0.852));
#2572 = CIRCLE('',#2573,4.80000000003E-02);
#2573 = AXIS2_PLACEMENT_3D('',#2574,#2575,#2576);
#2574 = CARTESIAN_POINT('',(-0.9,9.599999999978E-02,-0.9));
#2575 = DIRECTION('',(-5.551115123126E-17,-1.,0.));
#2576 = DIRECTION('',(-3.916057553563E-30,2.173848630861E-46,1.));
#2577 = ORIENTED_EDGE('',*,*,#2578,.T.);
#2578 = EDGE_CURVE('',#2570,#2579,#2581,.T.);
#2579 = VERTEX_POINT('',#2580);
#2580 = CARTESIAN_POINT('',(-0.9,-3.435099972407E-15,-0.9));
#2581 = CIRCLE('',#2582,6.E-02);
#2582 = AXIS2_PLACEMENT_3D('',#2583,#2584,#2585);
#2583 = CARTESIAN_POINT('',(-0.9,6.E-02,-0.9));
#2584 = DIRECTION('',(1.,-1.110223024625E-16,-5.551115123126E-17));
#2585 = DIRECTION('',(1.110223024625E-16,1.,5.551115123126E-17));
#2586 = ORIENTED_EDGE('',*,*,#2578,.F.);
#2587 = SPHERICAL_SURFACE('',#2588,6.E-02);
#2588 = AXIS2_PLACEMENT_3D('',#2589,#2590,#2591);
#2589 = CARTESIAN_POINT('',(-0.9,6.E-02,-0.9));
#2590 = DIRECTION('',(-5.551115123126E-17,-1.,-0.));
#2591 = DIRECTION('',(-3.500331551977E-30,1.943074341413E-46,1.));
#2592 = ADVANCED_FACE('',(#2593),#2596,.F.);
#2593 = FACE_BOUND('',#2594,.F.);
#2594 = EDGE_LOOP('',(#2595));
#2595 = ORIENTED_EDGE('',*,*,#2569,.T.);
#2596 = PLANE('',#2597);
#2597 = AXIS2_PLACEMENT_3D('',#2598,#2599,#2600);
#2598 = CARTESIAN_POINT('',(-0.9,9.6E-02,-0.9));
#2599 = DIRECTION('',(-5.551115123126E-17,-1.,-0.));
#2600 = DIRECTION('',(-3.916057553565E-30,2.173848630863E-46,1.));
#2601 = ( GEOMETRIC_REPRESENTATION_CONTEXT(3) 
GLOBAL_UNCERTAINTY_ASSIGNED_CONTEXT((#2605)) 
GLOBAL_UNIT_ASSIGNED_CONTEXT((#2602,#2603,#2604)) REPRESENTATION_CONTEXT
('Context #1','3D Context with UNIT and UNCERTAINTY') );
#2602 = ( LENGTH_UNIT() NAMED_UNIT(*) SI_UNIT(.MILLI.,.METRE.) );
#2603 = ( NAMED_UNIT(*) PLANE_ANGLE_UNIT() SI_UNIT($,.RADIAN.) );
#2604 = ( NAMED_UNIT(*) SI_UNIT($,.STERADIAN.) SOLID_ANGLE_UNIT() );
#2605 = UNCERTAINTY_MEASURE_WITH_UNIT(LENGTH_MEASURE(1.E-07),#2602,
  'distance_accuracy_value','confusion accuracy');
#2606 = CONTEXT_DEPENDENT_SHAPE_REPRESENTATION(#2607,#2609);
#2607 = ( REPRESENTATION_RELATIONSHIP('','',#2562,#10) 
REPRESENTATION_RELATIONSHIP_WITH_TRANSFORMATION(#2608) 
SHAPE_REPRESENTATION_RELATIONSHIP() );
#2608 = ITEM_DEFINED_TRANSFORMATION('','',#11,#167);
#2609 = PRODUCT_DEFINITION_SHAPE('Placement','Placement of an item',
  #2610);
#2610 = NEXT_ASSEMBLY_USAGE_OCCURRENCE('63888','BALL_0037','',#5,#2557,$
  );
#2611 = PRODUCT_RELATED_PRODUCT_CATEGORY('part',$,(#2559));
#2612 = SHAPE_DEFINITION_REPRESENTATION(#2613,#2619);
#2613 = PRODUCT_DEFINITION_SHAPE('','',#2614);
#2614 = PRODUCT_DEFINITION('design','',#2615,#2618);
#2615 = PRODUCT_DEFINITION_FORMATION('','',#2616);
#2616 = PRODUCT('BALL_0038','BALL_0038','',(#2617));
#2617 = PRODUCT_CONTEXT('',#2,'mechanical');
#2618 = PRODUCT_DEFINITION_CONTEXT('part definition',#2,'design');
#2619 = ADVANCED_BREP_SHAPE_REPRESENTATION('',(#11,#2620),#2658);
#2620 = MANIFOLD_SOLID_BREP('',#2621);
#2621 = CLOSED_SHELL('',(#2622,#2649));
#2622 = ADVANCED_FACE('',(#2623),#2644,.T.);
#2623 = FACE_BOUND('',#2624,.T.);
#2624 = EDGE_LOOP('',(#2625,#2634,#2643));
#2625 = ORIENTED_EDGE('',*,*,#2626,.T.);
#2626 = EDGE_CURVE('',#2627,#2627,#2629,.T.);
#2627 = VERTEX_POINT('',#2628);
#2628 = CARTESIAN_POINT('',(-0.9,9.599999999978E-02,-0.852));
#2629 = CIRCLE('',#2630,4.80000000003E-02);
#2630 = AXIS2_PLACEMENT_3D('',#2631,#2632,#2633);
#2631 = CARTESIAN_POINT('',(-0.9,9.599999999978E-02,-0.9));
#2632 = DIRECTION('',(-5.551115123126E-17,-1.,0.));
#2633 = DIRECTION('',(-3.916057553563E-30,2.173848630861E-46,1.));
#2634 = ORIENTED_EDGE('',*,*,#2635,.T.);
#2635 = EDGE_CURVE('',#2627,#2636,#2638,.T.);
#2636 = VERTEX_POINT('',#2637);
#2637 = CARTESIAN_POINT('',(-0.9,-3.435099972407E-15,-0.9));
#2638 = CIRCLE('',#2639,6.E-02);
#2639 = AXIS2_PLACEMENT_3D('',#2640,#2641,#2642);
#2640 = CARTESIAN_POINT('',(-0.9,6.E-02,-0.9));
#2641 = DIRECTION('',(1.,-1.110223024625E-16,-5.551115123126E-17));
#2642 = DIRECTION('',(1.110223024625E-16,1.,5.551115123126E-17));
#2643 = ORIENTED_EDGE('',*,*,#2635,.F.);
#2644 = SPHERICAL_SURFACE('',#2645,6.E-02);
#2645 = AXIS2_PLACEMENT_3D('',#2646,#2647,#2648);
#2646 = CARTESIAN_POINT('',(-0.9,6.E-02,-0.9));
#2647 = DIRECTION('',(-5.551115123126E-17,-1.,-0.));
#2648 = DIRECTION('',(-3.500331551977E-30,1.943074341413E-46,1.));
#2649 = ADVANCED_FACE('',(#2650),#2653,.F.);
#2650 = FACE_BOUND('',#2651,.F.);
#2651 = EDGE_LOOP('',(#2652));
#2652 = ORIENTED_EDGE('',*,*,#2626,.T.);
#2653 = PLANE('',#2654);
#2654 = AXIS2_PLACEMENT_3D('',#2655,#2656,#2657);
#2655 = CARTESIAN_POINT('',(-0.9,9.6E-02,-0.9));
#2656 = DIRECTION('',(-5.551115123126E-17,-1.,-0.));
#2657 = DIRECTION('',(-3.916057553565E-30,2.173848630863E-46,1.));
#2658 = ( GEOMETRIC_REPRESENTATION_CONTEXT(3) 
GLOBAL_UNCERTAINTY_ASSIGNED_CONTEXT((#2662)) 
GLOBAL_UNIT_ASSIGNED_CONTEXT((#2659,#2660,#2661)) REPRESENTATION_CONTEXT
('Context #1','3D Context with UNIT and UNCERTAINTY') );
#2659 = ( LENGTH_UNIT() NAMED_UNIT(*) SI_UNIT(.MILLI.,.METRE.) );
#2660 = ( NAMED_UNIT(*) PLANE_ANGLE_UNIT() SI_UNIT($,.RADIAN.) );
#2661 = ( NAMED_UNIT(*) SI_UNIT($,.STERADIAN.) SOLID_ANGLE_UNIT() );
#2662 = UNCERTAINTY_MEASURE_WITH_UNIT(LENGTH_MEASURE(1.E-07),#2659,
  'distance_accuracy_value','confusion accuracy');
#2663 = CONTEXT_DEPENDENT_SHAPE_REPRESENTATION(#2664,#2666);
#2664 = ( REPRESENTATION_RELATIONSHIP('','',#2619,#10) 
REPRESENTATION_RELATIONSHIP_WITH_TRANSFORMATION(#2665) 
SHAPE_REPRESENTATION_RELATIONSHIP() );
#2665 = ITEM_DEFINED_TRANSFORMATION('','',#11,#171);
#2666 = PRODUCT_DEFINITION_SHAPE('Placement','Placement of an item',
  #2667);
#2667 = NEXT_ASSEMBLY_USAGE_OCCURRENCE('63889','BALL_0038','',#5,#2614,$
  );
#2668 = PRODUCT_RELATED_PRODUCT_CATEGORY('part',$,(#2616));
#2669 = SHAPE_DEFINITION_REPRESENTATION(#2670,#2676);
#2670 = PRODUCT_DEFINITION_SHAPE('','',#2671);
#2671 = PRODUCT_DEFINITION('design','',#2672,#2675);
#2672 = PRODUCT_DEFINITION_FORMATION('','',#2673);
#2673 = PRODUCT('BALL_0039','BALL_0039','',(#2674));
#2674 = PRODUCT_CONTEXT('',#2,'mechanical');
#2675 = PRODUCT_DEFINITION_CONTEXT('part definition',#2,'design');
#2676 = ADVANCED_BREP_SHAPE_REPRESENTATION('',(#11,#2677),#2715);
#2677 = MANIFOLD_SOLID_BREP('',#2678);
#2678 = CLOSED_SHELL('',(#2679,#2706));
#2679 = ADVANCED_FACE('',(#2680),#2701,.T.);
#2680 = FACE_BOUND('',#2681,.T.);
#2681 = EDGE_LOOP('',(#2682,#2691,#2700));
#2682 = ORIENTED_EDGE('',*,*,#2683,.T.);
#2683 = EDGE_CURVE('',#2684,#2684,#2686,.T.);
#2684 = VERTEX_POINT('',#2685);
#2685 = CARTESIAN_POINT('',(-0.9,9.599999999978E-02,-0.852));
#2686 = CIRCLE('',#2687,4.80000000003E-02);
#2687 = AXIS2_PLACEMENT_3D('',#2688,#2689,#2690);
#2688 = CARTESIAN_POINT('',(-0.9,9.599999999978E-02,-0.9));
#2689 = DIRECTION('',(-5.551115123126E-17,-1.,0.));
#2690 = DIRECTION('',(-3.916057553563E-30,2.173848630861E-46,1.));
#2691 = ORIENTED_EDGE('',*,*,#2692,.T.);
#2692 = EDGE_CURVE('',#2684,#2693,#2695,.T.);
#2693 = VERTEX_POINT('',#2694);
#2694 = CARTESIAN_POINT('',(-0.9,-3.435099972407E-15,-0.9));
#2695 = CIRCLE('',#2696,6.E-02);
#2696 = AXIS2_PLACEMENT_3D('',#2697,#2698,#2699);
#2697 = CARTESIAN_POINT('',(-0.9,6.E-02,-0.9));
#2698 = DIRECTION('',(1.,-1.110223024625E-16,-5.551115123126E-17));
#2699 = DIRECTION('',(1.110223024625E-16,1.,5.551115123126E-17));
#2700 = ORIENTED_EDGE('',*,*,#2692,.F.);
#2701 = SPHERICAL_SURFACE('',#2702,6.E-02);
#2702 = AXIS2_PLACEMENT_3D('',#2703,#2704,#2705);
#2703 = CARTESIAN_POINT('',(-0.9,6.E-02,-0.9));
#2704 = DIRECTION('',(-5.551115123126E-17,-1.,-0.));
#2705 = DIRECTION('',(-3.500331551977E-30,1.943074341413E-46,1.));
#2706 = ADVANCED_FACE('',(#2707),#2710,.F.);
#2707 = FACE_BOUND('',#2708,.F.);
#2708 = EDGE_LOOP('',(#2709));
#2709 = ORIENTED_EDGE('',*,*,#2683,.T.);
#2710 = PLANE('',#2711);
#2711 = AXIS2_PLACEMENT_3D('',#2712,#2713,#2714);
#2712 = CARTESIAN_POINT('',(-0.9,9.6E-02,-0.9));
#2713 = DIRECTION('',(-5.551115123126E-17,-1.,-0.));
#2714 = DIRECTION('',(-3.916057553565E-30,2.173848630863E-46,1.));
#2715 = ( GEOMETRIC_REPRESENTATION_CONTEXT(3) 
GLOBAL_UNCERTAINTY_ASSIGNED_CONTEXT((#2719)) 
GLOBAL_UNIT_ASSIGNED_CONTEXT((#2716,#2717,#2718)) REPRESENTATION_CONTEXT
('Context #1','3D Context with UNIT and UNCERTAINTY') );
#2716 = ( LENGTH_UNIT() NAMED_UNIT(*) SI_UNIT(.MILLI.,.METRE.) );
#2717 = ( NAMED_UNIT(*) PLANE_ANGLE_UNIT() SI_UNIT($,.RADIAN.) );
#2718 = ( NAMED_UNIT(*) SI_UNIT($,.STERADIAN.) SOLID_ANGLE_UNIT() );
#2719 = UNCERTAINTY_MEASURE_WITH_UNIT(LENGTH_MEASURE(1.E-07),#2716,
  'distance_accuracy_value','confusion accuracy');
#2720 = CONTEXT_DEPENDENT_SHAPE_REPRESENTATION(#2721,#2723);
#2721 = ( REPRESENTATION_RELATIONSHIP('','',#2676,#10) 
REPRESENTATION_RELATIONSHIP_WITH_TRANSFORMATION(#2722) 
SHAPE_REPRESENTATION_RELATIONSHIP() );
#2722 = ITEM_DEFINED_TRANSFORMATION('','',#11,#175);
#2723 = PRODUCT_DEFINITION_SHAPE('Placement','Placement of an item',
  #2724);
#2724 = NEXT_ASSEMBLY_USAGE_OCCURRENCE('63890','BALL_0039','',#5,#2671,$
  );
#2725 = PRODUCT_RELATED_PRODUCT_CATEGORY('part',$,(#2673));
#2726 = SHAPE_DEFINITION_REPRESENTATION(#2727,#2733);
#2727 = PRODUCT_DEFINITION_SHAPE('','',#2728);
#2728 = PRODUCT_DEFINITION('design','',#2729,#2732);
#2729 = PRODUCT_DEFINITION_FORMATION('','',#2730);
#2730 = PRODUCT('BALL_0040','BALL_0040','',(#2731));
#2731 = PRODUCT_CONTEXT('',#2,'mechanical');
#2732 = PRODUCT_DEFINITION_CONTEXT('part definition',#2,'design');
#2733 = ADVANCED_BREP_SHAPE_REPRESENTATION('',(#11,#2734),#2772);
#2734 = MANIFOLD_SOLID_BREP('',#2735);
#2735 = CLOSED_SHELL('',(#2736,#2763));
#2736 = ADVANCED_FACE('',(#2737),#2758,.T.);
#2737 = FACE_BOUND('',#2738,.T.);
#2738 = EDGE_LOOP('',(#2739,#2748,#2757));
#2739 = ORIENTED_EDGE('',*,*,#2740,.T.);
#2740 = EDGE_CURVE('',#2741,#2741,#2743,.T.);
#2741 = VERTEX_POINT('',#2742);
#2742 = CARTESIAN_POINT('',(-0.9,9.599999999978E-02,-0.852));
#2743 = CIRCLE('',#2744,4.80000000003E-02);
#2744 = AXIS2_PLACEMENT_3D('',#2745,#2746,#2747);
#2745 = CARTESIAN_POINT('',(-0.9,9.599999999978E-02,-0.9));
#2746 = DIRECTION('',(-5.551115123126E-17,-1.,0.));
#2747 = DIRECTION('',(-3.916057553563E-30,2.173848630861E-46,1.));
#2748 = ORIENTED_EDGE('',*,*,#2749,.T.);
#2749 = EDGE_CURVE('',#2741,#2750,#2752,.T.);
#2750 = VERTEX_POINT('',#2751);
#2751 = CARTESIAN_POINT('',(-0.9,-3.435099972407E-15,-0.9));
#2752 = CIRCLE('',#2753,6.E-02);
#2753 = AXIS2_PLACEMENT_3D('',#2754,#2755,#2756);
#2754 = CARTESIAN_POINT('',(-0.9,6.E-02,-0.9));
#2755 = DIRECTION('',(1.,-1.110223024625E-16,-5.551115123126E-17));
#2756 = DIRECTION('',(1.110223024625E-16,1.,5.551115123126E-17));
#2757 = ORIENTED_EDGE('',*,*,#2749,.F.);
#2758 = SPHERICAL_SURFACE('',#2759,6.E-02);
#2759 = AXIS2_PLACEMENT_3D('',#2760,#2761,#2762);
#2760 = CARTESIAN_POINT('',(-0.9,6.E-02,-0.9));
#2761 = DIRECTION('',(-5.551115123126E-17,-1.,-0.));
#2762 = DIRECTION('',(-3.500331551977E-30,1.943074341413E-46,1.));
#2763 = ADVANCED_FACE('',(#2764),#2767,.F.);
#2764 = FACE_BOUND('',#2765,.F.);
#2765 = EDGE_LOOP('',(#2766));
#2766 = ORIENTED_EDGE('',*,*,#2740,.T.);
#2767 = PLANE('',#2768);
#2768 = AXIS2_PLACEMENT_3D('',#2769,#2770,#2771);
#2769 = CARTESIAN_POINT('',(-0.9,9.6E-02,-0.9));
#2770 = DIRECTION('',(-5.551115123126E-17,-1.,-0.));
#2771 = DIRECTION('',(-3.916057553565E-30,2.173848630863E-46,1.));
#2772 = ( GEOMETRIC_REPRESENTATION_CONTEXT(3) 
GLOBAL_UNCERTAINTY_ASSIGNED_CONTEXT((#2776)) 
GLOBAL_UNIT_ASSIGNED_CONTEXT((#2773,#2774,#2775)) REPRESENTATION_CONTEXT
('Context #1','3D Context with UNIT and UNCERTAINTY') );
#2773 = ( LENGTH_UNIT() NAMED_UNIT(*) SI_UNIT(.MILLI.,.METRE.) );
#2774 = ( NAMED_UNIT(*) PLANE_ANGLE_UNIT() SI_UNIT($,.RADIAN.) );
#2775 = ( NAMED_UNIT(*) SI_UNIT($,.STERADIAN.) SOLID_ANGLE_UNIT() );
#2776 = UNCERTAINTY_MEASURE_WITH_UNIT(LENGTH_MEASURE(1.E-07),#2773,
  'distance_accuracy_value','confusion accuracy');
#2777 = CONTEXT_DEPENDENT_SHAPE_REPRESENTATION(#2778,#2780);
#2778 = ( REPRESENTATION_RELATIONSHIP('','',#2733,#10) 
REPRESENTATION_RELATIONSHIP_WITH_TRANSFORMATION(#2779) 
SHAPE_REPRESENTATION_RELATIONSHIP() );
#2779 = ITEM_DEFINED_TRANSFORMATION('','',#11,#179);
#2780 = PRODUCT_DEFINITION_SHAPE('Placement','Placement of an item',
  #2781);
#2781 = NEXT_ASSEMBLY_USAGE_OCCURRENCE('63891','BALL_0040','',#5,#2728,$
  );
#2782 = PRODUCT_RELATED_PRODUCT_CATEGORY('part',$,(#2730));
#2783 = SHAPE_DEFINITION_REPRESENTATION(#2784,#2790);
#2784 = PRODUCT_DEFINITION_SHAPE('','',#2785);
#2785 = PRODUCT_DEFINITION('design','',#2786,#2789);
#2786 = PRODUCT_DEFINITION_FORMATION('','',#2787);
#2787 = PRODUCT('BALL_0041','BALL_0041','',(#2788));
#2788 = PRODUCT_CONTEXT('',#2,'mechanical');
#2789 = PRODUCT_DEFINITION_CONTEXT('part definition',#2,'design');
#2790 = ADVANCED_BREP_SHAPE_REPRESENTATION('',(#11,#2791),#2829);
#2791 = MANIFOLD_SOLID_BREP('',#2792);
#2792 = CLOSED_SHELL('',(#2793,#2820));
#2793 = ADVANCED_FACE('',(#2794),#2815,.T.);
#2794 = FACE_BOUND('',#2795,.T.);
#2795 = EDGE_LOOP('',(#2796,#2805,#2814));
#2796 = ORIENTED_EDGE('',*,*,#2797,.T.);
#2797 = EDGE_CURVE('',#2798,#2798,#2800,.T.);
#2798 = VERTEX_POINT('',#2799);
#2799 = CARTESIAN_POINT('',(-0.9,9.599999999978E-02,-0.852));
#2800 = CIRCLE('',#2801,4.80000000003E-02);
#2801 = AXIS2_PLACEMENT_3D('',#2802,#2803,#2804);
#2802 = CARTESIAN_POINT('',(-0.9,9.599999999978E-02,-0.9));
#2803 = DIRECTION('',(-5.551115123126E-17,-1.,0.));
#2804 = DIRECTION('',(-3.916057553563E-30,2.173848630861E-46,1.));
#2805 = ORIENTED_EDGE('',*,*,#2806,.T.);
#2806 = EDGE_CURVE('',#2798,#2807,#2809,.T.);
#2807 = VERTEX_POINT('',#2808);
#2808 = CARTESIAN_POINT('',(-0.9,-3.435099972407E-15,-0.9));
#2809 = CIRCLE('',#2810,6.E-02);
#2810 = AXIS2_PLACEMENT_3D('',#2811,#2812,#2813);
#2811 = CARTESIAN_POINT('',(-0.9,6.E-02,-0.9));
#2812 = DIRECTION('',(1.,-1.110223024625E-16,-5.551115123126E-17));
#2813 = DIRECTION('',(1.110223024625E-16,1.,5.551115123126E-17));
#2814 = ORIENTED_EDGE('',*,*,#2806,.F.);
#2815 = SPHERICAL_SURFACE('',#2816,6.E-02);
#2816 = AXIS2_PLACEMENT_3D('',#2817,#2818,#2819);
#2817 = CARTESIAN_POINT('',(-0.9,6.E-02,-0.9));
#2818 = DIRECTION('',(-5.551115123126E-17,-1.,-0.));
#2819 = DIRECTION('',(-3.500331551977E-30,1.943074341413E-46,1.));
#2820 = ADVANCED_FACE('',(#2821),#2824,.F.);
#2821 = FACE_BOUND('',#2822,.F.);
#2822 = EDGE_LOOP('',(#2823));
#2823 = ORIENTED_EDGE('',*,*,#2797,.T.);
#2824 = PLANE('',#2825);
#2825 = AXIS2_PLACEMENT_3D('',#2826,#2827,#2828);
#2826 = CARTESIAN_POINT('',(-0.9,9.6E-02,-0.9));
#2827 = DIRECTION('',(-5.551115123126E-17,-1.,-0.));
#2828 = DIRECTION('',(-3.916057553565E-30,2.173848630863E-46,1.));
#2829 = ( GEOMETRIC_REPRESENTATION_CONTEXT(3) 
GLOBAL_UNCERTAINTY_ASSIGNED_CONTEXT((#2833)) 
GLOBAL_UNIT_ASSIGNED_CONTEXT((#2830,#2831,#2832)) REPRESENTATION_CONTEXT
('Context #1','3D Context with UNIT and UNCERTAINTY') );
#2830 = ( LENGTH_UNIT() NAMED_UNIT(*) SI_UNIT(.MILLI.,.METRE.) );
#2831 = ( NAMED_UNIT(*) PLANE_ANGLE_UNIT() SI_UNIT($,.RADIAN.) );
#2832 = ( NAMED_UNIT(*) SI_UNIT($,.STERADIAN.) SOLID_ANGLE_UNIT() );
#2833 = UNCERTAINTY_MEASURE_WITH_UNIT(LENGTH_MEASURE(1.E-07),#2830,
  'distance_accuracy_value','confusion accuracy');
#2834 = CONTEXT_DEPENDENT_SHAPE_REPRESENTATION(#2835,#2837);
#2835 = ( REPRESENTATION_RELATIONSHIP('','',#2790,#10) 
REPRESENTATION_RELATIONSHIP_WITH_TRANSFORMATION(#2836) 
SHAPE_REPRESENTATION_RELATIONSHIP() );
#2836 = ITEM_DEFINED_TRANSFORMATION('','',#11,#183);
#2837 = PRODUCT_DEFINITION_SHAPE('Placement','Placement of an item',
  #2838);
#2838 = NEXT_ASSEMBLY_USAGE_OCCURRENCE('63892','BALL_0041','',#5,#2785,$
  );
#2839 = PRODUCT_RELATED_PRODUCT_CATEGORY('part',$,(#2787));
#2840 = SHAPE_DEFINITION_REPRESENTATION(#2841,#2847);
#2841 = PRODUCT_DEFINITION_SHAPE('','',#2842);
#2842 = PRODUCT_DEFINITION('design','',#2843,#2846);
#2843 = PRODUCT_DEFINITION_FORMATION('','',#2844);
#2844 = PRODUCT('BALL_0042','BALL_0042','',(#2845));
#2845 = PRODUCT_CONTEXT('',#2,'mechanical');
#2846 = PRODUCT_DEFINITION_CONTEXT('part definition',#2,'design');
#2847 = ADVANCED_BREP_SHAPE_REPRESENTATION('',(#11,#2848),#2886);
#2848 = MANIFOLD_SOLID_BREP('',#2849);
#2849 = CLOSED_SHELL('',(#2850,#2877));
#2850 = ADVANCED_FACE('',(#2851),#2872,.T.);
#2851 = FACE_BOUND('',#2852,.T.);
#2852 = EDGE_LOOP('',(#2853,#2862,#2871));
#2853 = ORIENTED_EDGE('',*,*,#2854,.T.);
#2854 = EDGE_CURVE('',#2855,#2855,#2857,.T.);
#2855 = VERTEX_POINT('',#2856);
#2856 = CARTESIAN_POINT('',(-0.9,9.599999999978E-02,-0.852));
#2857 = CIRCLE('',#2858,4.80000000003E-02);
#2858 = AXIS2_PLACEMENT_3D('',#2859,#2860,#2861);
#2859 = CARTESIAN_POINT('',(-0.9,9.599999999978E-02,-0.9));
#2860 = DIRECTION('',(-5.551115123126E-17,-1.,0.));
#2861 = DIRECTION('',(-3.916057553563E-30,2.173848630861E-46,1.));
#2862 = ORIENTED_EDGE('',*,*,#2863,.T.);
#2863 = EDGE_CURVE('',#2855,#2864,#2866,.T.);
#2864 = VERTEX_POINT('',#2865);
#2865 = CARTESIAN_POINT('',(-0.9,-3.435099972407E-15,-0.9));
#2866 = CIRCLE('',#2867,6.E-02);
#2867 = AXIS2_PLACEMENT_3D('',#2868,#2869,#2870);
#2868 = CARTESIAN_POINT('',(-0.9,6.E-02,-0.9));
#2869 = DIRECTION('',(1.,-1.110223024625E-16,-5.551115123126E-17));
#2870 = DIRECTION('',(1.110223024625E-16,1.,5.551115123126E-17));
#2871 = ORIENTED_EDGE('',*,*,#2863,.F.);
#2872 = SPHERICAL_SURFACE('',#2873,6.E-02);
#2873 = AXIS2_PLACEMENT_3D('',#2874,#2875,#2876);
#2874 = CARTESIAN_POINT('',(-0.9,6.E-02,-0.9));
#2875 = DIRECTION('',(-5.551115123126E-17,-1.,-0.));
#2876 = DIRECTION('',(-3.500331551977E-30,1.943074341413E-46,1.));
#2877 = ADVANCED_FACE('',(#2878),#2881,.F.);
#2878 = FACE_BOUND('',#2879,.F.);
#2879 = EDGE_LOOP('',(#2880));
#2880 = ORIENTED_EDGE('',*,*,#2854,.T.);
#2881 = PLANE('',#2882);
#2882 = AXIS2_PLACEMENT_3D('',#2883,#2884,#2885);
#2883 = CARTESIAN_POINT('',(-0.9,9.6E-02,-0.9));
#2884 = DIRECTION('',(-5.551115123126E-17,-1.,-0.));
#2885 = DIRECTION('',(-3.916057553565E-30,2.173848630863E-46,1.));
#2886 = ( GEOMETRIC_REPRESENTATION_CONTEXT(3) 
GLOBAL_UNCERTAINTY_ASSIGNED_CONTEXT((#2890)) 
GLOBAL_UNIT_ASSIGNED_CONTEXT((#2887,#2888,#2889)) REPRESENTATION_CONTEXT
('Context #1','3D Context with UNIT and UNCERTAINTY') );
#2887 = ( LENGTH_UNIT() NAMED_UNIT(*) SI_UNIT(.MILLI.,.METRE.) );
#2888 = ( NAMED_UNIT(*) PLANE_ANGLE_UNIT() SI_UNIT($,.RADIAN.) );
#2889 = ( NAMED_UNIT(*) SI_UNIT($,.STERADIAN.) SOLID_ANGLE_UNIT() );
#2890 = UNCERTAINTY_MEASURE_WITH_UNIT(LENGTH_MEASURE(1.E-07),#2887,
  'distance_accuracy_value','confusion accuracy');
#2891 = CONTEXT_DEPENDENT_SHAPE_REPRESENTATION(#2892,#2894);
#2892 = ( REPRESENTATION_RELATIONSHIP('','',#2847,#10) 
REPRESENTATION_RELATIONSHIP_WITH_TRANSFORMATION(#2893) 
SHAPE_REPRESENTATION_RELATIONSHIP() );
#2893 = ITEM_DEFINED_TRANSFORMATION('','',#11,#187);
#2894 = PRODUCT_DEFINITION_SHAPE('Placement','Placement of an item',
  #2895);
#2895 = NEXT_ASSEMBLY_USAGE_OCCURRENCE('63893','BALL_0042','',#5,#2842,$
  );
#2896 = PRODUCT_RELATED_PRODUCT_CATEGORY('part',$,(#2844));
#2897 = SHAPE_DEFINITION_REPRESENTATION(#2898,#2904);
#2898 = PRODUCT_DEFINITION_SHAPE('','',#2899);
#2899 = PRODUCT_DEFINITION('design','',#2900,#2903);
#2900 = PRODUCT_DEFINITION_FORMATION('','',#2901);
#2901 = PRODUCT('BALL_0043','BALL_0043','',(#2902));
#2902 = PRODUCT_CONTEXT('',#2,'mechanical');
#2903 = PRODUCT_DEFINITION_CONTEXT('part definition',#2,'design');
#2904 = ADVANCED_BREP_SHAPE_REPRESENTATION('',(#11,#2905),#2943);
#2905 = MANIFOLD_SOLID_BREP('',#2906);
#2906 = CLOSED_SHELL('',(#2907,#2934));
#2907 = ADVANCED_FACE('',(#2908),#2929,.T.);
#2908 = FACE_BOUND('',#2909,.T.);
#2909 = EDGE_LOOP('',(#2910,#2919,#2928));
#2910 = ORIENTED_EDGE('',*,*,#2911,.T.);
#2911 = EDGE_CURVE('',#2912,#2912,#2914,.T.);
#2912 = VERTEX_POINT('',#2913);
#2913 = CARTESIAN_POINT('',(-0.9,9.599999999978E-02,-0.852));
#2914 = CIRCLE('',#2915,4.80000000003E-02);
#2915 = AXIS2_PLACEMENT_3D('',#2916,#2917,#2918);
#2916 = CARTESIAN_POINT('',(-0.9,9.599999999978E-02,-0.9));
#2917 = DIRECTION('',(-5.551115123126E-17,-1.,0.));
#2918 = DIRECTION('',(-3.916057553563E-30,2.173848630861E-46,1.));
#2919 = ORIENTED_EDGE('',*,*,#2920,.T.);
#2920 = EDGE_CURVE('',#2912,#2921,#2923,.T.);
#2921 = VERTEX_POINT('',#2922);
#2922 = CARTESIAN_POINT('',(-0.9,-3.435099972407E-15,-0.9));
#2923 = CIRCLE('',#2924,6.E-02);
#2924 = AXIS2_PLACEMENT_3D('',#2925,#2926,#2927);
#2925 = CARTESIAN_POINT('',(-0.9,6.E-02,-0.9));
#2926 = DIRECTION('',(1.,-1.110223024625E-16,-5.551115123126E-17));
#2927 = DIRECTION('',(1.110223024625E-16,1.,5.551115123126E-17));
#2928 = ORIENTED_EDGE('',*,*,#2920,.F.);
#2929 = SPHERICAL_SURFACE('',#2930,6.E-02);
#2930 = AXIS2_PLACEMENT_3D('',#2931,#2932,#2933);
#2931 = CARTESIAN_POINT('',(-0.9,6.E-02,-0.9));
#2932 = DIRECTION('',(-5.551115123126E-17,-1.,-0.));
#2933 = DIRECTION('',(-3.500331551977E-30,1.943074341413E-46,1.));
#2934 = ADVANCED_FACE('',(#2935),#2938,.F.);
#2935 = FACE_BOUND('',#2936,.F.);
#2936 = EDGE_LOOP('',(#2937));
#2937 = ORIENTED_EDGE('',*,*,#2911,.T.);
#2938 = PLANE('',#2939);
#2939 = AXIS2_PLACEMENT_3D('',#2940,#2941,#2942);
#2940 = CARTESIAN_POINT('',(-0.9,9.6E-02,-0.9));
#2941 = DIRECTION('',(-5.551115123126E-17,-1.,-0.));
#2942 = DIRECTION('',(-3.916057553565E-30,2.173848630863E-46,1.));
#2943 = ( GEOMETRIC_REPRESENTATION_CONTEXT(3) 
GLOBAL_UNCERTAINTY_ASSIGNED_CONTEXT((#2947)) 
GLOBAL_UNIT_ASSIGNED_CONTEXT((#2944,#2945,#2946)) REPRESENTATION_CONTEXT
('Context #1','3D Context with UNIT and UNCERTAINTY') );
#2944 = ( LENGTH_UNIT() NAMED_UNIT(*) SI_UNIT(.MILLI.,.METRE.) );
#2945 = ( NAMED_UNIT(*) PLANE_ANGLE_UNIT() SI_UNIT($,.RADIAN.) );
#2946 = ( NAMED_UNIT(*) SI_UNIT($,.STERADIAN.) SOLID_ANGLE_UNIT() );
#2947 = UNCERTAINTY_MEASURE_WITH_UNIT(LENGTH_MEASURE(1.E-07),#2944,
  'distance_accuracy_value','confusion accuracy');
#2948 = CONTEXT_DEPENDENT_SHAPE_REPRESENTATION(#2949,#2951);
#2949 = ( REPRESENTATION_RELATIONSHIP('','',#2904,#10) 
REPRESENTATION_RELATIONSHIP_WITH_TRANSFORMATION(#2950) 
SHAPE_REPRESENTATION_RELATIONSHIP() );
#2950 = ITEM_DEFINED_TRANSFORMATION('','',#11,#191);
#2951 = PRODUCT_DEFINITION_SHAPE('Placement','Placement of an item',
  #2952);
#2952 = NEXT_ASSEMBLY_USAGE_OCCURRENCE('63894','BALL_0043','',#5,#2899,$
  );
#2953 = PRODUCT_RELATED_PRODUCT_CATEGORY('part',$,(#2901));
#2954 = SHAPE_DEFINITION_REPRESENTATION(#2955,#2961);
#2955 = PRODUCT_DEFINITION_SHAPE('','',#2956);
#2956 = PRODUCT_DEFINITION('design','',#2957,#2960);
#2957 = PRODUCT_DEFINITION_FORMATION('','',#2958);
#2958 = PRODUCT('BALL_0044','BALL_0044','',(#2959));
#2959 = PRODUCT_CONTEXT('',#2,'mechanical');
#2960 = PRODUCT_DEFINITION_CONTEXT('part definition',#2,'design');
#2961 = ADVANCED_BREP_SHAPE_REPRESENTATION('',(#11,#2962),#3000);
#2962 = MANIFOLD_SOLID_BREP('',#2963);
#2963 = CLOSED_SHELL('',(#2964,#2991));
#2964 = ADVANCED_FACE('',(#2965),#2986,.T.);
#2965 = FACE_BOUND('',#2966,.T.);
#2966 = EDGE_LOOP('',(#2967,#2976,#2985));
#2967 = ORIENTED_EDGE('',*,*,#2968,.T.);
#2968 = EDGE_CURVE('',#2969,#2969,#2971,.T.);
#2969 = VERTEX_POINT('',#2970);
#2970 = CARTESIAN_POINT('',(-0.9,9.599999999978E-02,-0.852));
#2971 = CIRCLE('',#2972,4.80000000003E-02);
#2972 = AXIS2_PLACEMENT_3D('',#2973,#2974,#2975);
#2973 = CARTESIAN_POINT('',(-0.9,9.599999999978E-02,-0.9));
#2974 = DIRECTION('',(-5.551115123126E-17,-1.,0.));
#2975 = DIRECTION('',(-3.916057553563E-30,2.173848630861E-46,1.));
#2976 = ORIENTED_EDGE('',*,*,#2977,.T.);
#2977 = EDGE_CURVE('',#2969,#2978,#2980,.T.);
#2978 = VERTEX_POINT('',#2979);
#2979 = CARTESIAN_POINT('',(-0.9,-3.435099972407E-15,-0.9));
#2980 = CIRCLE('',#2981,6.E-02);
#2981 = AXIS2_PLACEMENT_3D('',#2982,#2983,#2984);
#2982 = CARTESIAN_POINT('',(-0.9,6.E-02,-0.9));
#2983 = DIRECTION('',(1.,-1.110223024625E-16,-5.551115123126E-17));
#2984 = DIRECTION('',(1.110223024625E-16,1.,5.551115123126E-17));
#2985 = ORIENTED_EDGE('',*,*,#2977,.F.);
#2986 = SPHERICAL_SURFACE('',#2987,6.E-02);
#2987 = AXIS2_PLACEMENT_3D('',#2988,#2989,#2990);
#2988 = CARTESIAN_POINT('',(-0.9,6.E-02,-0.9));
#2989 = DIRECTION('',(-5.551115123126E-17,-1.,-0.));
#2990 = DIRECTION('',(-3.500331551977E-30,1.943074341413E-46,1.));
#2991 = ADVANCED_FACE('',(#2992),#2995,.F.);
#2992 = FACE_BOUND('',#2993,.F.);
#2993 = EDGE_LOOP('',(#2994));
#2994 = ORIENTED_EDGE('',*,*,#2968,.T.);
#2995 = PLANE('',#2996);
#2996 = AXIS2_PLACEMENT_3D('',#2997,#2998,#2999);
#2997 = CARTESIAN_POINT('',(-0.9,9.6E-02,-0.9));
#2998 = DIRECTION('',(-5.551115123126E-17,-1.,-0.));
#2999 = DIRECTION('',(-3.916057553565E-30,2.173848630863E-46,1.));
#3000 = ( GEOMETRIC_REPRESENTATION_CONTEXT(3) 
GLOBAL_UNCERTAINTY_ASSIGNED_CONTEXT((#3004)) 
GLOBAL_UNIT_ASSIGNED_CONTEXT((#3001,#3002,#3003)) REPRESENTATION_CONTEXT
('Context #1','3D Context with UNIT and UNCERTAINTY') );
#3001 = ( LENGTH_UNIT() NAMED_UNIT(*) SI_UNIT(.MILLI.,.METRE.) );
#3002 = ( NAMED_UNIT(*) PLANE_ANGLE_UNIT() SI_UNIT($,.RADIAN.) );
#3003 = ( NAMED_UNIT(*) SI_UNIT($,.STERADIAN.) SOLID_ANGLE_UNIT() );
#3004 = UNCERTAINTY_MEASURE_WITH_UNIT(LENGTH_MEASURE(1.E-07),#3001,
  'distance_accuracy_value','confusion accuracy');
#3005 = CONTEXT_DEPENDENT_SHAPE_REPRESENTATION(#3006,#3008);
#3006 = ( REPRESENTATION_RELATIONSHIP('','',#2961,#10) 
REPRESENTATION_RELATIONSHIP_WITH_TRANSFORMATION(#3007) 
SHAPE_REPRESENTATION_RELATIONSHIP() );
#3007 = ITEM_DEFINED_TRANSFORMATION('','',#11,#195);
#3008 = PRODUCT_DEFINITION_SHAPE('Placement','Placement of an item',
  #3009);
#3009 = NEXT_ASSEMBLY_USAGE_OCCURRENCE('63895','BALL_0044','',#5,#2956,$
  );
#3010 = PRODUCT_RELATED_PRODUCT_CATEGORY('part',$,(#2958));
#3011 = SHAPE_DEFINITION_REPRESENTATION(#3012,#3018);
#3012 = PRODUCT_DEFINITION_SHAPE('','',#3013);
#3013 = PRODUCT_DEFINITION('design','',#3014,#3017);
#3014 = PRODUCT_DEFINITION_FORMATION('','',#3015);
#3015 = PRODUCT('BALL_0045','BALL_0045','',(#3016));
#3016 = PRODUCT_CONTEXT('',#2,'mechanical');
#3017 = PRODUCT_DEFINITION_CONTEXT('part definition',#2,'design');
#3018 = ADVANCED_BREP_SHAPE_REPRESENTATION('',(#11,#3019),#3057);
#3019 = MANIFOLD_SOLID_BREP('',#3020);
#3020 = CLOSED_SHELL('',(#3021,#3048));
#3021 = ADVANCED_FACE('',(#3022),#3043,.T.);
#3022 = FACE_BOUND('',#3023,.T.);
#3023 = EDGE_LOOP('',(#3024,#3033,#3042));
#3024 = ORIENTED_EDGE('',*,*,#3025,.T.);
#3025 = EDGE_CURVE('',#3026,#3026,#3028,.T.);
#3026 = VERTEX_POINT('',#3027);
#3027 = CARTESIAN_POINT('',(-0.9,9.599999999978E-02,-0.852));
#3028 = CIRCLE('',#3029,4.80000000003E-02);
#3029 = AXIS2_PLACEMENT_3D('',#3030,#3031,#3032);
#3030 = CARTESIAN_POINT('',(-0.9,9.599999999978E-02,-0.9));
#3031 = DIRECTION('',(-5.551115123126E-17,-1.,0.));
#3032 = DIRECTION('',(-3.916057553563E-30,2.173848630861E-46,1.));
#3033 = ORIENTED_EDGE('',*,*,#3034,.T.);
#3034 = EDGE_CURVE('',#3026,#3035,#3037,.T.);
#3035 = VERTEX_POINT('',#3036);
#3036 = CARTESIAN_POINT('',(-0.9,-3.435099972407E-15,-0.9));
#3037 = CIRCLE('',#3038,6.E-02);
#3038 = AXIS2_PLACEMENT_3D('',#3039,#3040,#3041);
#3039 = CARTESIAN_POINT('',(-0.9,6.E-02,-0.9));
#3040 = DIRECTION('',(1.,-1.110223024625E-16,-5.551115123126E-17));
#3041 = DIRECTION('',(1.110223024625E-16,1.,5.551115123126E-17));
#3042 = ORIENTED_EDGE('',*,*,#3034,.F.);
#3043 = SPHERICAL_SURFACE('',#3044,6.E-02);
#3044 = AXIS2_PLACEMENT_3D('',#3045,#3046,#3047);
#3045 = CARTESIAN_POINT('',(-0.9,6.E-02,-0.9));
#3046 = DIRECTION('',(-5.551115123126E-17,-1.,-0.));
#3047 = DIRECTION('',(-3.500331551977E-30,1.943074341413E-46,1.));
#3048 = ADVANCED_FACE('',(#3049),#3052,.F.);
#3049 = FACE_BOUND('',#3050,.F.);
#3050 = EDGE_LOOP('',(#3051));
#3051 = ORIENTED_EDGE('',*,*,#3025,.T.);
#3052 = PLANE('',#3053);
#3053 = AXIS2_PLACEMENT_3D('',#3054,#3055,#3056);
#3054 = CARTESIAN_POINT('',(-0.9,9.6E-02,-0.9));
#3055 = DIRECTION('',(-5.551115123126E-17,-1.,-0.));
#3056 = DIRECTION('',(-3.916057553565E-30,2.173848630863E-46,1.));
#3057 = ( GEOMETRIC_REPRESENTATION_CONTEXT(3) 
GLOBAL_UNCERTAINTY_ASSIGNED_CONTEXT((#3061)) 
GLOBAL_UNIT_ASSIGNED_CONTEXT((#3058,#3059,#3060)) REPRESENTATION_CONTEXT
('Context #1','3D Context with UNIT and UNCERTAINTY') );
#3058 = ( LENGTH_UNIT() NAMED_UNIT(*) SI_UNIT(.MILLI.,.METRE.) );
#3059 = ( NAMED_UNIT(*) PLANE_ANGLE_UNIT() SI_UNIT($,.RADIAN.) );
#3060 = ( NAMED_UNIT(*) SI_UNIT($,.STERADIAN.) SOLID_ANGLE_UNIT() );
#3061 = UNCERTAINTY_MEASURE_WITH_UNIT(LENGTH_MEASURE(1.E-07),#3058,
  'distance_accuracy_value','confusion accuracy');
#3062 = CONTEXT_DEPENDENT_SHAPE_REPRESENTATION(#3063,#3065);
#3063 = ( REPRESENTATION_RELATIONSHIP('','',#3018,#10) 
REPRESENTATION_RELATIONSHIP_WITH_TRANSFORMATION(#3064) 
SHAPE_REPRESENTATION_RELATIONSHIP() );
#3064 = ITEM_DEFINED_TRANSFORMATION('','',#11,#199);
#3065 = PRODUCT_DEFINITION_SHAPE('Placement','Placement of an item',
  #3066);
#3066 = NEXT_ASSEMBLY_USAGE_OCCURRENCE('63896','BALL_0045','',#5,#3013,$
  );
#3067 = PRODUCT_RELATED_PRODUCT_CATEGORY('part',$,(#3015));
#3068 = SHAPE_DEFINITION_REPRESENTATION(#3069,#3075);
#3069 = PRODUCT_DEFINITION_SHAPE('','',#3070);
#3070 = PRODUCT_DEFINITION('design','',#3071,#3074);
#3071 = PRODUCT_DEFINITION_FORMATION('','',#3072);
#3072 = PRODUCT('BALL_0046','BALL_0046','',(#3073));
#3073 = PRODUCT_CONTEXT('',#2,'mechanical');
#3074 = PRODUCT_DEFINITION_CONTEXT('part definition',#2,'design');
#3075 = ADVANCED_BREP_SHAPE_REPRESENTATION('',(#11,#3076),#3114);
#3076 = MANIFOLD_SOLID_BREP('',#3077);
#3077 = CLOSED_SHELL('',(#3078,#3105));
#3078 = ADVANCED_FACE('',(#3079),#3100,.T.);
#3079 = FACE_BOUND('',#3080,.T.);
#3080 = EDGE_LOOP('',(#3081,#3090,#3099));
#3081 = ORIENTED_EDGE('',*,*,#3082,.T.);
#3082 = EDGE_CURVE('',#3083,#3083,#3085,.T.);
#3083 = VERTEX_POINT('',#3084);
#3084 = CARTESIAN_POINT('',(-0.9,9.599999999978E-02,-0.852));
#3085 = CIRCLE('',#3086,4.80000000003E-02);
#3086 = AXIS2_PLACEMENT_3D('',#3087,#3088,#3089);
#3087 = CARTESIAN_POINT('',(-0.9,9.599999999978E-02,-0.9));
#3088 = DIRECTION('',(-5.551115123126E-17,-1.,0.));
#3089 = DIRECTION('',(-3.916057553563E-30,2.173848630861E-46,1.));
#3090 = ORIENTED_EDGE('',*,*,#3091,.T.);
#3091 = EDGE_CURVE('',#3083,#3092,#3094,.T.);
#3092 = VERTEX_POINT('',#3093);
#3093 = CARTESIAN_POINT('',(-0.9,-3.435099972407E-15,-0.9));
#3094 = CIRCLE('',#3095,6.E-02);
#3095 = AXIS2_PLACEMENT_3D('',#3096,#3097,#3098);
#3096 = CARTESIAN_POINT('',(-0.9,6.E-02,-0.9));
#3097 = DIRECTION('',(1.,-1.110223024625E-16,-5.551115123126E-17));
#3098 = DIRECTION('',(1.110223024625E-16,1.,5.551115123126E-17));
#3099 = ORIENTED_EDGE('',*,*,#3091,.F.);
#3100 = SPHERICAL_SURFACE('',#3101,6.E-02);
#3101 = AXIS2_PLACEMENT_3D('',#3102,#3103,#3104);
#3102 = CARTESIAN_POINT('',(-0.9,6.E-02,-0.9));
#3103 = DIRECTION('',(-5.551115123126E-17,-1.,-0.));
#3104 = DIRECTION('',(-3.500331551977E-30,1.943074341413E-46,1.));
#3105 = ADVANCED_FACE('',(#3106),#3109,.F.);
#3106 = FACE_BOUND('',#3107,.F.);
#3107 = EDGE_LOOP('',(#3108));
#3108 = ORIENTED_EDGE('',*,*,#3082,.T.);
#3109 = PLANE('',#3110);
#3110 = AXIS2_PLACEMENT_3D('',#3111,#3112,#3113);
#3111 = CARTESIAN_POINT('',(-0.9,9.6E-02,-0.9));
#3112 = DIRECTION('',(-5.551115123126E-17,-1.,-0.));
#3113 = DIRECTION('',(-3.916057553565E-30,2.173848630863E-46,1.));
#3114 = ( GEOMETRIC_REPRESENTATION_CONTEXT(3) 
GLOBAL_UNCERTAINTY_ASSIGNED_CONTEXT((#3118)) 
GLOBAL_UNIT_ASSIGNED_CONTEXT((#3115,#3116,#3117)) REPRESENTATION_CONTEXT
('Context #1','3D Context with UNIT and UNCERTAINTY') );
#3115 = ( LENGTH_UNIT() NAMED_UNIT(*) SI_UNIT(.MILLI.,.METRE.) );
#3116 = ( NAMED_UNIT(*) PLANE_ANGLE_UNIT() SI_UNIT($,.RADIAN.) );
#3117 = ( NAMED_UNIT(*) SI_UNIT($,.STERADIAN.) SOLID_ANGLE_UNIT() );
#3118 = UNCERTAINTY_MEASURE_WITH_UNIT(LENGTH_MEASURE(1.E-07),#3115,
  'distance_accuracy_value','confusion accuracy');
#3119 = CONTEXT_DEPENDENT_SHAPE_REPRESENTATION(#3120,#3122);
#3120 = ( REPRESENTATION_RELATIONSHIP('','',#3075,#10) 
REPRESENTATION_RELATIONSHIP_WITH_TRANSFORMATION(#3121) 
SHAPE_REPRESENTATION_RELATIONSHIP() );
#3121 = ITEM_DEFINED_TRANSFORMATION('','',#11,#203);
#3122 = PRODUCT_DEFINITION_SHAPE('Placement','Placement of an item',
  #3123);
#3123 = NEXT_ASSEMBLY_USAGE_OCCURRENCE('63897','BALL_0046','',#5,#3070,$
  );
#3124 = PRODUCT_RELATED_PRODUCT_CATEGORY('part',$,(#3072));
#3125 = SHAPE_DEFINITION_REPRESENTATION(#3126,#3132);
#3126 = PRODUCT_DEFINITION_SHAPE('','',#3127);
#3127 = PRODUCT_DEFINITION('design','',#3128,#3131);
#3128 = PRODUCT_DEFINITION_FORMATION('','',#3129);
#3129 = PRODUCT('BALL_0047','BALL_0047','',(#3130));
#3130 = PRODUCT_CONTEXT('',#2,'mechanical');
#3131 = PRODUCT_DEFINITION_CONTEXT('part definition',#2,'design');
#3132 = ADVANCED_BREP_SHAPE_REPRESENTATION('',(#11,#3133),#3171);
#3133 = MANIFOLD_SOLID_BREP('',#3134);
#3134 = CLOSED_SHELL('',(#3135,#3162));
#3135 = ADVANCED_FACE('',(#3136),#3157,.T.);
#3136 = FACE_BOUND('',#3137,.T.);
#3137 = EDGE_LOOP('',(#3138,#3147,#3156));
#3138 = ORIENTED_EDGE('',*,*,#3139,.T.);
#3139 = EDGE_CURVE('',#3140,#3140,#3142,.T.);
#3140 = VERTEX_POINT('',#3141);
#3141 = CARTESIAN_POINT('',(-0.9,9.599999999978E-02,-0.852));
#3142 = CIRCLE('',#3143,4.80000000003E-02);
#3143 = AXIS2_PLACEMENT_3D('',#3144,#3145,#3146);
#3144 = CARTESIAN_POINT('',(-0.9,9.599999999978E-02,-0.9));
#3145 = DIRECTION('',(-5.551115123126E-17,-1.,0.));
#3146 = DIRECTION('',(-3.916057553563E-30,2.173848630861E-46,1.));
#3147 = ORIENTED_EDGE('',*,*,#3148,.T.);
#3148 = EDGE_CURVE('',#3140,#3149,#3151,.T.);
#3149 = VERTEX_POINT('',#3150);
#3150 = CARTESIAN_POINT('',(-0.9,-3.435099972407E-15,-0.9));
#3151 = CIRCLE('',#3152,6.E-02);
#3152 = AXIS2_PLACEMENT_3D('',#3153,#3154,#3155);
#3153 = CARTESIAN_POINT('',(-0.9,6.E-02,-0.9));
#3154 = DIRECTION('',(1.,-1.110223024625E-16,-5.551115123126E-17));
#3155 = DIRECTION('',(1.110223024625E-16,1.,5.551115123126E-17));
#3156 = ORIENTED_EDGE('',*,*,#3148,.F.);
#3157 = SPHERICAL_SURFACE('',#3158,6.E-02);
#3158 = AXIS2_PLACEMENT_3D('',#3159,#3160,#3161);
#3159 = CARTESIAN_POINT('',(-0.9,6.E-02,-0.9));
#3160 = DIRECTION('',(-5.551115123126E-17,-1.,-0.));
#3161 = DIRECTION('',(-3.500331551977E-30,1.943074341413E-46,1.));
#3162 = ADVANCED_FACE('',(#3163),#3166,.F.);
#3163 = FACE_BOUND('',#3164,.F.);
#3164 = EDGE_LOOP('',(#3165));
#3165 = ORIENTED_EDGE('',*,*,#3139,.T.);
#3166 = PLANE('',#3167);
#3167 = AXIS2_PLACEMENT_3D('',#3168,#3169,#3170);
#3168 = CARTESIAN_POINT('',(-0.9,9.6E-02,-0.9));
#3169 = DIRECTION('',(-5.551115123126E-17,-1.,-0.));
#3170 = DIRECTION('',(-3.916057553565E-30,2.173848630863E-46,1.));
#3171 = ( GEOMETRIC_REPRESENTATION_CONTEXT(3) 
GLOBAL_UNCERTAINTY_ASSIGNED_CONTEXT((#3175)) 
GLOBAL_UNIT_ASSIGNED_CONTEXT((#3172,#3173,#3174)) REPRESENTATION_CONTEXT
('Context #1','3D Context with UNIT and UNCERTAINTY') );
#3172 = ( LENGTH_UNIT() NAMED_UNIT(*) SI_UNIT(.MILLI.,.METRE.) );
#3173 = ( NAMED_UNIT(*) PLANE_ANGLE_UNIT() SI_UNIT($,.RADIAN.) );
#3174 = ( NAMED_UNIT(*) SI_UNIT($,.STERADIAN.) SOLID_ANGLE_UNIT() );
#3175 = UNCERTAINTY_MEASURE_WITH_UNIT(LENGTH_MEASURE(1.E-07),#3172,
  'distance_accuracy_value','confusion accuracy');
#3176 = CONTEXT_DEPENDENT_SHAPE_REPRESENTATION(#3177,#3179);
#3177 = ( REPRESENTATION_RELATIONSHIP('','',#3132,#10) 
REPRESENTATION_RELATIONSHIP_WITH_TRANSFORMATION(#3178) 
SHAPE_REPRESENTATION_RELATIONSHIP() );
#3178 = ITEM_DEFINED_TRANSFORMATION('','',#11,#207);
#3179 = PRODUCT_DEFINITION_SHAPE('Placement','Placement of an item',
  #3180);
#3180 = NEXT_ASSEMBLY_USAGE_OCCURRENCE('63898','BALL_0047','',#5,#3127,$
  );
#3181 = PRODUCT_RELATED_PRODUCT_CATEGORY('part',$,(#3129));
#3182 = MECHANICAL_DESIGN_GEOMETRIC_PRESENTATION_REPRESENTATION('',(
    #3183),#2943);
#3183 = STYLED_ITEM('color',(#3184),#2905);
#3184 = PRESENTATION_STYLE_ASSIGNMENT((#3185,#3191));
#3185 = SURFACE_STYLE_USAGE(.BOTH.,#3186);
#3186 = SURFACE_SIDE_STYLE('',(#3187));
#3187 = SURFACE_STYLE_FILL_AREA(#3188);
#3188 = FILL_AREA_STYLE('',(#3189));
#3189 = FILL_AREA_STYLE_COLOUR('',#3190);
#3190 = COLOUR_RGB('',0.796078452645,0.823529417451,0.937254901616);
#3191 = CURVE_STYLE('',#3192,POSITIVE_LENGTH_MEASURE(0.1),#3193);
#3192 = DRAUGHTING_PRE_DEFINED_CURVE_FONT('continuous');
#3193 = COLOUR_RGB('',9.803921802644E-02,9.803921802644E-02,
  9.803921802644E-02);
#3194 = MECHANICAL_DESIGN_GEOMETRIC_PRESENTATION_REPRESENTATION('',(
    #3195),#2430);
#3195 = STYLED_ITEM('color',(#3196),#2392);
#3196 = PRESENTATION_STYLE_ASSIGNMENT((#3197,#3202));
#3197 = SURFACE_STYLE_USAGE(.BOTH.,#3198);
#3198 = SURFACE_SIDE_STYLE('',(#3199));
#3199 = SURFACE_STYLE_FILL_AREA(#3200);
#3200 = FILL_AREA_STYLE('',(#3201));
#3201 = FILL_AREA_STYLE_COLOUR('',#3190);
#3202 = CURVE_STYLE('',#3203,POSITIVE_LENGTH_MEASURE(0.1),#3193);
#3203 = DRAUGHTING_PRE_DEFINED_CURVE_FONT('continuous');
#3204 = MECHANICAL_DESIGN_GEOMETRIC_PRESENTATION_REPRESENTATION('',(
    #3205),#1803);
#3205 = STYLED_ITEM('color',(#3206),#1765);
#3206 = PRESENTATION_STYLE_ASSIGNMENT((#3207,#3212));
#3207 = SURFACE_STYLE_USAGE(.BOTH.,#3208);
#3208 = SURFACE_SIDE_STYLE('',(#3209));
#3209 = SURFACE_STYLE_FILL_AREA(#3210);
#3210 = FILL_AREA_STYLE('',(#3211));
#3211 = FILL_AREA_STYLE_COLOUR('',#3190);
#3212 = CURVE_STYLE('',#3213,POSITIVE_LENGTH_MEASURE(0.1),#3193);
#3213 = DRAUGHTING_PRE_DEFINED_CURVE_FONT('continuous');
#3214 = MECHANICAL_DESIGN_GEOMETRIC_PRESENTATION_REPRESENTATION('',(
    #3215),#834);
#3215 = STYLED_ITEM('color',(#3216),#796);
#3216 = PRESENTATION_STYLE_ASSIGNMENT((#3217,#3222));
#3217 = SURFACE_STYLE_USAGE(.BOTH.,#3218);
#3218 = SURFACE_SIDE_STYLE('',(#3219));
#3219 = SURFACE_STYLE_FILL_AREA(#3220);
#3220 = FILL_AREA_STYLE('',(#3221));
#3221 = FILL_AREA_STYLE_COLOUR('',#3190);
#3222 = CURVE_STYLE('',#3223,POSITIVE_LENGTH_MEASURE(0.1),#3193);
#3223 = DRAUGHTING_PRE_DEFINED_CURVE_FONT('continuous');
#3224 = MECHANICAL_DESIGN_GEOMETRIC_PRESENTATION_REPRESENTATION('',(
    #3225),#1347);
#3225 = STYLED_ITEM('color',(#3226),#1309);
#3226 = PRESENTATION_STYLE_ASSIGNMENT((#3227,#3232));
#3227 = SURFACE_STYLE_USAGE(.BOTH.,#3228);
#3228 = SURFACE_SIDE_STYLE('',(#3229));
#3229 = SURFACE_STYLE_FILL_AREA(#3230);
#3230 = FILL_AREA_STYLE('',(#3231));
#3231 = FILL_AREA_STYLE_COLOUR('',#3190);
#3232 = CURVE_STYLE('',#3233,POSITIVE_LENGTH_MEASURE(0.1),#3193);
#3233 = DRAUGHTING_PRE_DEFINED_CURVE_FONT('continuous');
#3234 = MECHANICAL_DESIGN_GEOMETRIC_PRESENTATION_REPRESENTATION('',(
    #3235),#2373);
#3235 = STYLED_ITEM('color',(#3236),#2335);
#3236 = PRESENTATION_STYLE_ASSIGNMENT((#3237,#3242));
#3237 = SURFACE_STYLE_USAGE(.BOTH.,#3238);
#3238 = SURFACE_SIDE_STYLE('',(#3239));
#3239 = SURFACE_STYLE_FILL_AREA(#3240);
#3240 = FILL_AREA_STYLE('',(#3241));
#3241 = FILL_AREA_STYLE_COLOUR('',#3190);
#3242 = CURVE_STYLE('',#3243,POSITIVE_LENGTH_MEASURE(0.1),#3193);
#3243 = DRAUGHTING_PRE_DEFINED_CURVE_FONT('continuous');
#3244 = MECHANICAL_DESIGN_GEOMETRIC_PRESENTATION_REPRESENTATION('',(
    #3245),#549);
#3245 = STYLED_ITEM('color',(#3246),#511);
#3246 = PRESENTATION_STYLE_ASSIGNMENT((#3247,#3252));
#3247 = SURFACE_STYLE_USAGE(.BOTH.,#3248);
#3248 = SURFACE_SIDE_STYLE('',(#3249));
#3249 = SURFACE_STYLE_FILL_AREA(#3250);
#3250 = FILL_AREA_STYLE('',(#3251));
#3251 = FILL_AREA_STYLE_COLOUR('',#3190);
#3252 = CURVE_STYLE('',#3253,POSITIVE_LENGTH_MEASURE(0.1),#3193);
#3253 = DRAUGHTING_PRE_DEFINED_CURVE_FONT('continuous');
#3254 = MECHANICAL_DESIGN_GEOMETRIC_PRESENTATION_REPRESENTATION('',(
    #3255),#2886);
#3255 = STYLED_ITEM('color',(#3256),#2848);
#3256 = PRESENTATION_STYLE_ASSIGNMENT((#3257,#3262));
#3257 = SURFACE_STYLE_USAGE(.BOTH.,#3258);
#3258 = SURFACE_SIDE_STYLE('',(#3259));
#3259 = SURFACE_STYLE_FILL_AREA(#3260);
#3260 = FILL_AREA_STYLE('',(#3261));
#3261 = FILL_AREA_STYLE_COLOUR('',#3190);
#3262 = CURVE_STYLE('',#3263,POSITIVE_LENGTH_MEASURE(0.1),#3193);
#3263 = DRAUGHTING_PRE_DEFINED_CURVE_FONT('continuous');
#3264 = MECHANICAL_DESIGN_GEOMETRIC_PRESENTATION_REPRESENTATION('',(
    #3265),#2145);
#3265 = STYLED_ITEM('color',(#3266),#2107);
#3266 = PRESENTATION_STYLE_ASSIGNMENT((#3267,#3272));
#3267 = SURFACE_STYLE_USAGE(.BOTH.,#3268);
#3268 = SURFACE_SIDE_STYLE('',(#3269));
#3269 = SURFACE_STYLE_FILL_AREA(#3270);
#3270 = FILL_AREA_STYLE('',(#3271));
#3271 = FILL_AREA_STYLE_COLOUR('',#3190);
#3272 = CURVE_STYLE('',#3273,POSITIVE_LENGTH_MEASURE(0.1),#3193);
#3273 = DRAUGHTING_PRE_DEFINED_CURVE_FONT('continuous');
#3274 = MECHANICAL_DESIGN_GEOMETRIC_PRESENTATION_REPRESENTATION('',(
    #3275),#1062);
#3275 = STYLED_ITEM('color',(#3276),#1024);
#3276 = PRESENTATION_STYLE_ASSIGNMENT((#3277,#3282));
#3277 = SURFACE_STYLE_USAGE(.BOTH.,#3278);
#3278 = SURFACE_SIDE_STYLE('',(#3279));
#3279 = SURFACE_STYLE_FILL_AREA(#3280);
#3280 = FILL_AREA_STYLE('',(#3281));
#3281 = FILL_AREA_STYLE_COLOUR('',#3190);
#3282 = CURVE_STYLE('',#3283,POSITIVE_LENGTH_MEASURE(0.1),#3193);
#3283 = DRAUGHTING_PRE_DEFINED_CURVE_FONT('continuous');
#3284 = MECHANICAL_DESIGN_GEOMETRIC_PRESENTATION_REPRESENTATION('',(
    #3285),#720);
#3285 = STYLED_ITEM('color',(#3286),#682);
#3286 = PRESENTATION_STYLE_ASSIGNMENT((#3287,#3292));
#3287 = SURFACE_STYLE_USAGE(.BOTH.,#3288);
#3288 = SURFACE_SIDE_STYLE('',(#3289));
#3289 = SURFACE_STYLE_FILL_AREA(#3290);
#3290 = FILL_AREA_STYLE('',(#3291));
#3291 = FILL_AREA_STYLE_COLOUR('',#3190);
#3292 = CURVE_STYLE('',#3293,POSITIVE_LENGTH_MEASURE(0.1),#3193);
#3293 = DRAUGHTING_PRE_DEFINED_CURVE_FONT('continuous');
#3294 = MECHANICAL_DESIGN_GEOMETRIC_PRESENTATION_REPRESENTATION('',(
    #3295),#1290);
#3295 = STYLED_ITEM('color',(#3296),#1252);
#3296 = PRESENTATION_STYLE_ASSIGNMENT((#3297,#3302));
#3297 = SURFACE_STYLE_USAGE(.BOTH.,#3298);
#3298 = SURFACE_SIDE_STYLE('',(#3299));
#3299 = SURFACE_STYLE_FILL_AREA(#3300);
#3300 = FILL_AREA_STYLE('',(#3301));
#3301 = FILL_AREA_STYLE_COLOUR('',#3190);
#3302 = CURVE_STYLE('',#3303,POSITIVE_LENGTH_MEASURE(0.1),#3193);
#3303 = DRAUGHTING_PRE_DEFINED_CURVE_FONT('continuous');
#3304 = MECHANICAL_DESIGN_GEOMETRIC_PRESENTATION_REPRESENTATION('',(
    #3305),#2658);
#3305 = STYLED_ITEM('color',(#3306),#2620);
#3306 = PRESENTATION_STYLE_ASSIGNMENT((#3307,#3312));
#3307 = SURFACE_STYLE_USAGE(.BOTH.,#3308);
#3308 = SURFACE_SIDE_STYLE('',(#3309));
#3309 = SURFACE_STYLE_FILL_AREA(#3310);
#3310 = FILL_AREA_STYLE('',(#3311));
#3311 = FILL_AREA_STYLE_COLOUR('',#3190);
#3312 = CURVE_STYLE('',#3313,POSITIVE_LENGTH_MEASURE(0.1),#3193);
#3313 = DRAUGHTING_PRE_DEFINED_CURVE_FONT('continuous');
#3314 = MECHANICAL_DESIGN_GEOMETRIC_PRESENTATION_REPRESENTATION('',(
    #3315),#2487);
#3315 = STYLED_ITEM('color',(#3316),#2449);
#3316 = PRESENTATION_STYLE_ASSIGNMENT((#3317,#3322));
#3317 = SURFACE_STYLE_USAGE(.BOTH.,#3318);
#3318 = SURFACE_SIDE_STYLE('',(#3319));
#3319 = SURFACE_STYLE_FILL_AREA(#3320);
#3320 = FILL_AREA_STYLE('',(#3321));
#3321 = FILL_AREA_STYLE_COLOUR('',#3190);
#3322 = CURVE_STYLE('',#3323,POSITIVE_LENGTH_MEASURE(0.1),#3193);
#3323 = DRAUGHTING_PRE_DEFINED_CURVE_FONT('continuous');
#3324 = MECHANICAL_DESIGN_GEOMETRIC_PRESENTATION_REPRESENTATION('',(
    #3325),#492);
#3325 = STYLED_ITEM('color',(#3326),#439);
#3326 = PRESENTATION_STYLE_ASSIGNMENT((#3327,#3333));
#3327 = SURFACE_STYLE_USAGE(.BOTH.,#3328);
#3328 = SURFACE_SIDE_STYLE('',(#3329));
#3329 = SURFACE_STYLE_FILL_AREA(#3330);
#3330 = FILL_AREA_STYLE('',(#3331));
#3331 = FILL_AREA_STYLE_COLOUR('',#3332);
#3332 = DRAUGHTING_PRE_DEFINED_COLOUR('white');
#3333 = CURVE_STYLE('',#3334,POSITIVE_LENGTH_MEASURE(0.1),#3193);
#3334 = DRAUGHTING_PRE_DEFINED_CURVE_FONT('continuous');
#3335 = MECHANICAL_DESIGN_GEOMETRIC_PRESENTATION_REPRESENTATION('',(
    #3336),#2259);
#3336 = STYLED_ITEM('color',(#3337),#2221);
#3337 = PRESENTATION_STYLE_ASSIGNMENT((#3338,#3343));
#3338 = SURFACE_STYLE_USAGE(.BOTH.,#3339);
#3339 = SURFACE_SIDE_STYLE('',(#3340));
#3340 = SURFACE_STYLE_FILL_AREA(#3341);
#3341 = FILL_AREA_STYLE('',(#3342));
#3342 = FILL_AREA_STYLE_COLOUR('',#3190);
#3343 = CURVE_STYLE('',#3344,POSITIVE_LENGTH_MEASURE(0.1),#3193);
#3344 = DRAUGHTING_PRE_DEFINED_CURVE_FONT('continuous');
#3345 = MECHANICAL_DESIGN_GEOMETRIC_PRESENTATION_REPRESENTATION('',(
    #3346),#2544);
#3346 = STYLED_ITEM('color',(#3347),#2506);
#3347 = PRESENTATION_STYLE_ASSIGNMENT((#3348,#3353));
#3348 = SURFACE_STYLE_USAGE(.BOTH.,#3349);
#3349 = SURFACE_SIDE_STYLE('',(#3350));
#3350 = SURFACE_STYLE_FILL_AREA(#3351);
#3351 = FILL_AREA_STYLE('',(#3352));
#3352 = FILL_AREA_STYLE_COLOUR('',#3190);
#3353 = CURVE_STYLE('',#3354,POSITIVE_LENGTH_MEASURE(0.1),#3193);
#3354 = DRAUGHTING_PRE_DEFINED_CURVE_FONT('continuous');
#3355 = MECHANICAL_DESIGN_GEOMETRIC_PRESENTATION_REPRESENTATION('',(
    #3356),#663);
#3356 = STYLED_ITEM('color',(#3357),#625);
#3357 = PRESENTATION_STYLE_ASSIGNMENT((#3358,#3363));
#3358 = SURFACE_STYLE_USAGE(.BOTH.,#3359);
#3359 = SURFACE_SIDE_STYLE('',(#3360));
#3360 = SURFACE_STYLE_FILL_AREA(#3361);
#3361 = FILL_AREA_STYLE('',(#3362));
#3362 = FILL_AREA_STYLE_COLOUR('',#3190);
#3363 = CURVE_STYLE('',#3364,POSITIVE_LENGTH_MEASURE(0.1),#3193);
#3364 = DRAUGHTING_PRE_DEFINED_CURVE_FONT('continuous');
#3365 = MECHANICAL_DESIGN_GEOMETRIC_PRESENTATION_REPRESENTATION('',(
    #3366),#3114);
#3366 = STYLED_ITEM('color',(#3367),#3076);
#3367 = PRESENTATION_STYLE_ASSIGNMENT((#3368,#3373));
#3368 = SURFACE_STYLE_USAGE(.BOTH.,#3369);
#3369 = SURFACE_SIDE_STYLE('',(#3370));
#3370 = SURFACE_STYLE_FILL_AREA(#3371);
#3371 = FILL_AREA_STYLE('',(#3372));
#3372 = FILL_AREA_STYLE_COLOUR('',#3190);
#3373 = CURVE_STYLE('',#3374,POSITIVE_LENGTH_MEASURE(0.1),#3193);
#3374 = DRAUGHTING_PRE_DEFINED_CURVE_FONT('continuous');
#3375 = MECHANICAL_DESIGN_GEOMETRIC_PRESENTATION_REPRESENTATION('',(
    #3376),#1461);
#3376 = STYLED_ITEM('color',(#3377),#1423);
#3377 = PRESENTATION_STYLE_ASSIGNMENT((#3378,#3383));
#3378 = SURFACE_STYLE_USAGE(.BOTH.,#3379);
#3379 = SURFACE_SIDE_STYLE('',(#3380));
#3380 = SURFACE_STYLE_FILL_AREA(#3381);
#3381 = FILL_AREA_STYLE('',(#3382));
#3382 = FILL_AREA_STYLE_COLOUR('',#3190);
#3383 = CURVE_STYLE('',#3384,POSITIVE_LENGTH_MEASURE(0.1),#3193);
#3384 = DRAUGHTING_PRE_DEFINED_CURVE_FONT('continuous');
#3385 = MECHANICAL_DESIGN_GEOMETRIC_PRESENTATION_REPRESENTATION('',(
    #3386),#3000);
#3386 = STYLED_ITEM('color',(#3387),#2962);
#3387 = PRESENTATION_STYLE_ASSIGNMENT((#3388,#3393));
#3388 = SURFACE_STYLE_USAGE(.BOTH.,#3389);
#3389 = SURFACE_SIDE_STYLE('',(#3390));
#3390 = SURFACE_STYLE_FILL_AREA(#3391);
#3391 = FILL_AREA_STYLE('',(#3392));
#3392 = FILL_AREA_STYLE_COLOUR('',#3190);
#3393 = CURVE_STYLE('',#3394,POSITIVE_LENGTH_MEASURE(0.1),#3193);
#3394 = DRAUGHTING_PRE_DEFINED_CURVE_FONT('continuous');
#3395 = MECHANICAL_DESIGN_GEOMETRIC_PRESENTATION_REPRESENTATION('',(
    #3396),#1233);
#3396 = STYLED_ITEM('color',(#3397),#1195);
#3397 = PRESENTATION_STYLE_ASSIGNMENT((#3398,#3403));
#3398 = SURFACE_STYLE_USAGE(.BOTH.,#3399);
#3399 = SURFACE_SIDE_STYLE('',(#3400));
#3400 = SURFACE_STYLE_FILL_AREA(#3401);
#3401 = FILL_AREA_STYLE('',(#3402));
#3402 = FILL_AREA_STYLE_COLOUR('',#3190);
#3403 = CURVE_STYLE('',#3404,POSITIVE_LENGTH_MEASURE(0.1),#3193);
#3404 = DRAUGHTING_PRE_DEFINED_CURVE_FONT('continuous');
#3405 = MECHANICAL_DESIGN_GEOMETRIC_PRESENTATION_REPRESENTATION('',(
    #3406),#3171);
#3406 = STYLED_ITEM('color',(#3407),#3133);
#3407 = PRESENTATION_STYLE_ASSIGNMENT((#3408,#3413));
#3408 = SURFACE_STYLE_USAGE(.BOTH.,#3409);
#3409 = SURFACE_SIDE_STYLE('',(#3410));
#3410 = SURFACE_STYLE_FILL_AREA(#3411);
#3411 = FILL_AREA_STYLE('',(#3412));
#3412 = FILL_AREA_STYLE_COLOUR('',#3190);
#3413 = CURVE_STYLE('',#3414,POSITIVE_LENGTH_MEASURE(0.1),#3193);
#3414 = DRAUGHTING_PRE_DEFINED_CURVE_FONT('continuous');
#3415 = MECHANICAL_DESIGN_GEOMETRIC_PRESENTATION_REPRESENTATION('',(
    #3416),#606);
#3416 = STYLED_ITEM('color',(#3417),#568);
#3417 = PRESENTATION_STYLE_ASSIGNMENT((#3418,#3423));
#3418 = SURFACE_STYLE_USAGE(.BOTH.,#3419);
#3419 = SURFACE_SIDE_STYLE('',(#3420));
#3420 = SURFACE_STYLE_FILL_AREA(#3421);
#3421 = FILL_AREA_STYLE('',(#3422));
#3422 = FILL_AREA_STYLE_COLOUR('',#3190);
#3423 = CURVE_STYLE('',#3424,POSITIVE_LENGTH_MEASURE(0.1),#3193);
#3424 = DRAUGHTING_PRE_DEFINED_CURVE_FONT('continuous');
#3425 = MECHANICAL_DESIGN_GEOMETRIC_PRESENTATION_REPRESENTATION('',(
    #3426),#1689);
#3426 = STYLED_ITEM('color',(#3427),#1651);
#3427 = PRESENTATION_STYLE_ASSIGNMENT((#3428,#3433));
#3428 = SURFACE_STYLE_USAGE(.BOTH.,#3429);
#3429 = SURFACE_SIDE_STYLE('',(#3430));
#3430 = SURFACE_STYLE_FILL_AREA(#3431);
#3431 = FILL_AREA_STYLE('',(#3432));
#3432 = FILL_AREA_STYLE_COLOUR('',#3190);
#3433 = CURVE_STYLE('',#3434,POSITIVE_LENGTH_MEASURE(0.1),#3193);
#3434 = DRAUGHTING_PRE_DEFINED_CURVE_FONT('continuous');
#3435 = MECHANICAL_DESIGN_GEOMETRIC_PRESENTATION_REPRESENTATION('',(
    #3436),#777);
#3436 = STYLED_ITEM('color',(#3437),#739);
#3437 = PRESENTATION_STYLE_ASSIGNMENT((#3438,#3443));
#3438 = SURFACE_STYLE_USAGE(.BOTH.,#3439);
#3439 = SURFACE_SIDE_STYLE('',(#3440));
#3440 = SURFACE_STYLE_FILL_AREA(#3441);
#3441 = FILL_AREA_STYLE('',(#3442));
#3442 = FILL_AREA_STYLE_COLOUR('',#3190);
#3443 = CURVE_STYLE('',#3444,POSITIVE_LENGTH_MEASURE(0.1),#3193);
#3444 = DRAUGHTING_PRE_DEFINED_CURVE_FONT('continuous');
#3445 = MECHANICAL_DESIGN_GEOMETRIC_PRESENTATION_REPRESENTATION('',(
    #3446),#1860);
#3446 = STYLED_ITEM('color',(#3447),#1822);
#3447 = PRESENTATION_STYLE_ASSIGNMENT((#3448,#3453));
#3448 = SURFACE_STYLE_USAGE(.BOTH.,#3449);
#3449 = SURFACE_SIDE_STYLE('',(#3450));
#3450 = SURFACE_STYLE_FILL_AREA(#3451);
#3451 = FILL_AREA_STYLE('',(#3452));
#3452 = FILL_AREA_STYLE_COLOUR('',#3190);
#3453 = CURVE_STYLE('',#3454,POSITIVE_LENGTH_MEASURE(0.1),#3193);
#3454 = DRAUGHTING_PRE_DEFINED_CURVE_FONT('continuous');
#3455 = MECHANICAL_DESIGN_GEOMETRIC_PRESENTATION_REPRESENTATION('',(
    #3456),#1632);
#3456 = STYLED_ITEM('color',(#3457),#1594);
#3457 = PRESENTATION_STYLE_ASSIGNMENT((#3458,#3463));
#3458 = SURFACE_STYLE_USAGE(.BOTH.,#3459);
#3459 = SURFACE_SIDE_STYLE('',(#3460));
#3460 = SURFACE_STYLE_FILL_AREA(#3461);
#3461 = FILL_AREA_STYLE('',(#3462));
#3462 = FILL_AREA_STYLE_COLOUR('',#3190);
#3463 = CURVE_STYLE('',#3464,POSITIVE_LENGTH_MEASURE(0.1),#3193);
#3464 = DRAUGHTING_PRE_DEFINED_CURVE_FONT('continuous');
#3465 = MECHANICAL_DESIGN_GEOMETRIC_PRESENTATION_REPRESENTATION('',(
    #3466),#2031);
#3466 = STYLED_ITEM('color',(#3467),#1993);
#3467 = PRESENTATION_STYLE_ASSIGNMENT((#3468,#3473));
#3468 = SURFACE_STYLE_USAGE(.BOTH.,#3469);
#3469 = SURFACE_SIDE_STYLE('',(#3470));
#3470 = SURFACE_STYLE_FILL_AREA(#3471);
#3471 = FILL_AREA_STYLE('',(#3472));
#3472 = FILL_AREA_STYLE_COLOUR('',#3190);
#3473 = CURVE_STYLE('',#3474,POSITIVE_LENGTH_MEASURE(0.1),#3193);
#3474 = DRAUGHTING_PRE_DEFINED_CURVE_FONT('continuous');
#3475 = MECHANICAL_DESIGN_GEOMETRIC_PRESENTATION_REPRESENTATION('',(
    #3476),#2316);
#3476 = STYLED_ITEM('color',(#3477),#2278);
#3477 = PRESENTATION_STYLE_ASSIGNMENT((#3478,#3483));
#3478 = SURFACE_STYLE_USAGE(.BOTH.,#3479);
#3479 = SURFACE_SIDE_STYLE('',(#3480));
#3480 = SURFACE_STYLE_FILL_AREA(#3481);
#3481 = FILL_AREA_STYLE('',(#3482));
#3482 = FILL_AREA_STYLE_COLOUR('',#3190);
#3483 = CURVE_STYLE('',#3484,POSITIVE_LENGTH_MEASURE(0.1),#3193);
#3484 = DRAUGHTING_PRE_DEFINED_CURVE_FONT('continuous');
#3485 = MECHANICAL_DESIGN_GEOMETRIC_PRESENTATION_REPRESENTATION('',(
    #3486),#1404);
#3486 = STYLED_ITEM('color',(#3487),#1366);
#3487 = PRESENTATION_STYLE_ASSIGNMENT((#3488,#3493));
#3488 = SURFACE_STYLE_USAGE(.BOTH.,#3489);
#3489 = SURFACE_SIDE_STYLE('',(#3490));
#3490 = SURFACE_STYLE_FILL_AREA(#3491);
#3491 = FILL_AREA_STYLE('',(#3492));
#3492 = FILL_AREA_STYLE_COLOUR('',#3190);
#3493 = CURVE_STYLE('',#3494,POSITIVE_LENGTH_MEASURE(0.1),#3193);
#3494 = DRAUGHTING_PRE_DEFINED_CURVE_FONT('continuous');
#3495 = MECHANICAL_DESIGN_GEOMETRIC_PRESENTATION_REPRESENTATION('',(
    #3496),#1746);
#3496 = STYLED_ITEM('color',(#3497),#1708);
#3497 = PRESENTATION_STYLE_ASSIGNMENT((#3498,#3503));
#3498 = SURFACE_STYLE_USAGE(.BOTH.,#3499);
#3499 = SURFACE_SIDE_STYLE('',(#3500));
#3500 = SURFACE_STYLE_FILL_AREA(#3501);
#3501 = FILL_AREA_STYLE('',(#3502));
#3502 = FILL_AREA_STYLE_COLOUR('',#3190);
#3503 = CURVE_STYLE('',#3504,POSITIVE_LENGTH_MEASURE(0.1),#3193);
#3504 = DRAUGHTING_PRE_DEFINED_CURVE_FONT('continuous');
#3505 = MECHANICAL_DESIGN_GEOMETRIC_PRESENTATION_REPRESENTATION('',(
    #3506),#2601);
#3506 = STYLED_ITEM('color',(#3507),#2563);
#3507 = PRESENTATION_STYLE_ASSIGNMENT((#3508,#3513));
#3508 = SURFACE_STYLE_USAGE(.BOTH.,#3509);
#3509 = SURFACE_SIDE_STYLE('',(#3510));
#3510 = SURFACE_STYLE_FILL_AREA(#3511);
#3511 = FILL_AREA_STYLE('',(#3512));
#3512 = FILL_AREA_STYLE_COLOUR('',#3190);
#3513 = CURVE_STYLE('',#3514,POSITIVE_LENGTH_MEASURE(0.1),#3193);
#3514 = DRAUGHTING_PRE_DEFINED_CURVE_FONT('continuous');
#3515 = MECHANICAL_DESIGN_GEOMETRIC_PRESENTATION_REPRESENTATION('',(
    #3516),#420);
#3516 = STYLED_ITEM('color',(#3517),#225);
#3517 = PRESENTATION_STYLE_ASSIGNMENT((#3518,#3524));
#3518 = SURFACE_STYLE_USAGE(.BOTH.,#3519);
#3519 = SURFACE_SIDE_STYLE('',(#3520));
#3520 = SURFACE_STYLE_FILL_AREA(#3521);
#3521 = FILL_AREA_STYLE('',(#3522));
#3522 = FILL_AREA_STYLE_COLOUR('',#3523);
#3523 = COLOUR_RGB('',0.250980406631,0.250980406631,0.250980406631);
#3524 = CURVE_STYLE('',#3525,POSITIVE_LENGTH_MEASURE(0.1),#3193);
#3525 = DRAUGHTING_PRE_DEFINED_CURVE_FONT('continuous');
#3526 = MECHANICAL_DESIGN_GEOMETRIC_PRESENTATION_REPRESENTATION('',(
    #3527),#2715);
#3527 = STYLED_ITEM('color',(#3528),#2677);
#3528 = PRESENTATION_STYLE_ASSIGNMENT((#3529,#3534));
#3529 = SURFACE_STYLE_USAGE(.BOTH.,#3530);
#3530 = SURFACE_SIDE_STYLE('',(#3531));
#3531 = SURFACE_STYLE_FILL_AREA(#3532);
#3532 = FILL_AREA_STYLE('',(#3533));
#3533 = FILL_AREA_STYLE_COLOUR('',#3190);
#3534 = CURVE_STYLE('',#3535,POSITIVE_LENGTH_MEASURE(0.1),#3193);
#3535 = DRAUGHTING_PRE_DEFINED_CURVE_FONT('continuous');
#3536 = MECHANICAL_DESIGN_GEOMETRIC_PRESENTATION_REPRESENTATION('',(
    #3537),#2088);
#3537 = STYLED_ITEM('color',(#3538),#2050);
#3538 = PRESENTATION_STYLE_ASSIGNMENT((#3539,#3544));
#3539 = SURFACE_STYLE_USAGE(.BOTH.,#3540);
#3540 = SURFACE_SIDE_STYLE('',(#3541));
#3541 = SURFACE_STYLE_FILL_AREA(#3542);
#3542 = FILL_AREA_STYLE('',(#3543));
#3543 = FILL_AREA_STYLE_COLOUR('',#3190);
#3544 = CURVE_STYLE('',#3545,POSITIVE_LENGTH_MEASURE(0.1),#3193);
#3545 = DRAUGHTING_PRE_DEFINED_CURVE_FONT('continuous');
#3546 = MECHANICAL_DESIGN_GEOMETRIC_PRESENTATION_REPRESENTATION('',(
    #3547),#2202);
#3547 = STYLED_ITEM('color',(#3548),#2164);
#3548 = PRESENTATION_STYLE_ASSIGNMENT((#3549,#3554));
#3549 = SURFACE_STYLE_USAGE(.BOTH.,#3550);
#3550 = SURFACE_SIDE_STYLE('',(#3551));
#3551 = SURFACE_STYLE_FILL_AREA(#3552);
#3552 = FILL_AREA_STYLE('',(#3553));
#3553 = FILL_AREA_STYLE_COLOUR('',#3190);
#3554 = CURVE_STYLE('',#3555,POSITIVE_LENGTH_MEASURE(0.1),#3193);
#3555 = DRAUGHTING_PRE_DEFINED_CURVE_FONT('continuous');
#3556 = MECHANICAL_DESIGN_GEOMETRIC_PRESENTATION_REPRESENTATION('',(
    #3557),#1518);
#3557 = STYLED_ITEM('color',(#3558),#1480);
#3558 = PRESENTATION_STYLE_ASSIGNMENT((#3559,#3564));
#3559 = SURFACE_STYLE_USAGE(.BOTH.,#3560);
#3560 = SURFACE_SIDE_STYLE('',(#3561));
#3561 = SURFACE_STYLE_FILL_AREA(#3562);
#3562 = FILL_AREA_STYLE('',(#3563));
#3563 = FILL_AREA_STYLE_COLOUR('',#3190);
#3564 = CURVE_STYLE('',#3565,POSITIVE_LENGTH_MEASURE(0.1),#3193);
#3565 = DRAUGHTING_PRE_DEFINED_CURVE_FONT('continuous');
#3566 = MECHANICAL_DESIGN_GEOMETRIC_PRESENTATION_REPRESENTATION('',(
    #3567),#2829);
#3567 = STYLED_ITEM('color',(#3568),#2791);
#3568 = PRESENTATION_STYLE_ASSIGNMENT((#3569,#3574));
#3569 = SURFACE_STYLE_USAGE(.BOTH.,#3570);
#3570 = SURFACE_SIDE_STYLE('',(#3571));
#3571 = SURFACE_STYLE_FILL_AREA(#3572);
#3572 = FILL_AREA_STYLE('',(#3573));
#3573 = FILL_AREA_STYLE_COLOUR('',#3190);
#3574 = CURVE_STYLE('',#3575,POSITIVE_LENGTH_MEASURE(0.1),#3193);
#3575 = DRAUGHTING_PRE_DEFINED_CURVE_FONT('continuous');
#3576 = MECHANICAL_DESIGN_GEOMETRIC_PRESENTATION_REPRESENTATION('',(
    #3577),#1575);
#3577 = STYLED_ITEM('color',(#3578),#1537);
#3578 = PRESENTATION_STYLE_ASSIGNMENT((#3579,#3584));
#3579 = SURFACE_STYLE_USAGE(.BOTH.,#3580);
#3580 = SURFACE_SIDE_STYLE('',(#3581));
#3581 = SURFACE_STYLE_FILL_AREA(#3582);
#3582 = FILL_AREA_STYLE('',(#3583));
#3583 = FILL_AREA_STYLE_COLOUR('',#3190);
#3584 = CURVE_STYLE('',#3585,POSITIVE_LENGTH_MEASURE(0.1),#3193);
#3585 = DRAUGHTING_PRE_DEFINED_CURVE_FONT('continuous');
#3586 = MECHANICAL_DESIGN_GEOMETRIC_PRESENTATION_REPRESENTATION('',(
    #3587),#1005);
#3587 = STYLED_ITEM('color',(#3588),#967);
#3588 = PRESENTATION_STYLE_ASSIGNMENT((#3589,#3594));
#3589 = SURFACE_STYLE_USAGE(.BOTH.,#3590);
#3590 = SURFACE_SIDE_STYLE('',(#3591));
#3591 = SURFACE_STYLE_FILL_AREA(#3592);
#3592 = FILL_AREA_STYLE('',(#3593));
#3593 = FILL_AREA_STYLE_COLOUR('',#3190);
#3594 = CURVE_STYLE('',#3595,POSITIVE_LENGTH_MEASURE(0.1),#3193);
#3595 = DRAUGHTING_PRE_DEFINED_CURVE_FONT('continuous');
#3596 = MECHANICAL_DESIGN_GEOMETRIC_PRESENTATION_REPRESENTATION('',(
    #3597),#2772);
#3597 = STYLED_ITEM('color',(#3598),#2734);
#3598 = PRESENTATION_STYLE_ASSIGNMENT((#3599,#3604));
#3599 = SURFACE_STYLE_USAGE(.BOTH.,#3600);
#3600 = SURFACE_SIDE_STYLE('',(#3601));
#3601 = SURFACE_STYLE_FILL_AREA(#3602);
#3602 = FILL_AREA_STYLE('',(#3603));
#3603 = FILL_AREA_STYLE_COLOUR('',#3190);
#3604 = CURVE_STYLE('',#3605,POSITIVE_LENGTH_MEASURE(0.1),#3193);
#3605 = DRAUGHTING_PRE_DEFINED_CURVE_FONT('continuous');
#3606 = MECHANICAL_DESIGN_GEOMETRIC_PRESENTATION_REPRESENTATION('',(
    #3607),#891);
#3607 = STYLED_ITEM('color',(#3608),#853);
#3608 = PRESENTATION_STYLE_ASSIGNMENT((#3609,#3614));
#3609 = SURFACE_STYLE_USAGE(.BOTH.,#3610);
#3610 = SURFACE_SIDE_STYLE('',(#3611));
#3611 = SURFACE_STYLE_FILL_AREA(#3612);
#3612 = FILL_AREA_STYLE('',(#3613));
#3613 = FILL_AREA_STYLE_COLOUR('',#3190);
#3614 = CURVE_STYLE('',#3615,POSITIVE_LENGTH_MEASURE(0.1),#3193);
#3615 = DRAUGHTING_PRE_DEFINED_CURVE_FONT('continuous');
#3616 = MECHANICAL_DESIGN_GEOMETRIC_PRESENTATION_REPRESENTATION('',(
    #3617),#1176);
#3617 = STYLED_ITEM('color',(#3618),#1138);
#3618 = PRESENTATION_STYLE_ASSIGNMENT((#3619,#3624));
#3619 = SURFACE_STYLE_USAGE(.BOTH.,#3620);
#3620 = SURFACE_SIDE_STYLE('',(#3621));
#3621 = SURFACE_STYLE_FILL_AREA(#3622);
#3622 = FILL_AREA_STYLE('',(#3623));
#3623 = FILL_AREA_STYLE_COLOUR('',#3190);
#3624 = CURVE_STYLE('',#3625,POSITIVE_LENGTH_MEASURE(0.1),#3193);
#3625 = DRAUGHTING_PRE_DEFINED_CURVE_FONT('continuous');
#3626 = MECHANICAL_DESIGN_GEOMETRIC_PRESENTATION_REPRESENTATION('',(
    #3627),#1917);
#3627 = STYLED_ITEM('color',(#3628),#1879);
#3628 = PRESENTATION_STYLE_ASSIGNMENT((#3629,#3634));
#3629 = SURFACE_STYLE_USAGE(.BOTH.,#3630);
#3630 = SURFACE_SIDE_STYLE('',(#3631));
#3631 = SURFACE_STYLE_FILL_AREA(#3632);
#3632 = FILL_AREA_STYLE('',(#3633));
#3633 = FILL_AREA_STYLE_COLOUR('',#3190);
#3634 = CURVE_STYLE('',#3635,POSITIVE_LENGTH_MEASURE(0.1),#3193);
#3635 = DRAUGHTING_PRE_DEFINED_CURVE_FONT('continuous');
#3636 = MECHANICAL_DESIGN_GEOMETRIC_PRESENTATION_REPRESENTATION('',(
    #3637),#1119);
#3637 = STYLED_ITEM('color',(#3638),#1081);
#3638 = PRESENTATION_STYLE_ASSIGNMENT((#3639,#3644));
#3639 = SURFACE_STYLE_USAGE(.BOTH.,#3640);
#3640 = SURFACE_SIDE_STYLE('',(#3641));
#3641 = SURFACE_STYLE_FILL_AREA(#3642);
#3642 = FILL_AREA_STYLE('',(#3643));
#3643 = FILL_AREA_STYLE_COLOUR('',#3190);
#3644 = CURVE_STYLE('',#3645,POSITIVE_LENGTH_MEASURE(0.1),#3193);
#3645 = DRAUGHTING_PRE_DEFINED_CURVE_FONT('continuous');
#3646 = MECHANICAL_DESIGN_GEOMETRIC_PRESENTATION_REPRESENTATION('',(
    #3647),#1974);
#3647 = STYLED_ITEM('color',(#3648),#1936);
#3648 = PRESENTATION_STYLE_ASSIGNMENT((#3649,#3654));
#3649 = SURFACE_STYLE_USAGE(.BOTH.,#3650);
#3650 = SURFACE_SIDE_STYLE('',(#3651));
#3651 = SURFACE_STYLE_FILL_AREA(#3652);
#3652 = FILL_AREA_STYLE('',(#3653));
#3653 = FILL_AREA_STYLE_COLOUR('',#3190);
#3654 = CURVE_STYLE('',#3655,POSITIVE_LENGTH_MEASURE(0.1),#3193);
#3655 = DRAUGHTING_PRE_DEFINED_CURVE_FONT('continuous');
#3656 = MECHANICAL_DESIGN_GEOMETRIC_PRESENTATION_REPRESENTATION('',(
    #3657),#3057);
#3657 = STYLED_ITEM('color',(#3658),#3019);
#3658 = PRESENTATION_STYLE_ASSIGNMENT((#3659,#3664));
#3659 = SURFACE_STYLE_USAGE(.BOTH.,#3660);
#3660 = SURFACE_SIDE_STYLE('',(#3661));
#3661 = SURFACE_STYLE_FILL_AREA(#3662);
#3662 = FILL_AREA_STYLE('',(#3663));
#3663 = FILL_AREA_STYLE_COLOUR('',#3190);
#3664 = CURVE_STYLE('',#3665,POSITIVE_LENGTH_MEASURE(0.1),#3193);
#3665 = DRAUGHTING_PRE_DEFINED_CURVE_FONT('continuous');
#3666 = MECHANICAL_DESIGN_GEOMETRIC_PRESENTATION_REPRESENTATION('',(
    #3667),#948);
#3667 = STYLED_ITEM('color',(#3668),#910);
#3668 = PRESENTATION_STYLE_ASSIGNMENT((#3669,#3674));
#3669 = SURFACE_STYLE_USAGE(.BOTH.,#3670);
#3670 = SURFACE_SIDE_STYLE('',(#3671));
#3671 = SURFACE_STYLE_FILL_AREA(#3672);
#3672 = FILL_AREA_STYLE('',(#3673));
#3673 = FILL_AREA_STYLE_COLOUR('',#3190);
#3674 = CURVE_STYLE('',#3675,POSITIVE_LENGTH_MEASURE(0.1),#3193);
#3675 = DRAUGHTING_PRE_DEFINED_CURVE_FONT('continuous');
ENDSEC;
END-ISO-10303-21;
